transaction_id,account_id,transaction_date,transaction_type,amount,channel,description,balance_after,status,transaction_time_text
TXN00000654,ACC0000006,13-Nov-24,Interest,13742.39,Online,Investment,17482.25,Completed,14:40:00
TXN00000305,ACC0000007,08-Oct-22,Interest,10134.71,Online,Investment,11165.25,Completed,09:41:00
TXN00000161,ACC0000010,23-Nov-23,Interest,7521.9,Online,Investment,26857.49,Completed,22:02:00
TXN00002980,ACC0000017,15-Oct-23,Interest,5752.44,Online,Investment,45059.48,Completed,17:12:00
TXN00001128,ACC0000027,15-Nov-24,Interest,13391.29,Online,Investment,24176.89,Completed,09:21:00
TXN00002168,ACC0000031,09-Mar-23,Interest,12100.03,Online,Investment,24176.25,Completed,13:20:00
TXN00000320,ACC0000032,24-Sep-24,Interest,5177.79,Online,Investment,84471.35,Completed,14:11:00
TXN00001153,ACC0000036,22-Jun-22,Interest,2203.16,Online,Investment,8286.45,Completed,20:47:00
TXN00004864,ACC0000036,20-Jul-24,Interest,4792.72,Online,Investment,4794.42,Completed,08:57:00
TXN00000450,ACC0000040,04-Nov-22,Interest,3975.65,Online,Investment,32635.3,Completed,11:39:00
TXN00003965,ACC0000043,05-Aug-23,Interest,1951.38,Online,Investment,28609.32,Completed,08:19:00
TXN00004551,ACC0000043,05-May-24,Interest,2047.38,Online,Investment,30656.7,Completed,12:51:00
TXN00002521,ACC0000044,20-Feb-22,Interest,10447.6,Online,Investment,36748.43,Completed,10:58:00
TXN00000931,ACC0000045,28-Aug-22,Interest,14628.43,Online,Investment,50721.25,Completed,11:41:00
TXN00000602,ACC0000046,01-May-24,Interest,11136.76,Online,Investment,39099.69,Completed,10:30:00
TXN00004149,ACC0000048,06-Mar-24,Interest,13261.08,Online,Investment,13722.65,Completed,19:16:00
TXN00002856,ACC0000049,10-Aug-24,Interest,454.76,Online,Investment,12361.86,Completed,17:35:00
TXN00001446,ACC0000051,22-Mar-23,Interest,13162.87,Online,Investment,22074.69,Completed,22:01:00
TXN00002911,ACC0000057,08-Jan-22,Interest,4958.53,Online,Investment,8696.47,Completed,09:48:00
TXN00000143,ACC0000063,21-Jul-22,Interest,7670.78,Online,Investment,23825.81,Completed,19:56:00
TXN00003951,ACC0000065,18-Jun-23,Interest,5362.96,Online,Investment,5551.69,Completed,19:19:00
TXN00001545,ACC0000074,05-Feb-22,Interest,7070.46,Online,Investment,61830.49,Completed,16:17:00
TXN00003493,ACC0000080,01-Feb-22,Interest,4100.75,Online,Investment,8044.1,Completed,18:37:00
TXN00004855,ACC0000088,26-Apr-23,Interest,11205.65,Online,Investment,16045.52,Completed,09:27:00
TXN00001595,ACC0000093,21-Jun-23,Interest,10902.88,Online,Investment,60592.11,Completed,18:19:00
TXN00000731,ACC0000100,21-Aug-22,Interest,3195.83,Online,Investment,8214.23,Completed,22:47:00
TXN00002603,ACC0000105,12-May-22,Interest,8924.6,Online,Investment,50382.61,Completed,13:37:00
TXN00003788,ACC0000108,04-Oct-22,Interest,5934.86,Online,Investment,10764.07,Completed,19:19:00
TXN00000390,ACC0000112,10-Jun-23,Interest,4183.9,Online,Investment,24791.53,Completed,20:49:00
TXN00001439,ACC0000123,07-Jan-22,Interest,14656.22,Online,Investment,62622.28,Completed,21:19:00
TXN00002648,ACC0000124,27-May-23,Interest,12360.16,Online,Investment,30513.18,Completed,22:31:00
TXN00000247,ACC0000125,02-Mar-24,Interest,1391.89,Online,Investment,24711.62,Completed,13:09:00
TXN00002846,ACC0000126,28-Aug-23,Interest,5244.06,Online,Investment,58479.99,Completed,16:14:00
TXN00002227,ACC0000132,02-Apr-22,Interest,5034.64,Online,Investment,8099.46,Completed,16:03:00
TXN00004558,ACC0000132,22-Jun-22,Interest,10404.11,Online,Investment,18503.57,Completed,12:14:00
TXN00002913,ACC0000136,14-Apr-22,Interest,6041.06,Online,Investment,6041.06,Completed,12:27:00
TXN00002667,ACC0000136,24-Oct-22,Interest,11508.51,Online,Investment,17549.57,Completed,11:35:00
TXN00002902,ACC0000144,15-Dec-24,Interest,6635.71,Online,Investment,19347.26,Completed,14:41:00
TXN00002059,ACC0000152,18-Mar-24,Interest,954.39,Online,Investment,76603.07,Completed,16:12:00
TXN00004183,ACC0000155,05-Jan-23,Interest,6675.77,Online,Investment,63749.55,Completed,12:54:00
TXN00001344,ACC0000159,20-Dec-22,Interest,12412.55,Online,Investment,34712.55,Completed,12:14:00
TXN00000329,ACC0000160,18-May-21,Interest,14230.83,Online,Investment,67402.04,Completed,10:40:00
TXN00001837,ACC0000165,16-Apr-22,Interest,5425.67,Online,Investment,34471.08,Completed,17:08:00
TXN00002480,ACC0000171,15-Jul-24,Interest,12260.52,Online,Investment,13839.58,Completed,12:30:00
TXN00003081,ACC0000185,19-Sep-22,Interest,12327.04,Online,Investment,67327.75,Completed,13:59:00
TXN00002324,ACC0000193,04-Sep-23,Interest,5420.4,Online,Investment,48840.59,Completed,16:26:00
TXN00000363,ACC0000197,25-Nov-22,Interest,2140.6,Online,Investment,45107.44,Completed,21:28:00
TXN00002221,ACC0000197,02-May-23,Interest,5443.25,Online,Investment,50550.69,Completed,17:41:00
TXN00000169,ACC0000204,24-Jul-24,Interest,5387.52,Online,Investment,59974.4,Completed,11:12:00
TXN00001104,ACC0000212,31-Mar-24,Interest,2244.93,Online,Investment,57333.51,Completed,12:46:00
TXN00003074,ACC0000217,11-Nov-24,Interest,12171.9,Online,Investment,22380.37,Completed,22:29:00
TXN00002869,ACC0000219,30-Dec-23,Interest,8488.45,Online,Investment,48475.25,Completed,08:10:00
TXN00003169,ACC0000220,28-May-24,Interest,8645.18,Online,Investment,73127.81,Completed,08:29:00
TXN00002606,ACC0000221,23-Jul-24,Interest,944.58,Online,Investment,13746.85,Completed,16:05:00
TXN00002309,ACC0000229,07-Jun-22,Interest,5766.23,Online,Investment,20430.9,Completed,12:19:00
TXN00003129,ACC0000230,11-Apr-23,Interest,5220.62,Online,Investment,66558.87,Completed,12:13:00
TXN00000556,ACC0000230,15-Oct-23,Interest,12408.53,Online,Investment,78967.4,Completed,18:22:00
TXN00004447,ACC0000232,09-Jan-23,Interest,8118.19,Online,Investment,11057.48,Completed,09:06:00
TXN00000715,ACC0000235,15-Feb-23,Interest,9476.84,Online,Investment,36585.66,Completed,16:29:00
TXN00002447,ACC0000243,15-May-24,Interest,520.37,Online,Investment,8922.47,Completed,12:33:00
TXN00000877,ACC0000246,11-Sep-24,Interest,5390.5,Online,Investment,7382.09,Completed,18:55:00
TXN00003616,ACC0000250,02-Jul-24,Interest,10268.66,Online,Investment,14616.98,Completed,12:49:00
TXN00002740,ACC0000256,18-Jan-23,Interest,7157.31,Online,Investment,40030.69,Completed,11:33:00
TXN00004444,ACC0000256,28-Jun-23,Interest,3077.58,Online,Investment,43108.27,Completed,20:11:00
TXN00002299,ACC0000258,28-Dec-22,Interest,8772.55,Online,Investment,24407.3,Completed,11:27:00
TXN00000925,ACC0000259,14-Sep-24,Interest,7352.37,Online,Investment,24730.95,Completed,10:25:00
TXN00004386,ACC0000266,14-Dec-24,Interest,6976.61,Online,Investment,50805.99,Completed,10:32:00
TXN00004802,ACC0000268,01-Mar-24,Interest,1415.27,Online,Investment,45889.69,Completed,11:21:00
TXN00002001,ACC0000281,12-Jun-19,Interest,12755.85,Online,Investment,19549.83,Completed,22:58:00
TXN00002181,ACC0000303,03-Nov-24,Interest,767.68,Online,Investment,10027.03,Completed,20:12:00
TXN00002539,ACC0000324,08-Nov-22,Interest,10558.3,Online,Investment,13726.86,Completed,14:34:00
TXN00003010,ACC0000327,08-Jul-23,Interest,3671.12,Online,Investment,7402.38,Completed,22:20:00
TXN00004728,ACC0000337,08-May-24,Interest,3349.96,Online,Investment,43154.22,Completed,18:21:00
TXN00001115,ACC0000345,30-May-23,Interest,11880.42,Online,Investment,84873.7,Completed,10:21:00
TXN00000089,ACC0000347,27-Oct-23,Interest,14695.09,Online,Investment,22883.61,Completed,11:29:00
TXN00003096,ACC0000348,31-Jul-23,Interest,1661.53,Online,Investment,8105.61,Completed,18:36:00
TXN00004493,ACC0000353,14-Mar-23,Interest,4723.75,Online,Investment,31223.37,Completed,13:52:00
TXN00001154,ACC0000356,04-Aug-22,Interest,10794.34,Online,Investment,13174.06,Completed,11:43:00
TXN00004929,ACC0000357,26-Oct-22,Interest,8834.51,Online,Investment,38058.53,Completed,16:32:00
TXN00004905,ACC0000358,02-Dec-22,Interest,13618.57,Online,Investment,27971.85,Completed,18:55:00
TXN00001341,ACC0000361,15-Apr-23,Interest,1632.11,Online,Investment,2223.62,Completed,09:16:00
TXN00003107,ACC0000362,14-Mar-23,Interest,9130.91,Online,Investment,13114.57,Completed,17:50:00
TXN00004968,ACC0000364,19-Jun-24,Interest,7443.28,Online,Investment,41758.58,Completed,09:34:00
TXN00003887,ACC0000366,15-Jul-23,Interest,2966.23,Online,Investment,37701.52,Completed,09:30:00
TXN00002416,ACC0000373,22-Jul-22,Interest,4289.96,Online,Investment,48698.39,Completed,19:40:00
TXN00000697,ACC0000385,05-Oct-22,Interest,4628.9,Online,Investment,32756.29,Completed,11:13:00
TXN00002248,ACC0000387,29-Feb-24,Interest,14518.2,Online,Investment,89093.95,Completed,16:05:00
TXN00000798,ACC0000390,10-Jan-24,Interest,10360.55,Online,Investment,38993.45,Completed,15:58:00
TXN00000863,ACC0000391,29-Jan-22,Interest,7593.34,Online,Investment,14994.28,Completed,08:43:00
TXN00003457,ACC0000391,25-Feb-22,Interest,3194.08,Online,Investment,18188.36,Completed,21:23:00
TXN00003395,ACC0000396,13-Aug-24,Interest,14024.19,Online,Investment,47276.72,Completed,18:03:00
TXN00001230,ACC0000398,17-Dec-22,Interest,12725.14,Online,Investment,52807.23,Completed,22:53:00
TXN00001265,ACC0000400,22-Oct-24,Interest,5303.37,Online,Investment,20961.34,Completed,12:43:00
TXN00004835,ACC0000404,10-Nov-24,Interest,13387.33,Online,Investment,47118.63,Completed,09:18:00
TXN00004916,ACC0000407,26-Jun-23,Interest,14248.89,Online,Investment,14942.66,Completed,12:39:00
TXN00002474,ACC0000410,31-Oct-23,Interest,3011.71,Online,Investment,45082.79,Completed,15:25:00
TXN00003006,ACC0000411,08-Apr-23,Interest,7613.54,Online,Investment,8802.52,Completed,20:42:00
TXN00001756,ACC0000412,28-Apr-24,Interest,1472.26,Online,Investment,24197.32,Completed,09:05:00
TXN00000015,ACC0000416,06-Jan-22,Interest,4938.5,Online,Investment,6773.9,Completed,17:35:00
TXN00002742,ACC0000422,13-Jul-23,Interest,9606.87,Online,Investment,44965,Completed,10:24:00
TXN00000516,ACC0000422,28-Nov-24,Interest,7505.64,Online,Investment,50592.9,Completed,11:09:00
TXN00000560,ACC0000426,17-Mar-22,Interest,134.21,Online,Investment,17331.81,Completed,22:45:00
TXN00001033,ACC0000435,08-Aug-22,Interest,3860.84,Online,Investment,18296.31,Completed,12:23:00
TXN00001088,ACC0000451,06-Oct-22,Interest,11805.41,Online,Investment,18197.82,Completed,09:32:00
TXN00000778,ACC0000463,09-Mar-24,Interest,10119.58,Online,Investment,10127.84,Completed,21:26:00
TXN00002614,ACC0000467,24-Jul-20,Interest,5634.28,Online,Investment,12428.04,Completed,17:24:00
TXN00004687,ACC0000467,17-Jun-22,Interest,4651.41,Online,Investment,17079.45,Completed,14:04:00
TXN00000063,ACC0000469,05-Mar-23,Interest,9079.5,Online,Investment,10987.29,Completed,10:09:00
TXN00002634,ACC0000472,07-Mar-22,Interest,14199.55,Online,Investment,25844.35,Completed,16:06:00
TXN00004692,ACC0000472,06-Jul-24,Interest,8520.26,Online,Investment,37573.54,Completed,22:30:00
TXN00001388,ACC0000491,03-Nov-21,Interest,5293.02,Online,Investment,55214.5,Completed,10:41:00
TXN00004153,ACC0000492,30-Jan-22,Interest,10767.18,Online,Investment,32800.57,Completed,17:51:00
TXN00003309,ACC0000493,11-Mar-22,Interest,3381.66,Online,Investment,67375.82,Completed,21:26:00
TXN00001056,ACC0000503,21-Aug-23,Interest,11075.39,Online,Investment,41091.36,Completed,22:45:00
TXN00000857,ACC0000506,10-Jul-22,Interest,10033.47,Online,Investment,58930.25,Completed,14:01:00
TXN00000622,ACC0000508,27-Oct-23,Interest,8767.15,Online,Investment,20430.99,Completed,14:25:00
TXN00002453,ACC0000509,25-Apr-24,Interest,10510.36,Online,Investment,42558.75,Completed,08:21:00
TXN00000797,ACC0000514,06-Jul-22,Interest,6366.84,Online,Investment,12214.51,Completed,18:12:00
TXN00001504,ACC0000517,18-Dec-24,Interest,5282.13,Online,Investment,47086.72,Completed,08:42:00
TXN00002006,ACC0000524,18-Nov-23,Interest,5336.51,Online,Investment,30151.48,Completed,21:12:00
TXN00002730,ACC0000524,11-Dec-24,Interest,5043.24,Online,Investment,35194.72,Completed,09:05:00
TXN00001493,ACC0000525,27-Mar-24,Interest,12391.18,Online,Investment,26790.02,Completed,14:50:00
TXN00003253,ACC0000530,31-Dec-22,Interest,13333.44,Online,Investment,24538.15,Completed,20:12:00
TXN00003326,ACC0000532,18-Dec-21,Interest,2572.1,Online,Investment,71918.52,Completed,12:51:00
TXN00003172,ACC0000532,08-Apr-22,Interest,8028.28,Online,Investment,79946.8,Completed,20:25:00
TXN00003059,ACC0000540,01-Aug-23,Interest,8802.66,Online,Investment,9938.74,Completed,10:36:00
TXN00002426,ACC0000541,30-Nov-22,Interest,3368.84,Online,Investment,19223.92,Completed,12:15:00
TXN00002953,ACC0000542,09-Aug-23,Interest,10909.1,Online,Investment,28611.42,Completed,13:57:00
TXN00003426,ACC0000547,04-Nov-22,Interest,272.07,Online,Investment,57810.21,Completed,20:03:00
TXN00003768,ACC0000547,08-Jun-23,Interest,12621.05,Online,Investment,66450.07,Completed,13:12:00
TXN00002720,ACC0000556,30-Mar-24,Interest,7209.5,Online,Investment,29435.84,Completed,15:44:00
TXN00004345,ACC0000565,22-Oct-24,Interest,3714.01,Online,Investment,18976.83,Completed,19:29:00
TXN00004040,ACC0000576,16-Feb-23,Interest,11502.66,Online,Investment,32169.37,Completed,16:50:00
TXN00004071,ACC0000581,17-Mar-23,Interest,4094.7,Online,Investment,18941.87,Completed,09:17:00
TXN00003144,ACC0000582,23-Sep-22,Interest,4474.05,Online,Investment,13186.07,Completed,14:30:00
TXN00000092,ACC0000583,22-Jun-23,Interest,11224.9,Online,Investment,13018.98,Completed,17:43:00
TXN00001923,ACC0000590,09-Jun-24,Interest,9020.95,Online,Investment,9131.5,Completed,14:20:00
TXN00004225,ACC0000613,24-Aug-22,Interest,9287.56,Online,Investment,40854.94,Completed,19:35:00
TXN00004044,ACC0000615,05-Dec-22,Interest,8017.14,Online,Investment,57072.15,Completed,20:48:00
TXN00000283,ACC0000616,31-Oct-24,Interest,6132.41,Online,Investment,15233.28,Completed,20:47:00
TXN00000583,ACC0000618,04-Mar-24,Interest,1816.14,Online,Investment,59135.65,Completed,16:55:00
TXN00003593,ACC0000620,05-Apr-22,Interest,12621.81,Online,Investment,42399.03,Completed,21:54:00
TXN00002355,ACC0000623,14-Dec-24,Interest,10642.64,Online,Investment,17409.29,Completed,14:34:00
TXN00001328,ACC0000625,06-Mar-24,Interest,3199.81,Online,Investment,13097.34,Completed,09:11:00
TXN00001322,ACC0000627,05-Sep-24,Interest,513.27,Online,Investment,959.73,Completed,10:27:00
TXN00004314,ACC0000627,21-Dec-24,Interest,14718.21,Online,Investment,15677.94,Completed,14:06:00
TXN00004379,ACC0000630,18-Oct-22,Interest,12252.8,Online,Investment,12548.51,Completed,16:57:00
TXN00000258,ACC0000637,14-Mar-24,Interest,3442.08,Online,Investment,56520.18,Completed,09:02:00
TXN00000315,ACC0000640,31-Dec-22,Interest,7713.07,Online,Investment,73445.04,Completed,18:43:00
TXN00001613,ACC0000643,28-Jul-24,Interest,13359.32,Online,Investment,27810.32,Completed,20:42:00
TXN00002904,ACC0000659,03-Sep-23,Interest,7726.69,Online,Investment,56612.78,Completed,22:38:00
TXN00002664,ACC0000663,10-Aug-24,Interest,14518.14,Online,Investment,15990.94,Completed,17:17:00
TXN00001203,ACC0000666,23-Jan-22,Interest,5600.62,Online,Investment,64860,Completed,17:04:00
TXN00004208,ACC0000672,31-Jan-23,Interest,115.41,Online,Investment,42251.05,Completed,12:07:00
TXN00001060,ACC0000672,30-Aug-24,Interest,5604.84,Online,Investment,34560.51,Completed,14:02:00
TXN00004634,ACC0000677,24-Sep-23,Interest,1628.16,Online,Investment,2338.97,Completed,17:25:00
TXN00000345,ACC0000685,04-Feb-24,Interest,11194.63,Online,Investment,46066.45,Completed,13:55:00
TXN00002812,ACC0000688,29-Sep-22,Interest,7233.14,Online,Investment,41830.1,Completed,10:19:00
TXN00003848,ACC0000698,25-Oct-24,Interest,4832.7,Online,Investment,5014.98,Completed,21:55:00
TXN00002966,ACC0000002,06-Aug-24,Interest,310.71,Online,Investment,39012.16,Pending,10:25:00
TXN00003235,ACC0000003,01-Dec-22,Interest,10057.42,Online,Investment,37566.66,Pending,10:17:00
TXN00001679,ACC0000014,25-Jan-24,Interest,12748.46,Online,Investment,18662.13,Pending,14:57:00
TXN00002689,ACC0000016,02-Aug-23,Interest,3106.98,Online,Investment,57562.78,Pending,16:03:00
TXN00001635,ACC0000024,22-Nov-23,Interest,2684.87,Online,Investment,3314.05,Pending,20:02:00
TXN00001138,ACC0000025,06-Aug-22,Interest,10522.58,Online,Investment,13579.35,Pending,16:05:00
TXN00002432,ACC0000033,20-Oct-22,Interest,7352.67,Online,Investment,4633.52,Pending,11:42:00
TXN00002115,ACC0000034,25-Mar-24,Interest,9243.15,Online,Investment,1463.11,Pending,17:06:00
TXN00002385,ACC0000038,17-Apr-23,Interest,2496.82,Online,Investment,9639.54,Pending,11:39:00
TXN00003360,ACC0000038,11-May-23,Interest,11739.29,Online,Investment,9639.54,Pending,09:33:00
TXN00001348,ACC0000055,08-Nov-24,Interest,11415.18,Online,Investment,4371.58,Pending,14:54:00
TXN00002371,ACC0000061,21-Dec-24,Interest,9230.79,Online,Investment,2731.54,Pending,13:05:00
TXN00002738,ACC0000071,04-Jul-23,Interest,7143.7,Online,Investment,51791.75,Pending,19:32:00
TXN00001803,ACC0000078,04-Nov-24,Interest,431.4,Online,Investment,703.18,Pending,15:47:00
TXN00003995,ACC0000085,08-Jul-22,Interest,2842.13,Online,Investment,8155.74,Pending,11:14:00
TXN00003652,ACC0000089,22-Jul-22,Interest,5727.06,Online,Investment,692.18,Pending,10:30:00
TXN00003038,ACC0000090,30-Mar-23,Interest,10109.02,Online,Investment,2694.6,Pending,16:39:00
TXN00001030,ACC0000098,01-Feb-23,Interest,13231.26,Online,Investment,48453.43,Pending,10:20:00
TXN00003362,ACC0000100,06-Aug-19,Interest,11483.59,Online,Investment,5018.4,Pending,14:06:00
TXN00002167,ACC0000102,03-Dec-23,Interest,12246.22,Online,Investment,3302.15,Pending,13:54:00
TXN00001141,ACC0000102,19-Aug-24,Interest,5050.78,Online,Investment,3302.15,Pending,18:26:00
TXN00002562,ACC0000112,07-Mar-22,Interest,14618.79,Online,Investment,4436.8,Pending,18:21:00
TXN00004961,ACC0000121,18-Mar-22,Interest,9469.22,Online,Investment,52547.16,Pending,10:45:00
TXN00001123,ACC0000124,20-May-24,Interest,6520.44,Online,Investment,30513.18,Pending,11:14:00
TXN00001053,ACC0000131,08-Dec-22,Interest,14118.39,Online,Investment,43745.2,Pending,15:13:00
TXN00002308,ACC0000135,14-Feb-24,Interest,9826.43,Online,Investment,22792.49,Pending,15:23:00
TXN00001312,ACC0000136,16-Dec-24,Interest,10134.82,Online,Investment,12004.73,Pending,09:45:00
TXN00002555,ACC0000139,27-Jan-23,Interest,13148.68,Online,Investment,26916.04,Pending,22:31:00
TXN00000533,ACC0000143,08-Jul-24,Interest,8371.43,Online,Investment,8503.07,Pending,14:10:00
TXN00002842,ACC0000146,07-Aug-22,Interest,10116.71,Online,Investment,55925,Pending,09:38:00
TXN00001273,ACC0000149,17-Jan-22,Interest,7916.74,Online,Investment,24500.04,Pending,14:21:00
TXN00004723,ACC0000152,22-Sep-24,Interest,7951.84,Online,Investment,71906.03,Pending,22:08:00
TXN00001124,ACC0000163,10-May-22,Interest,10836.71,Online,Investment,3357.75,Pending,09:51:00
TXN00000164,ACC0000172,12-Jun-22,Interest,3487.5,Online,Investment,4323.15,Pending,15:20:00
TXN00000284,ACC0000177,14-Mar-24,Interest,13523.93,Online,Investment,725.8,Pending,12:12:00
TXN00004172,ACC0000182,14-Apr-22,Interest,8829.3,Online,Investment,45084.62,Pending,19:21:00
TXN00001190,ACC0000182,07-Dec-23,Interest,13848.75,Online,Investment,38935.36,Pending,12:14:00
TXN00001206,ACC0000183,05-Feb-22,Interest,2624.97,Online,Investment,40875.71,Pending,11:42:00
TXN00002239,ACC0000184,03-Sep-23,Interest,6200.88,Online,Investment,916.46,Pending,16:40:00
TXN00004289,ACC0000192,28-Apr-24,Interest,9868.73,Online,Investment,592.79,Pending,19:17:00
TXN00003927,ACC0000194,10-Oct-23,Interest,13835.44,Online,Investment,65515.57,Pending,11:15:00
TXN00003233,ACC0000196,22-Nov-24,Interest,5866.79,Online,Investment,30466.49,Pending,13:32:00
TXN00000292,ACC0000207,22-Dec-22,Interest,3778.18,Online,Investment,23950.65,Pending,13:45:00
TXN00002162,ACC0000219,18-Sep-22,Interest,12500.99,Online,Investment,43171.58,Pending,15:30:00
TXN00002224,ACC0000237,10-Nov-23,Interest,8720.97,Online,Investment,66213.07,Pending,08:32:00
TXN00003403,ACC0000239,28-Nov-23,Interest,6561.76,Online,Investment,1012.89,Pending,17:12:00
TXN00003519,ACC0000248,25-Dec-24,Interest,6589.56,Online,Investment,4032.62,Pending,19:32:00
TXN00003782,ACC0000259,29-Jun-24,Interest,13949.81,Online,Investment,17378.58,Pending,09:59:00
TXN00002084,ACC0000260,13-Nov-23,Interest,12947.91,Online,Investment,14245.57,Pending,12:08:00
TXN00000082,ACC0000263,01-May-24,Interest,13386.6,Online,Investment,1070.67,Pending,15:42:00
TXN00001591,ACC0000275,14-Dec-22,Interest,13137.8,Online,Investment,66386.82,Pending,16:03:00
TXN00000709,ACC0000275,16-Feb-23,Interest,8082.62,Online,Investment,66386.82,Pending,19:10:00
TXN00003138,ACC0000276,24-Aug-24,Interest,12029.6,Online,Investment,394.93,Pending,14:50:00
TXN00004143,ACC0000278,09-Jan-24,Interest,3658.83,Online,Investment,4783.68,Pending,10:24:00
TXN00003214,ACC0000282,07-Nov-22,Interest,4855.68,Online,Investment,5,Pending,10:28:00
TXN00000794,ACC0000282,02-Jun-23,Interest,11894.15,Online,Investment,5,Pending,08:23:00
TXN00000839,ACC0000297,27-Nov-22,Interest,728.7,Online,Investment,2922.55,Pending,11:00:00
TXN00003396,ACC0000306,10-May-23,Interest,12329.95,Online,Investment,4077.16,Pending,13:16:00
TXN00003220,ACC0000310,01-Feb-24,Interest,7512.7,Online,Investment,36110.5,Pending,17:54:00
TXN00004361,ACC0000312,08-Jun-24,Interest,13103.79,Online,Investment,3435.21,Pending,21:26:00
TXN00004085,ACC0000315,25-Nov-23,Interest,7727.99,Online,Investment,1600.69,Pending,19:48:00
TXN00000962,ACC0000323,22-Sep-23,Interest,10428.47,Online,Investment,48804.76,Pending,11:51:00
TXN00004581,ACC0000335,14-Nov-24,Interest,1333.04,Online,Investment,13471.08,Pending,15:33:00
TXN00001411,ACC0000338,18-Jul-23,Interest,3080.94,Online,Investment,15.14,Pending,18:53:00
TXN00004617,ACC0000338,24-Aug-23,Interest,3525.72,Online,Investment,15.14,Pending,22:44:00
TXN00001846,ACC0000345,06-Apr-23,Interest,5813.43,Online,Investment,72993.28,Pending,18:28:00
TXN00003114,ACC0000349,27-Aug-23,Interest,13290.72,Online,Investment,8828.49,Pending,09:54:00
TXN00003461,ACC0000353,31-Jan-23,Interest,780.86,Online,Investment,26499.62,Pending,22:08:00
TXN00000633,ACC0000390,17-Jul-23,Interest,6112.86,Online,Investment,28632.9,Pending,18:34:00
TXN00000875,ACC0000391,28-May-24,Interest,6271.48,Online,Investment,686.68,Pending,22:19:00
TXN00004099,ACC0000394,22-Jul-22,Interest,11495.25,Online,Investment,50790.38,Pending,17:14:00
TXN00003808,ACC0000396,07-Apr-23,Interest,11434.02,Online,Investment,40794.35,Pending,09:10:00
TXN00004220,ACC0000403,10-Jul-23,Interest,11729.1,Online,Investment,54764.95,Pending,13:55:00
TXN00004535,ACC0000406,13-Oct-23,Interest,12526.55,Online,Investment,34529.97,Pending,22:22:00
TXN00000459,ACC0000409,27-May-23,Interest,4018.8,Online,Investment,919.15,Pending,15:07:00
TXN00003223,ACC0000415,22-Apr-22,Interest,10847.67,Online,Investment,8422.9,Pending,19:48:00
TXN00000553,ACC0000415,11-Dec-22,Interest,4145.74,Online,Investment,8422.9,Pending,09:41:00
TXN00004450,ACC0000426,23-Dec-22,Interest,11918.49,Online,Investment,17331.81,Pending,21:11:00
TXN00002714,ACC0000428,14-Apr-23,Interest,8491.73,Online,Investment,27182.34,Pending,20:49:00
TXN00003514,ACC0000428,18-Nov-24,Interest,9355.23,Online,Investment,19526.82,Pending,17:58:00
TXN00003718,ACC0000430,09-Mar-24,Interest,14481.18,Online,Investment,19062.49,Pending,22:28:00
TXN00003264,ACC0000432,26-Jan-23,Interest,2975.36,Online,Investment,6806.83,Pending,08:43:00
TXN00001272,ACC0000440,13-May-22,Interest,6281.18,Online,Investment,5016.52,Pending,20:53:00
TXN00004445,ACC0000441,25-Dec-23,Interest,13000.32,Online,Investment,28207.33,Pending,13:25:00
TXN00003042,ACC0000449,11-Sep-24,Interest,9381.82,Online,Investment,33785.75,Pending,20:32:00
TXN00001585,ACC0000452,02-Sep-23,Interest,73.29,Online,Investment,14363.02,Pending,09:41:00
TXN00003087,ACC0000454,29-Oct-23,Interest,12953.49,Online,Investment,50250.59,Pending,15:03:00
TXN00000148,ACC0000455,08-Dec-23,Interest,6808.15,Online,Investment,7695.63,Pending,21:54:00
TXN00000700,ACC0000465,02-Sep-24,Interest,14263.84,Online,Investment,218.67,Pending,18:10:00
TXN00000112,ACC0000469,05-Jan-23,Interest,6287.27,Online,Investment,1907.79,Pending,20:57:00
TXN00003706,ACC0000475,23-Feb-23,Interest,14888.52,Online,Investment,8756.12,Pending,15:10:00
TXN00004401,ACC0000485,12-Feb-24,Interest,11825.05,Online,Investment,1913.23,Pending,15:22:00
TXN00001452,ACC0000486,19-May-23,Interest,1078.63,Online,Investment,32887.84,Pending,14:48:00
TXN00000716,ACC0000490,03-Aug-23,Interest,14876.46,Online,Investment,9336.24,Pending,10:11:00
TXN00002814,ACC0000490,21-Oct-23,Interest,8814.2,Online,Investment,9336.24,Pending,08:51:00
TXN00003276,ACC0000493,01-Jul-22,Interest,6969.22,Online,Investment,67375.82,Pending,14:30:00
TXN00002466,ACC0000496,13-May-23,Interest,3114.76,Online,Investment,22130.26,Pending,18:36:00
TXN00002198,ACC0000508,23-Feb-23,Interest,3112.11,Online,Investment,11663.84,Pending,21:32:00
TXN00001518,ACC0000519,26-Jan-22,Interest,14167.19,Online,Investment,52550.09,Pending,14:11:00
TXN00000639,ACC0000519,12-May-23,Interest,14406.63,Online,Investment,64619.6,Pending,20:39:00
TXN00002402,ACC0000548,17-Jul-23,Interest,5221.23,Online,Investment,3347.97,Pending,20:57:00
TXN00000937,ACC0000550,12-Sep-23,Interest,5159.9,Online,Investment,27563.1,Pending,20:43:00
TXN00001674,ACC0000557,12-Apr-22,Interest,6943.23,Online,Investment,9516.65,Pending,19:18:00
TXN00000288,ACC0000560,10-Jun-23,Interest,419.61,Online,Investment,14275.7,Pending,12:03:00
TXN00003897,ACC0000561,21-Nov-22,Interest,8394.13,Online,Investment,8153.02,Pending,19:46:00
TXN00003168,ACC0000562,22-Jul-24,Interest,10350.16,Online,Investment,31698.96,Pending,10:11:00
TXN00000403,ACC0000563,30-Sep-22,Interest,6290.65,Online,Investment,8165.09,Pending,11:57:00
TXN00003621,ACC0000568,07-Jul-24,Interest,14411.81,Online,Investment,27021.01,Pending,22:38:00
TXN00002038,ACC0000568,02-Aug-24,Interest,1267.78,Online,Investment,27021.01,Pending,14:48:00
TXN00004370,ACC0000573,23-May-23,Interest,12404.76,Online,Investment,37225.95,Pending,22:47:00
TXN00002177,ACC0000577,10-Jun-24,Interest,13885.29,Online,Investment,21752.73,Pending,11:03:00
TXN00002762,ACC0000587,19-Jun-24,Interest,14873.33,Online,Investment,13929.62,Pending,13:35:00
TXN00000336,ACC0000589,08-Feb-23,Interest,7036.9,Online,Investment,1100.9,Pending,16:16:00
TXN00001987,ACC0000597,15-Sep-23,Interest,10778.5,Online,Investment,32926.77,Pending,18:54:00
TXN00002759,ACC0000605,20-Jul-24,Interest,4634.95,Online,Investment,39076.78,Pending,15:44:00
TXN00004323,ACC0000611,24-Aug-24,Interest,10623.3,Online,Investment,5,Pending,17:41:00
TXN00003369,ACC0000614,10-Dec-24,Interest,7112.6,Online,Investment,49695.23,Pending,21:12:00
TXN00002307,ACC0000620,04-Jul-23,Interest,2355.44,Online,Investment,42399.03,Pending,14:52:00
TXN00001851,ACC0000630,23-Feb-22,Interest,683.96,Online,Investment,3573.62,Pending,19:46:00
TXN00004034,ACC0000630,23-Dec-22,Interest,9249.37,Online,Investment,12548.51,Pending,18:35:00
TXN00001592,ACC0000637,15-May-24,Interest,5204.15,Online,Investment,56520.18,Pending,12:41:00
TXN00003183,ACC0000648,29-Nov-23,Interest,13550.53,Online,Investment,46535.51,Pending,09:46:00
TXN00002132,ACC0000649,14-Jun-24,Interest,12438.3,Online,Investment,31214.92,Pending,10:53:00
TXN00004862,ACC0000650,04-May-24,Interest,9090.72,Online,Investment,9546.51,Pending,12:28:00
TXN00003504,ACC0000654,19-Nov-23,Interest,7745.04,Online,Investment,43308.58,Pending,14:50:00
TXN00002535,ACC0000656,28-Aug-23,Interest,8923.23,Online,Investment,1317.17,Pending,14:52:00
TXN00004574,ACC0000660,07-Aug-22,Interest,12061.52,Online,Investment,2434.71,Pending,15:09:00
TXN00002153,ACC0000663,10-Nov-24,Interest,4438.03,Online,Investment,9288.43,Pending,14:14:00
TXN00003589,ACC0000675,04-Jan-23,Interest,2577.57,Online,Investment,59397.54,Pending,15:02:00
TXN00002280,ACC0000682,30-Aug-23,Interest,12131.88,Online,Investment,31342.47,Pending,11:53:00
TXN00001733,ACC0000683,23-Nov-24,Interest,6574.78,Online,Investment,64125.59,Pending,17:00:00
TXN00004382,ACC0000686,29-Jun-23,Interest,10665.72,Online,Investment,28699.05,Pending,20:36:00
TXN00001467,ACC0000689,14-Jun-22,Interest,8456.42,Online,Investment,376.67,Pending,17:17:00
TXN00002540,ACC0000690,16-Nov-22,Interest,13039.67,Online,Investment,47392.31,Pending,11:21:00
TXN00004633,ACC0000691,26-Oct-23,Interest,8836.9,Online,Investment,21585.71,Pending,08:56:00
TXN00000662,ACC0000693,30-Mar-22,Interest,526.05,Online,Investment,4827.55,Pending,14:53:00
TXN00000534,ACC0000696,17-Sep-22,Interest,13634.05,Online,Investment,4470.74,Pending,20:48:00
TXN00004282,ACC0000699,09-Jul-23,Interest,1296.18,Online,Investment,1092.51,Pending,15:34:00
TXN00001409,ACC0000007,02-May-23,Interest,5060.07,Online,Investment,11165.25,Failed,08:36:00
TXN00002632,ACC0000013,08-Apr-24,Interest,7726.04,Online,Investment,17199.09,Failed,15:16:00
TXN00000977,ACC0000020,10-Feb-22,Interest,4468.95,Online,Investment,13683.95,Failed,17:00:00
TXN00003007,ACC0000022,12-Jun-23,Interest,332.14,Online,Investment,50019.9,Failed,16:55:00
TXN00002763,ACC0000039,01-Dec-24,Interest,10930.85,Online,Investment,39912.54,Failed,12:47:00
TXN00004538,ACC0000041,21-Jun-22,Interest,352.27,Online,Investment,877.68,Failed,12:23:00
TXN00004608,ACC0000056,06-May-24,Interest,10659.07,Online,Investment,31246.49,Failed,08:42:00
TXN00000368,ACC0000057,15-Oct-24,Interest,6431.12,Online,Investment,10596.94,Failed,09:35:00
TXN00004962,ACC0000058,10-Aug-22,Interest,8966.03,Online,Investment,25909.34,Failed,12:45:00
TXN00001597,ACC0000062,22-Dec-24,Interest,13425.56,Online,Investment,5,Failed,12:25:00
TXN00000088,ACC0000066,13-Sep-22,Interest,10976.24,Online,Investment,55228.07,Failed,21:22:00
TXN00004892,ACC0000070,20-Jul-24,Interest,12018.2,Online,Investment,19502.91,Failed,08:23:00
TXN00001399,ACC0000074,18-Jan-24,Interest,931.98,Online,Investment,48905.35,Failed,18:26:00
TXN00002498,ACC0000075,19-Aug-24,Interest,1246.35,Online,Investment,6184.36,Failed,18:28:00
TXN00000099,ACC0000075,24-Aug-24,Interest,5472.67,Online,Investment,6184.36,Failed,10:59:00
TXN00004867,ACC0000076,19-Jul-22,Interest,8380.61,Online,Investment,73738.41,Failed,22:08:00
TXN00003365,ACC0000092,22-Feb-22,Interest,4982.41,Online,Investment,25794.71,Failed,14:01:00
TXN00002876,ACC0000094,06-Jul-22,Interest,11697.33,Online,Investment,21843.46,Failed,20:20:00
TXN00004340,ACC0000094,10-Dec-23,Interest,3860.47,Online,Investment,25471.13,Failed,17:43:00
TXN00000687,ACC0000111,17-Apr-24,Interest,109.52,Online,Investment,15802.62,Failed,17:53:00
TXN00004960,ACC0000113,27-Sep-22,Interest,7242.87,Online,Investment,44806.65,Failed,21:02:00
TXN00004837,ACC0000115,06-Oct-23,Interest,12822.93,Online,Investment,9144.8,Failed,20:21:00
TXN00001391,ACC0000116,14-Oct-23,Interest,10744.99,Online,Investment,3785.22,Failed,10:18:00
TXN00000108,ACC0000116,04-Dec-24,Interest,2953.61,Online,Investment,3785.22,Failed,08:59:00
TXN00003033,ACC0000117,22-Apr-23,Interest,12458.53,Online,Investment,56663.46,Failed,22:25:00
TXN00002217,ACC0000117,26-Dec-23,Interest,10042.63,Online,Investment,56663.46,Failed,08:36:00
TXN00003568,ACC0000124,20-Feb-23,Interest,10298.16,Online,Investment,28369.9,Failed,12:09:00
TXN00000134,ACC0000127,20-Aug-24,Interest,1932.62,Online,Investment,12128.84,Failed,15:10:00
TXN00001468,ACC0000139,14-Jan-22,Interest,13218.15,Online,Investment,26916.04,Failed,09:58:00
TXN00001874,ACC0000139,05-May-23,Interest,5084.26,Online,Investment,26916.04,Failed,16:37:00
TXN00004748,ACC0000140,07-Apr-23,Interest,5739.3,Online,Investment,727.64,Failed,08:13:00
TXN00003363,ACC0000147,08-Feb-22,Interest,2228.64,Online,Investment,34010.13,Failed,19:23:00
TXN00003401,ACC0000152,07-Apr-23,Interest,13687.9,Online,Investment,79048.52,Failed,17:23:00
TXN00002473,ACC0000185,08-Sep-22,Interest,11621.01,Online,Investment,55000.71,Failed,12:37:00
TXN00004987,ACC0000186,09-May-24,Interest,12855.71,Online,Investment,31316.02,Failed,08:40:00
TXN00003239,ACC0000187,28-Apr-22,Interest,8544.93,Online,Investment,40429.15,Failed,12:19:00
TXN00002918,ACC0000190,22-Nov-22,Interest,8106.58,Online,Investment,3770.52,Failed,18:13:00
TXN00003256,ACC0000190,16-Jan-24,Interest,10081.46,Online,Investment,1850.22,Failed,12:57:00
TXN00000415,ACC0000192,22-Feb-24,Interest,5001.76,Online,Investment,592.79,Failed,13:00:00
TXN00004377,ACC0000193,28-Dec-24,Interest,11946.69,Online,Investment,60571.6,Failed,10:51:00
TXN00001149,ACC0000195,21-Apr-24,Interest,8008.4,Online,Investment,6351.14,Failed,16:28:00
TXN00002770,ACC0000199,01-Oct-22,Interest,1089.53,Online,Investment,73287.46,Failed,17:52:00
TXN00002754,ACC0000202,19-Feb-23,Interest,3522.05,Online,Investment,47373.41,Failed,21:47:00
TXN00003418,ACC0000202,11-Jan-24,Interest,5275.57,Online,Investment,47373.41,Failed,13:51:00
TXN00003839,ACC0000216,10-Sep-23,Interest,7608.51,Online,Investment,4330.4,Failed,19:17:00
TXN00004035,ACC0000229,09-Oct-24,Interest,13865.47,Online,Investment,25731.91,Failed,16:57:00
TXN00000235,ACC0000231,04-Jun-24,Interest,6050.14,Online,Investment,4134.47,Failed,11:38:00
TXN00002287,ACC0000242,20-Jul-23,Interest,5400.66,Online,Investment,7057.36,Failed,21:36:00
TXN00004630,ACC0000243,29-Jul-24,Interest,4317.91,Online,Investment,8922.47,Failed,09:14:00
TXN00004137,ACC0000243,06-Sep-24,Interest,1166.52,Online,Investment,8922.47,Failed,08:10:00
TXN00003158,ACC0000244,03-Apr-24,Interest,11109.34,Online,Investment,11571.25,Failed,15:31:00
TXN00000858,ACC0000246,09-Apr-24,Interest,6762.71,Online,Investment,9322.75,Failed,18:31:00
TXN00003204,ACC0000247,19-Feb-24,Interest,1594.03,Online,Investment,42500.23,Failed,08:59:00
TXN00000486,ACC0000263,10-Feb-24,Interest,563.38,Online,Investment,17969.19,Failed,12:43:00
TXN00000441,ACC0000266,15-Mar-24,Interest,1642.02,Online,Investment,43917.43,Failed,11:33:00
TXN00003086,ACC0000267,21-Jun-24,Interest,10463.91,Online,Investment,15576.1,Failed,17:22:00
TXN00002674,ACC0000276,08-Apr-22,Interest,6237.87,Online,Investment,5735.52,Failed,16:46:00
TXN00002838,ACC0000279,06-Nov-24,Interest,12244.63,Online,Investment,27583.56,Failed,13:06:00
TXN00002784,ACC0000281,24-Aug-17,Interest,8820.08,Online,Investment,13658.91,Failed,16:19:00
TXN00004661,ACC0000297,26-Jun-22,Interest,9661.77,Online,Investment,2922.55,Failed,09:13:00
TXN00002216,ACC0000300,24-Jun-22,Interest,11556.2,Online,Investment,12418.71,Failed,21:15:00
TXN00002996,ACC0000301,31-May-24,Interest,11768.14,Online,Investment,183,Failed,22:56:00
TXN00003622,ACC0000318,21-Aug-24,Interest,2992.57,Online,Investment,28659.84,Failed,18:47:00
TXN00000996,ACC0000321,27-Nov-24,Interest,11842.22,Online,Investment,351.19,Failed,13:30:00
TXN00000144,ACC0000329,30-Sep-24,Interest,4118.52,Online,Investment,30909.64,Failed,22:06:00
TXN00002373,ACC0000330,03-Nov-24,Interest,8467.68,Online,Investment,15096.15,Failed,12:05:00
TXN00004101,ACC0000344,13-Jan-24,Interest,5039.22,Online,Investment,40511.13,Failed,12:56:00
TXN00003058,ACC0000354,24-Jun-23,Interest,652.64,Online,Investment,30609.17,Failed,10:20:00
TXN00003445,ACC0000359,25-Nov-22,Interest,13303.94,Online,Investment,27723.67,Failed,21:15:00
TXN00001500,ACC0000361,09-Dec-23,Interest,4641.72,Online,Investment,2223.62,Failed,22:37:00
TXN00000427,ACC0000366,31-Jul-23,Interest,14377.94,Online,Investment,37701.52,Failed,12:14:00
TXN00002894,ACC0000369,29-Jul-22,Interest,2680.37,Online,Investment,21880.54,Failed,16:59:00
TXN00004887,ACC0000375,15-Feb-24,Interest,6157.59,Online,Investment,34573.34,Failed,10:43:00
TXN00003218,ACC0000384,13-Sep-22,Interest,12013.71,Online,Investment,17022.1,Failed,22:36:00
TXN00002688,ACC0000389,22-Mar-21,Interest,8295.09,Online,Investment,59208.93,Failed,16:53:00
TXN00001253,ACC0000390,10-Jun-24,Interest,4110.47,Online,Investment,38993.45,Failed,16:44:00
TXN00004170,ACC0000393,26-Aug-24,Interest,11788.63,Online,Investment,6664.41,Failed,17:46:00
TXN00002301,ACC0000401,28-Dec-24,Interest,2965.57,Online,Investment,0,Failed,08:20:00
TXN00000948,ACC0000414,04-Jan-23,Interest,4304.58,Online,Investment,21589.75,Failed,21:21:00
TXN00001441,ACC0000425,29-Jun-24,Interest,14312.09,Online,Investment,4247.74,Failed,11:17:00
TXN00001814,ACC0000426,07-Aug-23,Interest,5305.49,Online,Investment,6801.63,Failed,15:23:00
TXN00000203,ACC0000431,18-Jan-22,Interest,5929.35,Online,Investment,2436.29,Failed,08:16:00
TXN00001815,ACC0000433,16-Nov-22,Interest,9960.92,Online,Investment,13416.12,Failed,09:48:00
TXN00002643,ACC0000447,25-Jan-24,Interest,2689.25,Online,Investment,16306.69,Failed,20:08:00
TXN00003961,ACC0000458,26-Feb-23,Interest,11452.43,Online,Investment,10458.75,Failed,22:27:00
TXN00002765,ACC0000465,16-Jun-23,Interest,4055.36,Online,Investment,11941.14,Failed,13:00:00
TXN00002103,ACC0000466,16-Mar-24,Interest,18.4,Online,Investment,990.89,Failed,15:58:00
TXN00004583,ACC0000473,18-Aug-22,Interest,10148.26,Online,Investment,30331.63,Failed,16:28:00
TXN00001448,ACC0000480,18-May-24,Interest,9959.9,Online,Investment,51247.16,Failed,18:20:00
TXN00002422,ACC0000481,31-May-23,Interest,5557.79,Online,Investment,8909.22,Failed,16:41:00
TXN00002393,ACC0000485,17-May-24,Interest,771.55,Online,Investment,16086.98,Failed,19:03:00
TXN00001534,ACC0000514,15-Sep-22,Interest,11423.02,Online,Investment,12214.51,Failed,10:34:00
TXN00000918,ACC0000525,13-Jul-24,Interest,2687.44,Online,Investment,26790.02,Failed,11:52:00
TXN00000524,ACC0000528,05-Jun-23,Interest,5243.33,Online,Investment,6111.24,Failed,10:10:00
TXN00001835,ACC0000532,19-Jul-23,Interest,10514.55,Online,Investment,64213.88,Failed,15:01:00
TXN00003762,ACC0000540,26-Dec-24,Interest,4410.2,Online,Investment,9938.74,Failed,08:57:00
TXN00001729,ACC0000543,15-Feb-22,Interest,3805.92,Online,Investment,18470.63,Failed,14:39:00
TXN00003417,ACC0000552,20-Jun-22,Interest,12280.09,Online,Investment,28845.9,Failed,10:47:00
TXN00003614,ACC0000553,26-Sep-23,Interest,7029.81,Online,Investment,67150.59,Failed,10:58:00
TXN00002662,ACC0000562,02-Jul-24,Interest,4553.16,Online,Investment,31698.96,Failed,20:42:00
TXN00004428,ACC0000564,27-Jun-24,Interest,10347.2,Online,Investment,469.56,Failed,20:39:00
TXN00001061,ACC0000569,07-Oct-22,Interest,11654.38,Online,Investment,59245.25,Failed,17:37:00
TXN00001626,ACC0000581,07-Dec-22,Interest,14101.24,Online,Investment,0,Failed,15:48:00
TXN00001627,ACC0000588,13-Nov-24,Interest,8383.52,Online,Investment,16165.27,Failed,22:04:00
TXN00004785,ACC0000590,31-Jan-24,Interest,4696.52,Online,Investment,678.8,Failed,22:00:00
TXN00003861,ACC0000593,01-Nov-23,Interest,10476.12,Online,Investment,19652.83,Failed,22:03:00
TXN00000776,ACC0000598,28-Nov-22,Interest,14229.68,Online,Investment,2688.2,Failed,22:51:00
TXN00002261,ACC0000598,31-Oct-23,Interest,1108.86,Online,Investment,869.77,Failed,11:20:00
TXN00003689,ACC0000601,01-Nov-23,Interest,4300.92,Online,Investment,22753.62,Failed,17:31:00
TXN00004573,ACC0000602,06-Dec-22,Interest,5025.38,Online,Investment,22195.98,Failed,10:41:00
TXN00002363,ACC0000603,29-Jan-18,Interest,887.14,Online,Investment,41265.01,Failed,11:18:00
TXN00001807,ACC0000616,07-Feb-23,Interest,13088.87,Online,Investment,35735.19,Failed,09:09:00
TXN00002015,ACC0000618,30-May-23,Interest,7550.49,Online,Investment,47175.68,Failed,08:35:00
TXN00000244,ACC0000620,21-Feb-23,Interest,6418.76,Online,Investment,42399.03,Failed,21:58:00
TXN00000568,ACC0000628,25-Jun-24,Interest,6421.56,Online,Investment,12536.91,Failed,22:40:00
TXN00002959,ACC0000632,21-Mar-24,Interest,13182.05,Online,Investment,41204.85,Failed,16:39:00
TXN00002933,ACC0000633,24-Nov-23,Interest,13202.48,Online,Investment,44280.96,Failed,15:25:00
TXN00003990,ACC0000639,12-Jul-23,Interest,11008.76,Online,Investment,11402,Failed,21:34:00
TXN00000155,ACC0000640,16-Jan-24,Interest,12190.23,Online,Investment,73445.04,Failed,10:32:00
TXN00004811,ACC0000643,04-Apr-24,Interest,4006.52,Online,Investment,14451,Failed,14:37:00
TXN00004198,ACC0000648,22-Jun-23,Interest,316.6,Online,Investment,46535.51,Failed,11:39:00
TXN00002619,ACC0000651,15-Nov-24,Interest,1934.87,Online,Investment,19549.63,Failed,15:46:00
TXN00002866,ACC0000653,16-Sep-23,Interest,12419.88,Online,Investment,2257.24,Failed,08:20:00
TXN00004283,ACC0000656,15-Apr-24,Interest,8241.92,Online,Investment,5,Failed,16:59:00
TXN00001484,ACC0000658,21-Aug-22,Interest,6119.73,Online,Investment,26871.89,Failed,15:04:00
TXN00002440,ACC0000677,04-May-23,Interest,1014.54,Online,Investment,4539.89,Failed,20:59:00
TXN00002875,ACC0000681,20-Nov-24,Interest,7363.1,Online,Investment,196.56,Failed,18:16:00
TXN00002278,ACC0000683,21-Aug-24,Interest,1360.08,Online,Investment,54219.44,Failed,09:04:00
TXN00000555,ACC0000684,25-Sep-23,Interest,6640.26,Online,Investment,7441.41,Failed,21:39:00
TXN00000385,ACC0000692,15-Jul-23,Interest,14510.56,Online,Investment,7693.36,Failed,21:43:00
TXN00004570,ACC0000693,18-Jun-24,Interest,8348.9,Online,Investment,1045.85,Failed,17:23:00
TXN00003619,ACC0000696,06-Jun-24,Interest,10458.11,Online,Investment,12055.44,Failed,13:08:00
TXN00004587,ACC0000696,22-Nov-24,Interest,14569.21,Online,Investment,25710.45,Failed,10:26:00
TXN00004512,ACC0000700,08-Mar-24,Interest,3310.1,Online,Investment,6256.56,Failed,08:51:00
TXN00001416,ACC0000700,13-Jul-24,Interest,8070.56,Online,Investment,6256.56,Failed,10:06:00
TXN00003780,ACC0000006,28-Feb-23,Credit,3877.43,Online,Investment,11208.29,Pending,10:23:00
TXN00004097,ACC0000015,21-Oct-22,Credit,10257.05,Online,Investment,45633.19,Failed,12:38:00
TXN00004666,ACC0000017,25-Mar-23,Credit,9054.09,Online,Investment,43218.96,Failed,12:54:00
TXN00000585,ACC0000019,20-Sep-22,Credit,14757.91,Online,Investment,37782.56,Failed,16:22:00
TXN00003856,ACC0000024,02-Nov-24,Credit,7959.79,Online,Investment,5,Pending,22:15:00
TXN00004178,ACC0000026,03-Oct-22,Credit,11169.67,Online,Investment,15202.82,Pending,08:43:00
TXN00003663,ACC0000065,18-Jul-24,Credit,8162.5,Online,Investment,5551.69,Failed,22:00:00
TXN00001616,ACC0000075,19-Aug-24,Credit,5220.22,Online,Investment,6184.36,Completed,11:32:00
TXN00000916,ACC0000085,26-Mar-22,Credit,7420.51,Online,Investment,8155.74,Completed,21:43:00
TXN00000304,ACC0000086,01-May-22,Credit,3564.57,Online,Investment,30110.9,Pending,10:37:00
TXN00001004,ACC0000152,15-Jul-23,Credit,14903.45,Online,Investment,79048.52,Pending,15:13:00
TXN00001364,ACC0000153,29-Sep-24,Credit,4158.68,Online,Investment,4163.68,Completed,20:49:00
TXN00003884,ACC0000159,21-Mar-22,Credit,14633.73,Online,Investment,22300,Failed,20:01:00
TXN00001568,ACC0000164,19-Aug-22,Credit,2885.77,Online,Investment,0,Pending,15:41:00
TXN00000083,ACC0000187,18-Dec-24,Credit,158.3,Online,Investment,28056.26,Pending,21:59:00
TXN00003952,ACC0000190,17-Jul-23,Credit,5717.94,Online,Investment,3770.52,Failed,11:39:00
TXN00003832,ACC0000190,27-Dec-23,Credit,9777.31,Online,Investment,1850.22,Pending,10:56:00
TXN00001888,ACC0000199,15-Sep-24,Credit,7253.92,Online,Investment,68131.75,Completed,17:50:00
TXN00004285,ACC0000211,10-Aug-24,Credit,13437.54,Online,Investment,57703.97,Completed,08:50:00
TXN00004287,ACC0000217,27-Nov-22,Credit,12481.81,Online,Investment,10208.47,Failed,11:53:00
TXN00003146,ACC0000219,23-Mar-22,Credit,8270.52,Online,Investment,43171.58,Pending,08:41:00
TXN00001743,ACC0000220,04-Jul-24,Credit,2529.01,Online,Investment,73127.81,Pending,20:46:00
TXN00002171,ACC0000230,06-Mar-22,Credit,12474.93,Online,Investment,63283.2,Completed,18:46:00
TXN00003957,ACC0000233,22-Sep-23,Credit,14141.44,Online,Investment,53834.26,Failed,15:33:00
TXN00003269,ACC0000238,16-Nov-22,Credit,9950.45,Online,Investment,23637.57,Failed,13:49:00
TXN00001395,ACC0000239,02-Oct-22,Credit,13958.24,Online,Investment,12506.81,Pending,16:18:00
TXN00002486,ACC0000240,08-Dec-22,Credit,6091.85,Online,Investment,6640.96,Completed,18:52:00
TXN00001481,ACC0000265,13-Mar-24,Credit,8225.12,Online,Investment,24770.01,Pending,13:26:00
TXN00000251,ACC0000270,31-Aug-23,Credit,1157.9,Online,Investment,31751.88,Failed,11:16:00
TXN00001277,ACC0000275,27-May-22,Credit,8217.79,Online,Investment,66386.82,Completed,10:03:00
TXN00004690,ACC0000283,05-Feb-22,Credit,11868.44,Online,Investment,22435.52,Completed,10:46:00
TXN00003935,ACC0000283,01-Mar-22,Credit,7647.21,Online,Investment,30082.73,Completed,09:50:00
TXN00004102,ACC0000299,17-Jan-24,Credit,3038.41,Online,Investment,15665.53,Pending,22:12:00
TXN00001201,ACC0000299,24-Jan-24,Credit,1010.29,Online,Investment,15665.53,Pending,22:10:00
TXN00002773,ACC0000311,23-Feb-23,Credit,11654.65,Online,Investment,25924.93,Failed,15:33:00
TXN00001038,ACC0000328,26-Apr-24,Credit,14912.57,Online,Investment,24532.1,Pending,16:30:00
TXN00004319,ACC0000329,25-Sep-24,Credit,10808.75,Online,Investment,30909.64,Completed,13:57:00
TXN00003000,ACC0000338,29-Apr-22,Credit,9411.75,Online,Investment,214.23,Pending,22:08:00
TXN00000211,ACC0000342,01-Jan-23,Credit,662.41,Online,Investment,72664.58,Failed,13:39:00
TXN00000495,ACC0000352,08-Mar-23,Credit,13061.19,Online,Investment,44556.96,Completed,18:19:00
TXN00002277,ACC0000358,27-Apr-22,Credit,9381.19,Online,Investment,14353.28,Pending,18:36:00
TXN00004629,ACC0000358,22-Jun-24,Credit,1604.91,Online,Investment,29576.76,Completed,11:13:00
TXN00001181,ACC0000388,09-Jul-22,Credit,13892.3,Online,Investment,34244.99,Completed,16:20:00
TXN00000184,ACC0000396,01-Mar-23,Credit,2200.62,Online,Investment,40794.35,Completed,15:22:00
TXN00003051,ACC0000397,14-Jun-23,Credit,8362.38,Online,Investment,8653.82,Completed,16:00:00
TXN00001647,ACC0000410,11-Aug-23,Credit,6836.68,Online,Investment,42071.08,Failed,10:35:00
TXN00000302,ACC0000422,24-Mar-24,Credit,1056.95,Online,Investment,46309.26,Completed,22:12:00
TXN00002687,ACC0000424,28-Oct-23,Credit,4060.85,Online,Investment,17779.23,Failed,15:49:00
TXN00001998,ACC0000435,01-Feb-22,Credit,7980.7,Online,Investment,14435.47,Pending,18:48:00
TXN00004325,ACC0000442,03-Oct-24,Credit,12818.62,Online,Investment,49.84,Failed,13:06:00
TXN00004129,ACC0000463,27-Nov-24,Credit,8238.59,Online,Investment,18366.43,Completed,14:48:00
TXN00002629,ACC0000465,08-Sep-23,Credit,9303.72,Online,Investment,708.36,Failed,16:20:00
TXN00000482,ACC0000477,19-Aug-24,Credit,4918.37,Online,Investment,18448.32,Failed,16:33:00
TXN00001523,ACC0000490,10-Jan-24,Credit,10584.03,Online,Investment,9336.24,Pending,21:02:00
TXN00004631,ACC0000494,11-Sep-24,Credit,10414.55,Online,Investment,10914.2,Completed,19:39:00
TXN00004134,ACC0000506,16-Nov-23,Credit,4495.38,Online,Investment,58930.25,Pending,10:06:00
TXN00002010,ACC0000514,23-Aug-23,Credit,6605.36,Online,Investment,12214.51,Failed,15:06:00
TXN00000551,ACC0000517,13-Dec-23,Credit,7849.11,Online,Investment,41804.59,Pending,18:36:00
TXN00000621,ACC0000523,17-Nov-22,Credit,10849.31,Online,Investment,35979.86,Failed,18:56:00
TXN00001498,ACC0000523,08-May-23,Credit,7055.67,Online,Investment,43035.53,Completed,22:03:00
TXN00000584,ACC0000527,08-Jan-23,Credit,11894.28,Online,Investment,5319.21,Pending,12:02:00
TXN00000928,ACC0000531,28-Nov-24,Credit,8066.79,Online,Investment,31354.48,Completed,13:07:00
TXN00000518,ACC0000532,24-Nov-22,Credit,12372.25,Online,Investment,64213.88,Pending,15:30:00
TXN00003456,ACC0000535,13-Mar-24,Credit,12409.53,Online,Investment,11401.05,Pending,14:20:00
TXN00003150,ACC0000537,06-Oct-22,Credit,12030.32,Online,Investment,10938.76,Pending,13:10:00
TXN00002797,ACC0000545,30-Jun-23,Credit,2491.58,Online,Investment,32972.01,Failed,17:19:00
TXN00001018,ACC0000561,16-Nov-23,Credit,13890.89,Online,Investment,8153.02,Pending,17:30:00
TXN00000435,ACC0000563,17-Nov-22,Credit,12076.79,Online,Investment,20241.88,Completed,08:05:00
TXN00001094,ACC0000575,27-Nov-22,Credit,11407.14,Online,Investment,57978.22,Pending,20:13:00
TXN00002949,ACC0000581,05-Aug-22,Credit,4570.93,Online,Investment,0,Pending,18:55:00
TXN00001325,ACC0000582,25-Apr-23,Credit,7105.76,Online,Investment,17615.23,Completed,20:19:00
TXN00002758,ACC0000583,23-May-23,Credit,11840.9,Online,Investment,1794.08,Pending,16:39:00
TXN00002969,ACC0000600,04-Jan-24,Credit,2863.48,Online,Investment,44078.34,Failed,08:05:00
TXN00003586,ACC0000621,13-Feb-22,Credit,11530.32,Online,Investment,57583.31,Pending,22:44:00
TXN00002646,ACC0000633,13-Mar-24,Credit,5704.01,Online,Investment,49984.97,Completed,19:09:00
TXN00002776,ACC0000634,23-Jan-24,Credit,10945.5,Online,Investment,52995.06,Failed,11:03:00
TXN00003943,ACC0000639,12-Sep-23,Credit,13589.45,Online,Investment,11402,Failed,12:59:00
TXN00001673,ACC0000641,10-Dec-23,Credit,5474,Online,Investment,56919.61,Pending,12:26:00
TXN00004998,ACC0000666,09-Dec-24,Credit,12862.46,Online,Investment,67964.85,Completed,11:09:00
TXN00000473,ACC0000668,03-Dec-22,Credit,4022.44,Online,Investment,59598.69,Failed,15:01:00
TXN00000022,ACC0000682,01-Apr-23,Credit,9651.82,Online,Investment,6750.72,Failed,14:58:00
TXN00002462,ACC0000685,13-Sep-24,Credit,10142.31,Online,Investment,56542.37,Pending,16:21:00
TXN00002670,ACC0000697,17-Aug-23,Credit,12439.59,Online,Investment,48809.91,Failed,09:23:00
TXN00003304,ACC0000697,28-Jan-24,Credit,9304.86,Online,Investment,45252.22,Completed,12:10:00
TXN00004167,ACC0000003,22-Aug-23,Transfer,9115.16,Online,Investment,18989.25,Completed,21:44:00
TXN00003406,ACC0000009,18-Dec-24,Transfer,1515.56,Online,Investment,360.78,Failed,16:23:00
TXN00002415,ACC0000019,11-Jul-23,Transfer,1855.08,Online,Investment,35927.48,Completed,18:52:00
TXN00004339,ACC0000023,01-Jun-24,Transfer,14982.02,Online,Investment,483.67,Failed,14:53:00
TXN00003305,ACC0000025,13-Apr-22,Transfer,11526.76,Online,Investment,13579.35,Completed,12:01:00
TXN00003880,ACC0000028,08-Jan-24,Transfer,3747.63,Online,Investment,4786.93,Completed,16:28:00
TXN00002036,ACC0000030,26-Jun-23,Transfer,2548.07,Online,Investment,38102.58,Completed,08:19:00
TXN00003255,ACC0000051,17-Oct-24,Transfer,4861.44,Online,Investment,6893.22,Completed,18:55:00
TXN00002360,ACC0000052,07-Nov-24,Transfer,5913.77,Online,Investment,35590.22,Pending,20:36:00
TXN00000674,ACC0000058,27-Apr-24,Transfer,5922.06,Online,Investment,8898.08,Pending,16:07:00
TXN00003505,ACC0000070,12-Aug-24,Transfer,6765.47,Online,Investment,19502.91,Failed,21:34:00
TXN00000998,ACC0000078,20-Jul-24,Transfer,1861.57,Online,Investment,703.18,Completed,16:50:00
TXN00002968,ACC0000101,17-Apr-23,Transfer,12845.01,Online,Investment,28305.4,Completed,16:51:00
TXN00000457,ACC0000104,13-Oct-22,Transfer,13667.59,Online,Investment,4874.48,Failed,22:48:00
TXN00003779,ACC0000106,23-Apr-22,Transfer,2175.88,Online,Investment,1329.16,Pending,08:30:00
TXN00004593,ACC0000113,18-Jul-24,Transfer,13000.13,Online,Investment,41182.07,Pending,21:15:00
TXN00003697,ACC0000114,11-Feb-24,Transfer,3647.35,Online,Investment,11937.42,Pending,13:44:00
TXN00001763,ACC0000138,20-Dec-23,Transfer,80.54,Online,Investment,27360.15,Pending,13:37:00
TXN00002093,ACC0000140,16-Dec-23,Transfer,862.88,Online,Investment,727.64,Failed,18:18:00
TXN00004246,ACC0000141,11-Dec-23,Transfer,1051.79,Online,Investment,444.78,Completed,17:17:00
TXN00000688,ACC0000153,03-Jan-22,Transfer,8452.43,Online,Investment,10664.35,Completed,16:54:00
TXN00000642,ACC0000155,17-May-24,Transfer,559.27,Online,Investment,75298.13,Completed,14:02:00
TXN00002798,ACC0000170,26-Sep-22,Transfer,4248.32,Online,Investment,3702.12,Pending,20:33:00
TXN00004948,ACC0000175,01-Sep-23,Transfer,12975.58,Online,Investment,27156.9,Pending,14:43:00
TXN00003508,ACC0000177,22-Jan-23,Transfer,8875.44,Online,Investment,725.8,Failed,22:46:00
TXN00000307,ACC0000184,07-Oct-24,Transfer,1415.18,Online,Investment,3217.7,Completed,08:15:00
TXN00003135,ACC0000190,13-Jul-22,Transfer,8059.07,Online,Investment,3770.52,Pending,09:57:00
TXN00001442,ACC0000194,16-May-23,Transfer,1240.95,Online,Investment,65515.57,Completed,22:45:00
TXN00003308,ACC0000195,11-Sep-23,Transfer,173.3,Online,Investment,6351.14,Pending,20:18:00
TXN00002937,ACC0000195,03-Oct-24,Transfer,1332.35,Online,Investment,237.88,Completed,13:41:00
TXN00000503,ACC0000212,17-Nov-24,Transfer,14513.12,Online,Investment,57333.51,Pending,20:45:00
TXN00003608,ACC0000215,24-Jun-22,Transfer,10717.17,Online,Investment,6694.68,Completed,22:50:00
TXN00003938,ACC0000239,22-Jul-23,Transfer,2464.29,Online,Investment,1012.89,Completed,11:06:00
TXN00001622,ACC0000240,14-Apr-22,Transfer,11148.38,Online,Investment,3120.5,Failed,11:16:00
TXN00003882,ACC0000268,05-May-24,Transfer,4657.73,Online,Investment,45889.69,Failed,10:04:00
TXN00001019,ACC0000271,26-Oct-24,Transfer,5493.25,Online,Investment,47177.83,Failed,22:14:00
TXN00003444,ACC0000286,01-Jan-22,Transfer,10054.45,Online,Investment,1732.67,Completed,15:47:00
TXN00004117,ACC0000287,26-May-24,Transfer,3390,Online,Investment,82.54,Failed,22:00:00
TXN00000391,ACC0000299,04-Aug-22,Transfer,737.31,Online,Investment,5069.78,Completed,12:42:00
TXN00004284,ACC0000304,21-Feb-24,Transfer,625.67,Online,Investment,83992.99,Failed,21:11:00
TXN00004520,ACC0000304,23-Aug-24,Transfer,12051.56,Online,Investment,83992.99,Failed,22:12:00
TXN00001479,ACC0000305,31-Jul-24,Transfer,5389.09,Online,Investment,9903.99,Failed,08:04:00
TXN00002040,ACC0000308,28-Sep-23,Transfer,9152.43,Online,Investment,41890.15,Pending,19:07:00
TXN00004168,ACC0000316,26-Oct-22,Transfer,13316.93,Online,Investment,6378.13,Failed,18:05:00
TXN00000594,ACC0000321,06-Jul-22,Transfer,9017.35,Online,Investment,2643.26,Failed,18:33:00
TXN00000852,ACC0000331,30-Aug-22,Transfer,1767.08,Online,Investment,0,Completed,19:45:00
TXN00004876,ACC0000347,19-Apr-23,Transfer,10472.29,Online,Investment,8188.52,Failed,13:12:00
TXN00003095,ACC0000353,23-Feb-22,Transfer,4805.73,Online,Investment,26499.62,Pending,16:46:00
TXN00004388,ACC0000370,01-Apr-23,Transfer,14621.4,Online,Investment,42417.5,Pending,10:21:00
TXN00000021,ACC0000374,22-Jul-22,Transfer,12295.04,Online,Investment,71917.83,Failed,09:16:00
TXN00002719,ACC0000379,11-Oct-22,Transfer,10676.63,Online,Investment,23049.61,Failed,18:44:00
TXN00000567,ACC0000390,13-Jan-23,Transfer,3296.24,Online,Investment,28632.9,Completed,08:28:00
TXN00001584,ACC0000390,27-Jan-23,Transfer,549.43,Online,Investment,28632.9,Pending,19:28:00
TXN00004711,ACC0000405,16-May-23,Transfer,8491.04,Online,Investment,19057.24,Pending,12:07:00
TXN00002647,ACC0000406,15-Oct-23,Transfer,9806.45,Online,Investment,24723.52,Completed,17:19:00
TXN00004780,ACC0000441,16-Aug-23,Transfer,10967.66,Online,Investment,36254.86,Completed,11:15:00
TXN00002595,ACC0000455,28-May-24,Transfer,12084.43,Online,Investment,7695.63,Pending,19:39:00
TXN00003078,ACC0000465,03-Jun-23,Transfer,5073.81,Online,Investment,11941.14,Completed,21:16:00
TXN00003515,ACC0000502,17-Jun-23,Transfer,8401.29,Online,Investment,24711.54,Completed,15:53:00
TXN00003298,ACC0000513,06-Oct-23,Transfer,9298.93,Online,Investment,20603.29,Pending,17:00:00
TXN00003382,ACC0000570,09-Sep-23,Transfer,4200.16,Online,Investment,981.58,Completed,08:44:00
TXN00003104,ACC0000572,10-Jun-23,Transfer,14400.93,Online,Investment,5,Failed,18:44:00
TXN00003037,ACC0000573,24-Sep-24,Transfer,13634.94,Online,Investment,23591.01,Completed,20:04:00
TXN00003330,ACC0000578,13-Dec-24,Transfer,6469.54,Online,Investment,10734.74,Failed,19:15:00
TXN00003322,ACC0000589,09-Nov-24,Transfer,2730.08,Online,Investment,6627.09,Failed,11:11:00
TXN00000206,ACC0000598,09-Nov-23,Transfer,8739.86,Online,Investment,869.77,Pending,22:12:00
TXN00004110,ACC0000599,08-Jan-24,Transfer,2080.32,Online,Investment,22529.93,Failed,16:06:00
TXN00000582,ACC0000606,05-Dec-24,Transfer,3533.37,Online,Investment,8008.01,Failed,13:45:00
TXN00003301,ACC0000609,04-Jun-22,Transfer,7284.24,Online,Investment,20397.85,Pending,22:03:00
TXN00004192,ACC0000639,14-Dec-23,Transfer,9798.41,Online,Investment,1603.59,Completed,13:31:00
TXN00004494,ACC0000646,03-Oct-24,Transfer,12115.19,Online,Investment,16238.78,Completed,09:27:00
TXN00000059,ACC0000653,13-Jun-24,Transfer,2030.33,Online,Investment,11712.5,Failed,19:12:00
TXN00000481,ACC0000662,01-Jul-23,Transfer,3086.73,Online,Investment,1958.56,Completed,19:56:00
TXN00003851,ACC0000668,08-Mar-23,Transfer,13136.49,Online,Investment,46462.2,Completed,15:04:00
TXN00000451,ACC0000012,10-Jul-23,Debit,10991.79,Online,Utility,10749.04,Failed,10:59:00
TXN00000269,ACC0000015,09-Aug-22,Debit,10248.2,Online,Utility,41247.04,Pending,18:20:00
TXN00002117,ACC0000020,23-Dec-22,Debit,726.29,Online,Utility,12957.66,Completed,20:22:00
TXN00001449,ACC0000047,02-Mar-24,Debit,14760.62,Online,Utility,61480.13,Completed,20:22:00
TXN00004561,ACC0000054,17-Feb-24,Debit,14217.17,Online,Utility,16175.3,Completed,10:55:00
TXN00000773,ACC0000086,29-Jun-24,Debit,10309.81,Online,Utility,19801.09,Completed,18:26:00
TXN00003964,ACC0000086,14-Dec-24,Debit,6523.76,Online,Utility,19801.09,Failed,14:26:00
TXN00003120,ACC0000089,19-Aug-23,Debit,135.82,Online,Utility,163.52,Completed,22:11:00
TXN00000995,ACC0000097,17-Jul-24,Debit,6888.51,Online,Utility,8154.37,Pending,19:40:00
TXN00002536,ACC0000104,02-Jan-24,Debit,7573.3,Online,Utility,11605.51,Completed,20:43:00
TXN00002633,ACC0000111,21-Nov-22,Debit,3979.17,Online,Utility,12726.12,Pending,17:23:00
TXN00004091,ACC0000118,02-Mar-24,Debit,5789.72,Online,Utility,1784.61,Completed,18:41:00
TXN00001248,ACC0000119,20-Jul-24,Debit,346.18,Online,Utility,343.88,Completed,12:55:00
TXN00002985,ACC0000127,29-Oct-24,Debit,13879.68,Online,Utility,12128.84,Pending,20:12:00
TXN00001517,ACC0000129,29-Dec-23,Debit,5463.94,Online,Utility,33050.07,Pending,22:33:00
TXN00000792,ACC0000131,13-Oct-22,Debit,7372.4,Online,Utility,43745.2,Failed,09:27:00
TXN00002935,ACC0000141,10-Sep-24,Debit,12202.27,Online,Utility,5,Failed,17:29:00
TXN00001279,ACC0000153,07-Jul-24,Debit,4848.81,Online,Utility,5815.54,Completed,12:18:00
TXN00001202,ACC0000155,04-Aug-22,Debit,1699.29,Online,Utility,57073.78,Pending,08:13:00
TXN00001172,ACC0000167,22-Feb-22,Debit,14781.74,Online,Utility,6636.82,Pending,22:46:00
TXN00004429,ACC0000177,03-Jan-23,Debit,2486.43,Online,Utility,1610.18,Pending,10:02:00
TXN00001809,ACC0000181,14-Jul-24,Debit,2147.66,Online,Utility,851.8,Completed,10:51:00
TXN00000755,ACC0000192,02-May-23,Debit,5913.71,Online,Utility,993.01,Failed,13:38:00
TXN00000289,ACC0000201,03-Aug-24,Debit,13604.98,Online,Utility,186.75,Failed,14:32:00
TXN00001445,ACC0000203,02-Apr-24,Debit,12361.15,Online,Utility,61483.33,Pending,21:02:00
TXN00004911,ACC0000205,02-Aug-23,Debit,8261.47,Online,Utility,2738.43,Pending,17:32:00
TXN00001252,ACC0000207,19-Apr-22,Debit,3621.82,Online,Utility,23950.65,Pending,20:59:00
TXN00001669,ACC0000215,27-Sep-22,Debit,9092.97,Online,Utility,6694.68,Pending,11:06:00
TXN00004858,ACC0000215,09-May-23,Debit,1536.42,Online,Utility,2641.04,Completed,20:49:00
TXN00002318,ACC0000221,04-Apr-23,Debit,7963.58,Online,Utility,26591.42,Failed,16:58:00
TXN00000846,ACC0000225,29-Dec-22,Debit,198.95,Online,Utility,16368.25,Completed,18:28:00
TXN00002262,ACC0000234,23-Sep-23,Debit,6436.19,Online,Utility,579.56,Completed,19:31:00
TXN00003801,ACC0000247,20-Oct-22,Debit,11559.93,Online,Utility,42500.23,Failed,21:55:00
TXN00003691,ACC0000280,16-Jul-23,Debit,472.23,Online,Utility,8021.54,Failed,11:50:00
TXN00003552,ACC0000284,20-Nov-22,Debit,2549.12,Online,Utility,34103.96,Completed,21:02:00
TXN00004866,ACC0000288,04-May-19,Debit,481.94,Online,Utility,6917.08,Completed,09:07:00
TXN00004219,ACC0000301,21-Jul-23,Debit,8185.31,Online,Utility,1445.51,Completed,11:41:00
TXN00001304,ACC0000315,15-Oct-23,Debit,14617.25,Online,Utility,1600.69,Pending,08:52:00
TXN00002999,ACC0000318,12-Jun-24,Debit,13525.79,Online,Utility,28163.04,Failed,08:23:00
TXN00000388,ACC0000322,23-Aug-22,Debit,10702.72,Online,Utility,236.96,Completed,22:00:00
TXN00002043,ACC0000326,03-Jan-23,Debit,3386.65,Online,Utility,59041.64,Failed,14:26:00
TXN00004296,ACC0000339,26-Dec-23,Debit,920.65,Online,Utility,80422.6,Pending,22:34:00
TXN00000936,ACC0000348,21-Apr-22,Debit,12595.1,Online,Utility,6444.08,Failed,21:07:00
TXN00003820,ACC0000355,28-Jun-24,Debit,2487.02,Online,Utility,25637.83,Failed,16:16:00
TXN00002123,ACC0000368,03-Feb-24,Debit,11435.08,Online,Utility,1026.38,Pending,10:11:00
TXN00003722,ACC0000372,29-Dec-24,Debit,5302.65,Online,Utility,9304.94,Completed,10:19:00
TXN00004709,ACC0000373,07-Feb-23,Debit,6842.6,Online,Utility,48698.39,Pending,18:55:00
TXN00000864,ACC0000378,09-Oct-22,Debit,2873.14,Online,Utility,12835.63,Pending,12:53:00
TXN00004914,ACC0000380,09-Nov-24,Debit,2152.18,Online,Utility,5820.55,Pending,10:37:00
TXN00001783,ACC0000385,05-Mar-23,Debit,9473.62,Online,Utility,19879.49,Completed,21:43:00
TXN00000733,ACC0000413,26-Mar-23,Debit,1202.25,Online,Utility,793.91,Completed,08:10:00
TXN00002559,ACC0000424,03-Nov-22,Debit,9184.2,Online,Utility,17779.23,Pending,13:08:00
TXN00003430,ACC0000427,24-Jul-22,Debit,6914.71,Online,Utility,4348.37,Failed,09:06:00
TXN00004145,ACC0000428,09-Apr-22,Debit,1587.48,Online,Utility,30040.65,Completed,08:28:00
TXN00002928,ACC0000435,17-Aug-24,Debit,8048.2,Online,Utility,29268.11,Pending,11:58:00
TXN00003558,ACC0000443,05-Aug-24,Debit,4516.78,Online,Utility,15017.58,Completed,11:00:00
TXN00003837,ACC0000472,14-Dec-23,Debit,2306.61,Online,Utility,23537.74,Completed,21:57:00
TXN00002538,ACC0000492,12-Feb-23,Debit,6427.83,Online,Utility,26372.74,Completed,13:28:00
TXN00001569,ACC0000495,02-Dec-23,Debit,5248.33,Online,Utility,4361.76,Pending,11:36:00
TXN00001511,ACC0000495,19-May-24,Debit,1301.9,Online,Utility,4361.76,Failed,08:12:00
TXN00001962,ACC0000544,07-Aug-24,Debit,5487.83,Online,Utility,24662.13,Completed,22:05:00
TXN00004614,ACC0000567,25-Feb-24,Debit,13780.79,Online,Utility,39481.27,Pending,10:40:00
TXN00003122,ACC0000567,25-Jun-24,Debit,10171.98,Online,Utility,27605.17,Completed,14:04:00
TXN00000926,ACC0000571,29-Jan-24,Debit,3425.27,Online,Utility,5428.9,Completed,19:00:00
TXN00002817,ACC0000584,01-Jan-24,Debit,302.21,Online,Utility,1127.42,Completed,16:01:00
TXN00003109,ACC0000585,05-Jun-23,Debit,1420.24,Online,Utility,17243.57,Pending,16:15:00
TXN00002900,ACC0000591,23-Jul-23,Debit,12849.48,Online,Utility,24497.62,Failed,09:36:00
TXN00003291,ACC0000596,21-Nov-22,Debit,4409.71,Online,Utility,10718.06,Pending,10:07:00
TXN00002470,ACC0000611,18-Jul-23,Debit,7596.2,Online,Utility,5,Completed,13:15:00
TXN00004957,ACC0000631,12-Jan-24,Debit,432.93,Online,Utility,27.36,Failed,21:25:00
TXN00004357,ACC0000634,18-Feb-24,Debit,13606.14,Online,Utility,52995.06,Failed,11:42:00
TXN00000988,ACC0000634,02-Apr-24,Debit,12722.78,Online,Utility,40272.28,Completed,19:36:00
TXN00000437,ACC0000635,12-Jun-24,Debit,12709.24,Online,Utility,18376.83,Failed,10:59:00
TXN00004171,ACC0000635,24-Jun-24,Debit,13691.04,Online,Utility,18376.83,Pending,08:28:00
TXN00003295,ACC0000639,16-Feb-23,Debit,87.77,Online,Utility,11402,Failed,17:20:00
TXN00003097,ACC0000640,29-Oct-22,Debit,5838.43,Online,Utility,65731.97,Pending,12:02:00
TXN00000041,ACC0000649,19-Jul-22,Debit,2995.7,Online,Utility,18684.34,Completed,20:52:00
TXN00001366,ACC0000650,09-Jan-23,Debit,11989.94,Online,Utility,3596.33,Failed,17:41:00
TXN00001826,ACC0000656,20-Mar-24,Debit,1064.1,Online,Utility,5,Completed,14:15:00
TXN00004533,ACC0000657,27-May-22,Debit,14330.23,Online,Utility,36167.64,Pending,09:41:00
TXN00001359,ACC0000664,06-Sep-22,Debit,9685.77,Online,Utility,48848.71,Completed,19:41:00
TXN00003836,ACC0000680,21-May-23,Debit,7024.41,Online,Utility,58057.63,Failed,21:08:00
TXN00003072,ACC0000687,25-Aug-23,Debit,4896.47,Online,Utility,724.26,Completed,21:37:00
TXN00001765,ACC0000689,07-Aug-24,Debit,371.67,Online,Utility,5,Completed,18:36:00
TXN00004705,ACC0000690,01-Jun-23,Debit,14028.61,Online,Utility,47392.31,Pending,13:39:00
TXN00002701,ACC0000700,19-Jul-24,Debit,4739.22,Online,Utility,1517.34,Completed,12:19:00
TXN00002247,ACC0000001,24-Sep-22,Fee,2930.08,Online,Utility,45795.94,Completed,19:29:00
TXN00000999,ACC0000002,22-Sep-23,Fee,10738.04,Online,Utility,39012.16,Completed,19:38:00
TXN00001639,ACC0000031,07-Aug-24,Fee,8427.67,Online,Utility,15748.58,Completed,22:47:00
TXN00001482,ACC0000033,06-Mar-23,Fee,52.2,Online,Utility,1441.28,Completed,22:33:00
TXN00002022,ACC0000035,15-Nov-23,Fee,646.18,Online,Utility,924.81,Completed,17:52:00
TXN00001554,ACC0000048,09-Jan-23,Fee,2816.4,Online,Utility,1273.54,Completed,13:04:00
TXN00004597,ACC0000055,01-Aug-23,Fee,14875.8,Online,Utility,11548.63,Completed,18:23:00
TXN00000866,ACC0000064,29-Aug-24,Fee,13763.66,Online,Utility,219.19,Completed,15:23:00
TXN00003852,ACC0000067,27-Oct-22,Fee,8878.24,Online,Utility,0,Completed,19:37:00
TXN00000579,ACC0000074,08-Mar-23,Fee,12925.14,Online,Utility,48905.35,Completed,15:00:00
TXN00001101,ACC0000085,17-Sep-22,Fee,5965.08,Online,Utility,2190.66,Completed,12:10:00
TXN00000389,ACC0000089,05-Aug-22,Fee,392.84,Online,Utility,299.34,Completed,16:23:00
TXN00004861,ACC0000090,22-Jun-24,Fee,386.99,Online,Utility,215.72,Completed,17:18:00
TXN00003521,ACC0000094,23-May-22,Fee,784.65,Online,Utility,21843.46,Completed,14:16:00
TXN00004189,ACC0000101,18-Oct-24,Fee,10258.89,Online,Utility,4929.26,Completed,08:05:00
TXN00003845,ACC0000110,01-Jun-23,Fee,12299.8,Online,Utility,24478.38,Completed,15:37:00
TXN00004833,ACC0000111,11-Jul-24,Fee,3682.63,Online,Utility,12119.99,Completed,10:42:00
TXN00003842,ACC0000125,04-Dec-23,Fee,11417.79,Online,Utility,23319.73,Completed,18:21:00
TXN00000381,ACC0000138,07-Aug-24,Fee,13921.31,Online,Utility,13438.84,Completed,11:42:00
TXN00000038,ACC0000149,18-Feb-23,Fee,3883.29,Online,Utility,9272.95,Completed,08:13:00
TXN00004124,ACC0000151,21-Oct-24,Fee,108.68,Online,Utility,133.55,Completed,16:49:00
TXN00001869,ACC0000156,28-Oct-22,Fee,4955.35,Online,Utility,40426.03,Completed,19:45:00
TXN00001495,ACC0000168,01-Aug-22,Fee,13230.7,Online,Utility,7284.54,Completed,19:26:00
TXN00004716,ACC0000178,10-Dec-24,Fee,72.17,Online,Utility,78.96,Completed,08:32:00
TXN00001855,ACC0000186,31-Dec-23,Fee,2653.18,Online,Utility,31316.02,Completed,19:28:00
TXN00004268,ACC0000194,25-May-24,Fee,8780.73,Online,Utility,56734.84,Completed,15:44:00
TXN00002507,ACC0000200,24-Feb-23,Fee,10269.86,Online,Utility,35500.67,Completed,17:28:00
TXN00004919,ACC0000201,06-Jun-24,Fee,519.98,Online,Utility,186.75,Completed,14:03:00
TXN00001725,ACC0000206,20-Jul-22,Fee,5977.88,Online,Utility,13333.18,Completed,10:04:00
TXN00004714,ACC0000211,20-Oct-24,Fee,6186.59,Online,Utility,37104.3,Completed,10:02:00
TXN00001424,ACC0000215,15-Apr-24,Fee,132.53,Online,Utility,2508.51,Completed,14:21:00
TXN00001392,ACC0000228,31-Aug-23,Fee,2230.41,Online,Utility,1150.44,Completed,09:43:00
TXN00000433,ACC0000244,03-Sep-22,Fee,1222.49,Online,Utility,11571.25,Completed,22:39:00
TXN00000940,ACC0000263,30-Mar-24,Fee,4811.1,Online,Utility,10617.68,Completed,19:52:00
TXN00004240,ACC0000281,01-Mar-20,Fee,14624.63,Online,Utility,4925.2,Completed,09:59:00
TXN00000343,ACC0000281,11-Oct-20,Fee,4488.5,Online,Utility,436.7,Completed,16:33:00
TXN00004335,ACC0000284,27-Jan-23,Fee,1136.78,Online,Utility,31597.7,Completed,12:26:00
TXN00000747,ACC0000287,27-Apr-24,Fee,189.56,Online,Utility,82.54,Completed,19:16:00
TXN00000444,ACC0000324,30-May-24,Fee,384.23,Online,Utility,7984.81,Completed,20:51:00
TXN00002226,ACC0000344,23-Sep-22,Fee,11101.22,Online,Utility,28337.95,Completed,11:18:00
TXN00004181,ACC0000361,09-Apr-22,Fee,6030.47,Online,Utility,591.51,Completed,11:22:00
TXN00004384,ACC0000365,22-Jul-24,Fee,3628.54,Online,Utility,2276.98,Completed,12:40:00
TXN00002000,ACC0000376,02-Aug-24,Fee,1895.26,Online,Utility,906.41,Completed,19:02:00
TXN00003028,ACC0000382,10-Jun-23,Fee,2720.06,Online,Utility,36889.15,Completed,14:48:00
TXN00000756,ACC0000385,13-May-23,Fee,2167.96,Online,Utility,17711.53,Completed,18:41:00
TXN00001802,ACC0000391,13-Jun-23,Fee,1389.14,Online,Utility,686.68,Completed,18:40:00
TXN00001905,ACC0000394,02-Apr-22,Fee,4531.64,Online,Utility,50790.38,Completed,21:00:00
TXN00002265,ACC0000422,20-Apr-24,Fee,3222,Online,Utility,43087.26,Completed,08:38:00
TXN00001333,ACC0000433,29-Nov-24,Fee,5318.19,Online,Utility,3197.25,Completed,15:59:00
TXN00000275,ACC0000439,15-Jun-23,Fee,14664.39,Online,Utility,6919.78,Completed,14:31:00
TXN00004393,ACC0000441,04-Nov-24,Fee,9522.55,Online,Utility,18684.78,Completed,20:05:00
TXN00000230,ACC0000463,10-Sep-23,Fee,273.96,Online,Utility,231.63,Completed,17:07:00
TXN00004174,ACC0000463,08-Oct-23,Fee,176.73,Online,Utility,54.9,Completed,18:38:00
TXN00002166,ACC0000463,03-Mar-24,Fee,46.64,Online,Utility,8.26,Completed,13:38:00
TXN00001768,ACC0000465,12-Jul-23,Fee,1695.81,Online,Utility,708.36,Completed,10:34:00
TXN00004642,ACC0000469,17-Aug-24,Fee,5482.71,Online,Utility,3866.01,Completed,08:13:00
TXN00001494,ACC0000484,15-Dec-24,Fee,1198.1,Online,Utility,142.94,Completed,16:56:00
TXN00002979,ACC0000485,28-Oct-23,Fee,13159.13,Online,Utility,1913.23,Completed,22:54:00
TXN00003282,ACC0000508,26-Nov-24,Fee,10123.62,Online,Utility,10307.37,Completed,16:48:00
TXN00001849,ACC0000510,14-May-22,Fee,9333.89,Online,Utility,43287.74,Completed,17:53:00
TXN00000943,ACC0000512,16-Dec-23,Fee,3471.16,Online,Utility,4771.13,Completed,15:54:00
TXN00000751,ACC0000521,21-Jul-24,Fee,9867.4,Online,Utility,16000.47,Completed,16:16:00
TXN00004665,ACC0000522,25-Apr-24,Fee,4362,Online,Utility,37610.3,Completed,10:56:00
TXN00003499,ACC0000522,19-Sep-24,Fee,6776.74,Online,Utility,30833.56,Completed,08:41:00
TXN00004392,ACC0000531,14-Dec-23,Fee,2521.33,Online,Utility,23287.69,Completed,13:23:00
TXN00003339,ACC0000533,09-May-23,Fee,4652.34,Online,Utility,10760.71,Completed,21:42:00
TXN00002618,ACC0000542,16-Sep-23,Fee,4704.32,Online,Utility,23907.1,Completed,12:06:00
TXN00003041,ACC0000545,30-Apr-23,Fee,5487.36,Online,Utility,32972.01,Completed,12:20:00
TXN00000739,ACC0000552,03-Sep-24,Fee,2392.54,Online,Utility,29633.52,Completed,09:03:00
TXN00002491,ACC0000561,12-Oct-24,Fee,7132.55,Online,Utility,1020.47,Completed,11:59:00
TXN00003002,ACC0000563,18-Oct-23,Fee,13459.4,Online,Utility,3070.21,Completed,19:44:00
TXN00004765,ACC0000570,08-May-24,Fee,743.35,Online,Utility,238.23,Completed,13:11:00
TXN00002877,ACC0000578,21-Feb-23,Fee,14365.97,Online,Utility,23282.91,Completed,13:35:00
TXN00002408,ACC0000582,23-Feb-23,Fee,2676.6,Online,Utility,10509.47,Completed,22:45:00
TXN00003895,ACC0000582,22-Jan-24,Fee,1411.34,Online,Utility,16203.89,Completed,09:16:00
TXN00002591,ACC0000585,21-Oct-24,Fee,7881.14,Online,Utility,12.09,Completed,18:11:00
TXN00004798,ACC0000592,30-Dec-24,Fee,2343.24,Online,Utility,24077.2,Completed,20:18:00
TXN00004652,ACC0000596,17-Feb-23,Fee,997.23,Online,Utility,9720.83,Completed,15:06:00
TXN00001949,ACC0000604,21-Sep-23,Fee,5379.81,Online,Utility,30414.35,Completed,20:00:00
TXN00000192,ACC0000607,26-Sep-22,Fee,2470.72,Online,Utility,1212.06,Completed,12:02:00
TXN00001638,ACC0000615,15-Dec-22,Fee,4549.36,Online,Utility,52522.79,Completed,21:20:00
TXN00000768,ACC0000620,30-Jun-24,Fee,655.51,Online,Utility,33135.45,Completed,20:57:00
TXN00004114,ACC0000658,03-Feb-23,Fee,4586.77,Online,Utility,22285.12,Completed,20:46:00
TXN00003594,ACC0000662,11-Nov-24,Fee,1700.28,Online,Utility,258.28,Completed,22:31:00
TXN00003026,ACC0000668,09-Mar-23,Fee,8105.34,Online,Utility,38356.86,Completed,10:52:00
TXN00003389,ACC0000671,03-Jul-22,Fee,5161.77,Online,Utility,1961.29,Completed,12:43:00
TXN00001090,ACC0000674,12-Feb-22,Fee,1982.65,Online,Utility,4464.3,Completed,22:15:00
TXN00003402,ACC0000681,12-Jun-22,Fee,10509.06,Online,Utility,3543.52,Completed,21:11:00
TXN00001587,ACC0000694,17-Jan-23,Fee,14008.52,Online,Utility,5709.18,Completed,08:16:00
TXN00002826,ACC0000002,28-Jul-24,Fee,3224.22,Online,Utility,39012.16,Pending,08:02:00
TXN00002290,ACC0000008,13-May-22,Fee,12853.22,Online,Utility,6354.41,Pending,10:48:00
TXN00003571,ACC0000019,08-Mar-22,Fee,1302.6,Online,Utility,37782.56,Pending,16:13:00
TXN00000201,ACC0000019,22-Apr-22,Fee,8596.59,Online,Utility,37782.56,Pending,11:53:00
TXN00002489,ACC0000019,02-Apr-24,Fee,14577.07,Online,Utility,35927.48,Pending,10:39:00
TXN00004794,ACC0000044,04-Jun-22,Fee,13716.19,Online,Utility,36748.43,Pending,08:34:00
TXN00000573,ACC0000047,10-Oct-23,Fee,12411.41,Online,Utility,76240.75,Pending,17:32:00
TXN00004881,ACC0000049,01-Jan-22,Fee,13531.77,Online,Utility,11907.1,Pending,16:13:00
TXN00000726,ACC0000053,23-May-24,Fee,8438.91,Online,Utility,53818.15,Pending,08:54:00
TXN00000179,ACC0000066,11-Mar-23,Fee,11102.79,Online,Utility,55228.07,Pending,21:11:00
TXN00003470,ACC0000071,26-Aug-23,Fee,3758.56,Online,Utility,51791.75,Pending,18:55:00
TXN00000599,ACC0000073,16-May-24,Fee,12782.03,Online,Utility,17981.44,Pending,12:26:00
TXN00003759,ACC0000074,06-Oct-22,Fee,5414.28,Online,Utility,61830.49,Pending,14:54:00
TXN00003415,ACC0000075,21-Jun-24,Fee,6127.75,Online,Utility,964.14,Pending,22:34:00
TXN00000722,ACC0000086,06-Dec-24,Fee,12535.44,Online,Utility,19801.09,Pending,17:22:00
TXN00004299,ACC0000089,08-Apr-24,Fee,4648.2,Online,Utility,163.52,Pending,18:38:00
TXN00000856,ACC0000101,19-Sep-23,Fee,13342.74,Online,Utility,24901.25,Pending,17:09:00
TXN00002863,ACC0000103,07-Oct-24,Fee,9403.61,Online,Utility,23321.04,Pending,14:53:00
TXN00000117,ACC0000108,03-Apr-23,Fee,6583.58,Online,Utility,12889.34,Pending,20:49:00
TXN00000091,ACC0000108,19-Mar-24,Fee,11913.03,Online,Utility,22123.09,Pending,22:12:00
TXN00002684,ACC0000112,27-Jul-23,Fee,1980.31,Online,Utility,24791.53,Pending,19:55:00
TXN00003824,ACC0000132,24-May-22,Fee,11199.57,Online,Utility,8099.46,Pending,11:00:00
TXN00004872,ACC0000139,03-Jun-24,Fee,5127.87,Online,Utility,26916.04,Pending,18:05:00
TXN00004658,ACC0000144,27-Feb-22,Fee,9033.26,Online,Utility,25328.74,Pending,22:43:00
TXN00004081,ACC0000145,27-Aug-24,Fee,14953.45,Online,Utility,13851.74,Pending,17:52:00
TXN00003481,ACC0000152,28-Aug-24,Fee,10535.2,Online,Utility,71906.03,Pending,12:36:00
TXN00000234,ACC0000160,19-Nov-20,Fee,10931.65,Online,Utility,53171.21,Pending,21:32:00
TXN00003182,ACC0000162,20-Dec-23,Fee,12275.62,Online,Utility,30583.46,Pending,21:34:00
TXN00001898,ACC0000174,29-Jul-22,Fee,11148.85,Online,Utility,1313.53,Pending,19:07:00
TXN00001381,ACC0000176,03-Sep-24,Fee,10152.37,Online,Utility,19321.94,Pending,09:09:00
TXN00001685,ACC0000181,13-Jan-24,Fee,13703.39,Online,Utility,0,Pending,21:53:00
TXN00002750,ACC0000194,11-Oct-23,Fee,11904.32,Online,Utility,65515.57,Pending,22:23:00
TXN00004307,ACC0000211,08-Mar-24,Fee,4552.27,Online,Utility,34312.67,Pending,09:34:00
TXN00004769,ACC0000217,29-Aug-24,Fee,9438.97,Online,Utility,10208.47,Pending,15:49:00
TXN00002602,ACC0000227,21-Sep-23,Fee,5102.57,Online,Utility,41129.4,Pending,15:40:00
TXN00000424,ACC0000237,04-Jul-22,Fee,3940.77,Online,Utility,51530.48,Pending,21:56:00
TXN00004006,ACC0000237,24-May-23,Fee,14384.91,Online,Utility,66213.07,Pending,13:40:00
TXN00004719,ACC0000239,10-Nov-23,Fee,728.32,Online,Utility,1012.89,Pending,21:36:00
TXN00003180,ACC0000240,04-Jun-24,Fee,12498.48,Online,Utility,6640.96,Pending,11:20:00
TXN00001103,ACC0000241,11-Nov-22,Fee,6633.9,Online,Utility,11547.09,Pending,08:50:00
TXN00004048,ACC0000243,12-Jun-24,Fee,6963.97,Online,Utility,8922.47,Pending,21:51:00
TXN00000309,ACC0000246,30-Apr-22,Fee,322.79,Online,Utility,0,Pending,10:50:00
TXN00001983,ACC0000268,28-Aug-22,Fee,9975.25,Online,Utility,57584.93,Pending,12:01:00
TXN00004390,ACC0000274,15-Jul-24,Fee,4730,Online,Utility,4523.13,Pending,08:14:00
TXN00003067,ACC0000275,16-Oct-22,Fee,122.91,Online,Utility,66386.82,Pending,13:35:00
TXN00000842,ACC0000282,14-Nov-24,Fee,2662.22,Online,Utility,5,Pending,20:27:00
TXN00000217,ACC0000285,16-Jan-22,Fee,9869.7,Online,Utility,53202.1,Pending,09:56:00
TXN00003620,ACC0000292,25-Nov-23,Fee,5819.8,Online,Utility,8010.76,Pending,21:36:00
TXN00004107,ACC0000317,19-Dec-22,Fee,6987.56,Online,Utility,38174.87,Pending,15:18:00
TXN00000436,ACC0000348,14-Jun-22,Fee,12679.09,Online,Utility,6444.08,Pending,22:23:00
TXN00003903,ACC0000350,16-Apr-23,Fee,8337.22,Online,Utility,3151.99,Pending,21:18:00
TXN00003422,ACC0000352,26-Jun-24,Fee,10225.58,Online,Utility,44556.96,Pending,09:50:00
TXN00002604,ACC0000357,01-Nov-24,Fee,7493.84,Online,Utility,47150.7,Pending,16:48:00
TXN00001655,ACC0000359,17-Dec-22,Fee,14818.99,Online,Utility,27723.67,Pending,17:20:00
TXN00001188,ACC0000361,24-Sep-22,Fee,13578.8,Online,Utility,591.51,Pending,14:48:00
TXN00003539,ACC0000368,04-Sep-22,Fee,5482.2,Online,Utility,4874.48,Pending,15:23:00
TXN00003460,ACC0000376,22-Mar-22,Fee,4947.98,Online,Utility,2801.67,Pending,19:23:00
TXN00002024,ACC0000379,06-Feb-23,Fee,3321.91,Online,Utility,23049.61,Pending,21:29:00
TXN00000944,ACC0000381,25-Nov-23,Fee,2385.08,Online,Utility,44431.1,Pending,11:05:00
TXN00003190,ACC0000399,22-Apr-23,Fee,8780.28,Online,Utility,6807.13,Pending,22:43:00
TXN00001777,ACC0000408,23-Jun-24,Fee,11283.48,Online,Utility,11848.9,Pending,08:52:00
TXN00004333,ACC0000409,26-Nov-24,Fee,8190.19,Online,Utility,919.15,Pending,18:21:00
TXN00000508,ACC0000414,01-May-23,Fee,14195.73,Online,Utility,21589.75,Pending,08:58:00
TXN00003647,ACC0000421,16-Jul-23,Fee,929.62,Online,Utility,22469.29,Pending,13:37:00
TXN00001192,ACC0000433,24-Feb-23,Fee,11282.54,Online,Utility,13416.12,Pending,15:53:00
TXN00000474,ACC0000446,02-Nov-23,Fee,5755.51,Online,Utility,18760.44,Pending,09:35:00
TXN00003791,ACC0000458,03-Jan-23,Fee,3083.23,Online,Utility,10458.75,Pending,10:23:00
TXN00000238,ACC0000485,16-Jun-24,Fee,12475.21,Online,Utility,16086.98,Pending,15:11:00
TXN00004074,ACC0000499,05-Oct-23,Fee,6597.37,Online,Utility,43428.72,Pending,19:46:00
TXN00000250,ACC0000500,25-Sep-23,Fee,3451.33,Online,Utility,19392.55,Pending,20:05:00
TXN00003921,ACC0000501,17-Aug-24,Fee,7031.27,Online,Utility,39289.07,Pending,08:43:00
TXN00002508,ACC0000502,17-Aug-23,Fee,13081.16,Online,Utility,24711.54,Pending,22:40:00
TXN00001270,ACC0000502,29-Sep-23,Fee,12523.85,Online,Utility,24711.54,Pending,16:17:00
TXN00004951,ACC0000515,19-Aug-24,Fee,4888.43,Online,Utility,35630.17,Pending,22:25:00
TXN00003576,ACC0000549,17-Nov-23,Fee,3432.4,Online,Utility,26507.05,Pending,16:11:00
TXN00003677,ACC0000550,17-Apr-22,Fee,2662.22,Online,Utility,27563.1,Pending,21:17:00
TXN00000947,ACC0000557,03-Apr-23,Fee,14012.89,Online,Utility,9516.65,Pending,15:20:00
TXN00003681,ACC0000558,02-Aug-23,Fee,5426.57,Online,Utility,905.06,Pending,17:48:00
TXN00000001,ACC0000561,04-Mar-24,Fee,9382.39,Online,Utility,8153.02,Pending,13:43:00
TXN00004954,ACC0000565,02-Sep-23,Fee,3079.66,Online,Utility,19361.82,Pending,10:25:00
TXN00001264,ACC0000566,10-May-24,Fee,4163.85,Online,Utility,21263.23,Pending,15:58:00
TXN00001387,ACC0000569,02-Sep-24,Fee,1910.49,Online,Utility,54407.61,Pending,08:00:00
TXN00000974,ACC0000584,02-Nov-22,Fee,2387.86,Online,Utility,1429.63,Pending,13:40:00
TXN00000684,ACC0000586,02-Jul-23,Fee,5702.83,Online,Utility,4414.2,Pending,12:02:00
TXN00004893,ACC0000595,23-Jul-22,Fee,13966.28,Online,Utility,16902.22,Pending,13:09:00
TXN00001916,ACC0000615,24-Aug-22,Fee,2191.78,Online,Utility,49055.01,Pending,11:56:00
TXN00000612,ACC0000616,05-Mar-24,Fee,14396.91,Online,Utility,12943.81,Pending,14:35:00
TXN00001314,ACC0000636,15-Jul-24,Fee,6538.54,Online,Utility,30525.48,Pending,22:06:00
TXN00001070,ACC0000640,06-May-23,Fee,12820.77,Online,Utility,73445.04,Pending,19:50:00
TXN00003924,ACC0000642,27-Nov-24,Fee,12407.19,Online,Utility,5,Pending,14:08:00
TXN00001974,ACC0000651,18-Mar-22,Fee,2070.94,Online,Utility,19549.63,Pending,20:01:00
TXN00001046,ACC0000655,06-Apr-23,Fee,6473.23,Online,Utility,1272.76,Pending,19:39:00
TXN00001351,ACC0000668,13-Jan-24,Fee,5528.75,Online,Utility,29096.96,Pending,18:38:00
TXN00002282,ACC0000677,16-Jun-23,Fee,2896.54,Online,Utility,1300.53,Pending,22:19:00
TXN00004239,ACC0000004,03-Feb-23,Fee,14253.72,Online,Utility,10466.83,Failed,15:05:00
TXN00002161,ACC0000030,22-Nov-23,Fee,5341.05,Online,Utility,38102.58,Failed,19:18:00
TXN00000053,ACC0000035,15-Feb-23,Fee,12306.55,Online,Utility,1570.99,Failed,11:59:00
TXN00002666,ACC0000038,22-Sep-23,Fee,2302.33,Online,Utility,9639.54,Failed,21:36:00
TXN00004394,ACC0000050,22-Feb-23,Fee,14019.5,Online,Utility,30778.13,Failed,08:30:00
TXN00002108,ACC0000059,19-Jan-23,Fee,4626.04,Online,Utility,24971.93,Failed,20:57:00
TXN00002018,ACC0000078,19-Dec-24,Fee,2274.28,Online,Utility,703.18,Failed,14:59:00
TXN00000039,ACC0000079,15-May-23,Fee,2732.53,Online,Utility,33417.57,Failed,10:55:00
TXN00002961,ACC0000086,15-Jun-22,Fee,6367.38,Online,Utility,30110.9,Failed,18:05:00
TXN00001926,ACC0000091,09-May-24,Fee,9636.4,Online,Utility,9561.41,Failed,21:11:00
TXN00000479,ACC0000098,28-Apr-23,Fee,546.78,Online,Utility,48453.43,Failed,12:49:00
TXN00001005,ACC0000103,16-Jun-24,Fee,9669.34,Online,Utility,34623.46,Failed,14:12:00
TXN00001367,ACC0000103,17-Sep-24,Fee,9081.37,Online,Utility,23321.04,Failed,12:49:00
TXN00001296,ACC0000106,21-Aug-22,Fee,11944.22,Online,Utility,1329.16,Failed,10:15:00
TXN00003754,ACC0000115,10-Jan-23,Fee,3093.72,Online,Utility,9144.8,Failed,21:09:00
TXN00000668,ACC0000118,21-Jul-24,Fee,8585.04,Online,Utility,240.12,Failed,10:27:00
TXN00003156,ACC0000127,01-Aug-23,Fee,1863.63,Online,Utility,12128.84,Failed,19:29:00
TXN00002695,ACC0000137,27-Apr-24,Fee,1977.34,Online,Utility,17858.11,Failed,14:21:00
TXN00001621,ACC0000144,16-Nov-22,Fee,2451.98,Online,Utility,15581.18,Failed,08:53:00
TXN00001216,ACC0000152,09-Apr-23,Fee,5939.99,Online,Utility,79048.52,Failed,21:25:00
TXN00004407,ACC0000163,22-Aug-22,Fee,6354.1,Online,Utility,3357.75,Failed,10:24:00
TXN00002068,ACC0000169,19-May-22,Fee,8555.44,Online,Utility,24092.21,Failed,13:30:00
TXN00000195,ACC0000171,14-Jun-23,Fee,2332.39,Online,Utility,1579.06,Failed,12:29:00
TXN00004704,ACC0000182,29-Aug-24,Fee,13387.64,Online,Utility,34865.25,Failed,17:53:00
TXN00001458,ACC0000185,27-Sep-22,Fee,7620.55,Online,Utility,65405.65,Failed,14:17:00
TXN00004556,ACC0000186,30-Nov-23,Fee,5193.96,Online,Utility,33969.2,Failed,10:38:00
TXN00000354,ACC0000192,12-Jun-24,Fee,4910.26,Online,Utility,592.79,Failed,12:53:00
TXN00000331,ACC0000196,09-Feb-24,Fee,10322.12,Online,Utility,36293.84,Failed,14:42:00
TXN00002593,ACC0000197,10-Nov-22,Fee,2841.89,Online,Utility,42966.84,Failed,16:55:00
TXN00001942,ACC0000198,21-Jun-24,Fee,12535.94,Online,Utility,35863.86,Failed,12:51:00
TXN00000376,ACC0000200,07-Dec-23,Fee,10226,Online,Utility,35500.67,Failed,14:32:00
TXN00004162,ACC0000204,23-Sep-24,Fee,7261.24,Online,Utility,59974.4,Failed,12:23:00
TXN00002328,ACC0000208,09-Oct-23,Fee,7190.7,Online,Utility,4088.87,Failed,19:42:00
TXN00001972,ACC0000223,23-Jun-24,Fee,10343.33,Online,Utility,7812.36,Failed,22:18:00
TXN00004439,ACC0000224,21-Sep-23,Fee,923.17,Online,Utility,1108.96,Failed,19:02:00
TXN00003018,ACC0000225,10-Mar-24,Fee,8276.25,Online,Utility,18586.03,Failed,19:19:00
TXN00002779,ACC0000226,23-Jul-24,Fee,7557.82,Online,Utility,926.69,Failed,11:10:00
TXN00001224,ACC0000229,09-May-22,Fee,10763.47,Online,Utility,14664.67,Failed,21:19:00
TXN00002314,ACC0000236,25-Feb-24,Fee,5228.19,Online,Utility,16075.66,Failed,08:27:00
TXN00002019,ACC0000241,11-Jan-20,Fee,420.29,Online,Utility,5083.43,Failed,16:16:00
TXN00001132,ACC0000246,13-Mar-24,Fee,7780.63,Online,Utility,0,Failed,15:48:00
TXN00001233,ACC0000270,04-Jul-23,Fee,11252.12,Online,Utility,31751.88,Failed,11:57:00
TXN00004515,ACC0000271,26-Dec-24,Fee,5445.66,Online,Utility,47177.83,Failed,18:13:00
TXN00001779,ACC0000280,05-Jul-24,Fee,9164.32,Online,Utility,1971.1,Failed,09:32:00
TXN00000707,ACC0000282,07-Jun-23,Fee,14979.56,Online,Utility,5,Failed,21:42:00
TXN00002544,ACC0000294,15-Mar-23,Fee,8173.77,Online,Utility,27534.6,Failed,18:47:00
TXN00004727,ACC0000295,15-Aug-24,Fee,3655.77,Online,Utility,13536.04,Failed,20:52:00
TXN00004925,ACC0000313,28-Oct-24,Fee,12197.76,Online,Utility,270.51,Failed,18:11:00
TXN00004257,ACC0000319,09-Mar-24,Fee,7922.34,Online,Utility,15430.4,Failed,13:28:00
TXN00004148,ACC0000323,07-Feb-22,Fee,10844.02,Online,Utility,48804.76,Failed,21:42:00
TXN00001540,ACC0000324,20-Apr-24,Fee,2007.92,Online,Utility,8369.04,Failed,21:07:00
TXN00003048,ACC0000330,29-Dec-23,Fee,14596.73,Online,Utility,16559.79,Failed,18:26:00
TXN00003084,ACC0000332,04-Jan-23,Fee,14043.82,Online,Utility,54967.95,Failed,13:03:00
TXN00004294,ACC0000338,26-Feb-22,Fee,3797.13,Online,Utility,214.23,Failed,10:53:00
TXN00001821,ACC0000341,22-Dec-22,Fee,803.82,Online,Utility,8375.49,Failed,16:11:00
TXN00002594,ACC0000341,20-Jul-24,Fee,3373.36,Online,Utility,8375.49,Failed,21:45:00
TXN00004590,ACC0000343,15-Dec-24,Fee,8128.16,Online,Utility,21911.63,Failed,22:42:00
TXN00004688,ACC0000359,06-Nov-22,Fee,1485.28,Online,Utility,27723.67,Failed,08:49:00
TXN00004300,ACC0000364,16-Nov-23,Fee,583.15,Online,Utility,34315.3,Failed,19:16:00
TXN00000564,ACC0000378,04-Mar-22,Fee,14853.48,Online,Utility,3875.43,Failed,18:04:00
TXN00004375,ACC0000382,16-Aug-23,Fee,376.5,Online,Utility,36889.15,Failed,22:52:00
TXN00002704,ACC0000382,01-Sep-23,Fee,5069.37,Online,Utility,23799.96,Failed,10:05:00
TXN00003385,ACC0000386,20-Jul-22,Fee,8433.16,Online,Utility,0,Failed,15:09:00
TXN00001694,ACC0000392,17-Feb-23,Fee,468.44,Online,Utility,25548.77,Failed,18:43:00
TXN00004188,ACC0000399,12-Apr-22,Fee,4719.59,Online,Utility,6807.13,Failed,16:38:00
TXN00002098,ACC0000411,13-Apr-22,Fee,11442.56,Online,Utility,1188.98,Failed,10:57:00
TXN00003636,ACC0000417,03-Sep-22,Fee,6038.56,Online,Utility,6589.43,Failed,09:37:00
TXN00000070,ACC0000420,25-Nov-24,Fee,2562.22,Online,Utility,26658.01,Failed,21:23:00
TXN00002304,ACC0000424,19-Sep-23,Fee,6083.05,Online,Utility,17779.23,Failed,11:35:00
TXN00001378,ACC0000430,29-Jan-22,Fee,11766.96,Online,Utility,20589.06,Failed,08:54:00
TXN00000934,ACC0000439,07-Jun-24,Fee,12158.99,Online,Utility,3925.52,Failed,15:24:00
TXN00001573,ACC0000446,17-May-22,Fee,5765.38,Online,Utility,26338.56,Failed,09:39:00
TXN00001127,ACC0000449,29-Sep-23,Fee,9015.82,Online,Utility,47749.29,Failed,14:52:00
TXN00000596,ACC0000459,30-Dec-24,Fee,5821.94,Online,Utility,3710.51,Failed,15:05:00
TXN00003923,ACC0000460,16-Jan-24,Fee,817.88,Online,Utility,12426.32,Failed,21:26:00
TXN00001665,ACC0000467,22-Sep-20,Fee,1084.85,Online,Utility,12428.04,Failed,20:27:00
TXN00000666,ACC0000474,19-Mar-23,Fee,3285.99,Online,Utility,8447.28,Failed,19:00:00
TXN00003213,ACC0000488,05-Jun-24,Fee,5398.17,Online,Utility,1746.31,Failed,09:06:00
TXN00002210,ACC0000514,20-Feb-22,Fee,5660.48,Online,Utility,5847.67,Failed,20:30:00
TXN00001116,ACC0000517,21-Jul-23,Fee,3161.02,Online,Utility,41804.59,Failed,15:54:00
TXN00000718,ACC0000534,28-Apr-23,Fee,2652.59,Online,Utility,19709.86,Failed,10:17:00
TXN00002079,ACC0000541,17-Jul-22,Fee,14029.44,Online,Utility,15855.08,Failed,15:16:00
TXN00002323,ACC0000552,09-Nov-24,Fee,10634.99,Online,Utility,29633.52,Failed,08:45:00
TXN00000019,ACC0000557,21-Mar-24,Fee,11459.06,Online,Utility,9516.65,Failed,19:16:00
TXN00003251,ACC0000565,03-Oct-23,Fee,9404.86,Online,Utility,19361.82,Failed,17:08:00
TXN00000027,ACC0000578,23-Nov-24,Fee,8591.95,Online,Utility,23282.91,Failed,11:08:00
TXN00004853,ACC0000582,29-Dec-24,Fee,13804.17,Online,Utility,16203.89,Failed,18:16:00
TXN00001744,ACC0000585,12-Dec-24,Fee,8942.17,Online,Utility,12.09,Failed,11:39:00
TXN00004352,ACC0000586,26-Jan-22,Fee,14083.88,Online,Utility,4414.2,Failed,09:50:00
TXN00001212,ACC0000592,19-Mar-24,Fee,6619.24,Online,Utility,26420.44,Failed,18:47:00
TXN00001897,ACC0000607,18-Feb-22,Fee,6733.23,Online,Utility,3682.78,Failed,17:31:00
TXN00001435,ACC0000619,25-Mar-24,Fee,10999.43,Online,Utility,14824.84,Failed,08:06:00
TXN00000736,ACC0000628,05-Jan-23,Fee,12014.49,Online,Utility,12536.91,Failed,16:48:00
TXN00000139,ACC0000629,03-Dec-22,Fee,8927.87,Online,Utility,38851.23,Failed,08:12:00
TXN00003192,ACC0000631,20-Sep-24,Fee,6236.63,Online,Utility,27.36,Failed,21:52:00
TXN00002102,ACC0000646,10-Jul-24,Fee,1469.63,Online,Utility,28353.97,Failed,12:54:00
TXN00001234,ACC0000646,25-Jul-24,Fee,11536.02,Online,Utility,28353.97,Failed,09:12:00
TXN00003742,ACC0000648,25-Aug-23,Fee,5586.86,Online,Utility,46535.51,Failed,19:12:00
TXN00002467,ACC0000652,23-Jan-23,Fee,8042.81,Online,Utility,39298.56,Failed,10:15:00
TXN00001703,ACC0000655,25-Feb-24,Fee,6682.77,Online,Utility,1272.76,Failed,15:17:00
TXN00002298,ACC0000657,06-Jun-22,Fee,12779.41,Online,Utility,36167.64,Failed,08:28:00
TXN00001085,ACC0000662,16-Apr-23,Fee,4406.48,Online,Utility,5045.29,Failed,11:11:00
TXN00004640,ACC0000669,13-Aug-24,Fee,12546.62,Online,Utility,11860.42,Failed,13:05:00
TXN00001770,ACC0000678,26-Feb-22,Fee,11981.87,Online,Utility,42877.91,Failed,21:02:00
TXN00004724,ACC0000682,05-Apr-24,Fee,6544.29,Online,Utility,31342.47,Failed,10:57:00
TXN00004364,ACC0000696,21-Sep-22,Fee,4803.15,Online,Utility,4470.74,Failed,10:07:00
TXN00002986,ACC0000700,12-Apr-24,Fee,13004.24,Online,Utility,6256.56,Failed,09:39:00
TXN00001876,ACC0000020,13-Sep-24,Debit,14302.44,Online,Purchase,6281.18,Pending,16:09:00
TXN00004803,ACC0000025,09-Sep-23,Debit,13405,Online,Purchase,13579.35,Failed,08:01:00
TXN00002824,ACC0000028,13-Mar-24,Debit,13750.77,Online,Purchase,4786.93,Failed,10:30:00
TXN00004638,ACC0000034,17-Feb-24,Debit,6247.57,Online,Purchase,1463.11,Pending,16:24:00
TXN00001737,ACC0000041,03-May-22,Debit,14494.46,Online,Purchase,3516.88,Failed,22:45:00
TXN00000071,ACC0000042,20-Jan-23,Debit,4403.9,Online,Purchase,17314.05,Pending,18:18:00
TXN00000871,ACC0000063,02-Apr-22,Debit,1923.85,Online,Purchase,2111.74,Completed,18:35:00
TXN00003194,ACC0000069,10-Jul-24,Debit,4151.6,Online,Purchase,39394.48,Pending,16:25:00
TXN00003516,ACC0000072,30-Aug-23,Debit,12388.73,Online,Purchase,11647.81,Pending,20:10:00
TXN00003473,ACC0000085,16-Jun-22,Debit,10468.26,Online,Purchase,8155.74,Pending,14:33:00
TXN00001979,ACC0000092,29-Jul-22,Debit,13095.04,Online,Purchase,12699.67,Completed,18:59:00
TXN00004368,ACC0000097,27-Mar-22,Debit,12783.86,Online,Purchase,8154.37,Pending,13:46:00
TXN00003656,ACC0000099,29-Sep-23,Debit,13837.18,Online,Purchase,30602.3,Pending,13:36:00
TXN00003118,ACC0000100,06-Jul-21,Debit,13993.99,Online,Purchase,5018.4,Pending,15:43:00
TXN00001200,ACC0000115,22-Oct-24,Debit,4012.22,Online,Purchase,5132.58,Completed,17:03:00
TXN00001994,ACC0000132,12-May-22,Debit,5792.62,Online,Purchase,8099.46,Pending,18:23:00
TXN00003247,ACC0000155,16-Feb-22,Debit,2509.42,Online,Purchase,57073.78,Completed,10:02:00
TXN00002372,ACC0000156,13-Apr-24,Debit,7148.76,Online,Purchase,40426.03,Failed,13:31:00
TXN00001444,ACC0000168,14-Jun-22,Debit,1699.96,Online,Purchase,18587.44,Completed,13:52:00
TXN00002461,ACC0000169,04-May-24,Debit,11883.88,Online,Purchase,24092.21,Failed,15:06:00
TXN00000419,ACC0000172,24-Feb-24,Debit,4136.5,Online,Purchase,8087.59,Pending,18:57:00
TXN00001736,ACC0000178,01-Jun-24,Debit,623.89,Online,Purchase,501.22,Completed,20:35:00
TXN00003068,ACC0000190,18-Sep-23,Debit,1920.3,Online,Purchase,1850.22,Completed,21:18:00
TXN00002369,ACC0000196,11-Mar-23,Debit,6242.24,Online,Purchase,29892.21,Failed,11:56:00
TXN00000725,ACC0000197,16-Sep-24,Debit,6698.01,Online,Purchase,52156.2,Failed,15:02:00
TXN00004161,ACC0000204,15-Feb-24,Debit,6463.09,Online,Purchase,42168.04,Completed,18:59:00
TXN00004926,ACC0000207,12-Aug-23,Debit,1256.47,Online,Purchase,23950.65,Pending,11:44:00
TXN00002663,ACC0000207,18-Jul-24,Debit,5621.83,Online,Purchase,36660.09,Pending,14:18:00
TXN00003865,ACC0000213,01-Jun-24,Debit,1273.16,Online,Purchase,1143.42,Failed,20:04:00
TXN00004743,ACC0000219,16-Feb-24,Debit,9417.47,Online,Purchase,39057.78,Completed,17:54:00
TXN00000056,ACC0000223,20-May-23,Debit,14117.8,Online,Purchase,7812.36,Pending,17:45:00
TXN00003794,ACC0000230,11-Jun-22,Debit,10416.84,Online,Purchase,61338.25,Failed,12:16:00
TXN00004242,ACC0000234,15-Apr-23,Debit,4052.44,Online,Purchase,7015.75,Failed,08:05:00
TXN00004082,ACC0000241,14-May-21,Debit,3398.2,Online,Purchase,1685.23,Completed,11:14:00
TXN00000408,ACC0000253,29-Aug-23,Debit,9389.85,Online,Purchase,71822.32,Pending,08:06:00
TXN00002396,ACC0000256,17-Aug-22,Debit,10599.98,Online,Purchase,33119.08,Failed,18:54:00
TXN00004671,ACC0000269,17-Apr-23,Debit,1320.4,Online,Purchase,789.84,Completed,12:56:00
TXN00002715,ACC0000273,22-Jul-22,Debit,3196.2,Online,Purchase,42091.26,Completed,12:11:00
TXN00004270,ACC0000290,30-Aug-23,Debit,3964.6,Online,Purchase,1111.37,Pending,21:23:00
TXN00003546,ACC0000296,31-Aug-23,Debit,852.86,Online,Purchase,47529.51,Pending,18:27:00
TXN00002984,ACC0000299,07-Apr-23,Debit,9312.12,Online,Purchase,878.52,Pending,15:09:00
TXN00004427,ACC0000304,30-Aug-23,Debit,6118.8,Online,Purchase,83992.99,Completed,12:08:00
TXN00000181,ACC0000307,29-May-24,Debit,4680.45,Online,Purchase,20537.22,Pending,10:00:00
TXN00004232,ACC0000313,03-Jul-22,Debit,1801.58,Online,Purchase,1059.99,Completed,17:22:00
TXN00001464,ACC0000324,03-Jan-24,Debit,5357.82,Online,Purchase,8369.04,Completed,09:37:00
TXN00002825,ACC0000326,12-Dec-23,Debit,6750.48,Online,Purchase,52291.16,Completed,19:30:00
TXN00001887,ACC0000326,29-Dec-23,Debit,14939.91,Online,Purchase,49815.11,Failed,19:46:00
TXN00003221,ACC0000332,01-May-23,Debit,14012.13,Online,Purchase,35312.86,Completed,12:59:00
TXN00000180,ACC0000340,14-Apr-24,Debit,9871.73,Online,Purchase,23419.64,Completed,14:52:00
TXN00004273,ACC0000358,01-Oct-22,Debit,13939.25,Online,Purchase,14353.28,Pending,22:52:00
TXN00001461,ACC0000370,12-Mar-24,Debit,6823.4,Online,Purchase,42417.5,Pending,21:06:00
TXN00004789,ACC0000375,13-Nov-24,Debit,14941,Online,Purchase,34684.2,Failed,14:43:00
TXN00002121,ACC0000380,04-Dec-23,Debit,14797.7,Online,Purchase,5820.55,Completed,11:35:00
TXN00003238,ACC0000382,28-Aug-23,Debit,13089.19,Online,Purchase,23799.96,Completed,22:29:00
TXN00003377,ACC0000385,20-Aug-23,Debit,8978.31,Online,Purchase,17711.53,Pending,09:51:00
TXN00000686,ACC0000389,04-Nov-19,Debit,2965.17,Online,Purchase,67352.52,Failed,18:43:00
TXN00001830,ACC0000400,24-Dec-23,Debit,10316.28,Online,Purchase,15657.97,Failed,10:27:00
TXN00004139,ACC0000405,08-Sep-24,Debit,6311.36,Online,Purchase,19057.24,Failed,14:19:00
TXN00004131,ACC0000407,08-Aug-23,Debit,8566.53,Online,Purchase,14942.66,Failed,17:02:00
TXN00004414,ACC0000409,26-Feb-23,Debit,7064.18,Online,Purchase,919.15,Failed,09:25:00
TXN00004367,ACC0000424,18-Jan-22,Debit,14862.35,Online,Purchase,17779.23,Completed,12:03:00
TXN00001021,ACC0000431,25-Apr-23,Debit,11851.09,Online,Purchase,2097.62,Failed,08:21:00
TXN00003984,ACC0000436,18-Jan-23,Debit,11157.97,Online,Purchase,15935.05,Pending,10:28:00
TXN00004904,ACC0000441,15-Jan-22,Debit,14378.88,Online,Purchase,33189.1,Failed,08:57:00
TXN00001037,ACC0000471,15-Jan-22,Debit,14687.55,Online,Purchase,55550.69,Failed,12:32:00
TXN00003761,ACC0000473,11-May-22,Debit,1712.46,Online,Purchase,30331.63,Pending,13:40:00
TXN00003464,ACC0000474,26-Oct-22,Debit,10671.28,Online,Purchase,8447.28,Completed,09:05:00
TXN00000724,ACC0000478,26-Dec-22,Debit,14039.84,Online,Purchase,32719.82,Completed,17:29:00
TXN00004903,ACC0000479,30-May-23,Debit,11324.51,Online,Purchase,44950.48,Pending,08:52:00
TXN00002700,ACC0000512,11-Nov-22,Debit,7212.75,Online,Purchase,8242.29,Failed,15:32:00
TXN00003387,ACC0000514,14-Dec-23,Debit,5567.49,Online,Purchase,6647.02,Completed,18:09:00
TXN00000985,ACC0000514,27-Nov-24,Debit,2386.15,Online,Purchase,6647.02,Failed,12:32:00
TXN00001363,ACC0000517,25-Apr-23,Debit,12156.24,Online,Purchase,41804.59,Completed,11:48:00
TXN00004627,ACC0000522,06-Jun-22,Debit,11481.65,Online,Purchase,41972.3,Completed,09:53:00
TXN00003447,ACC0000524,04-Nov-24,Debit,29.92,Online,Purchase,30151.48,Pending,21:13:00
TXN00000661,ACC0000532,21-Aug-18,Debit,460.1,Online,Purchase,69346.42,Completed,08:11:00
TXN00004784,ACC0000536,07-Apr-24,Debit,9769.09,Online,Purchase,32574.48,Failed,14:08:00
TXN00001715,ACC0000541,29-Mar-24,Debit,6575.48,Online,Purchase,2195.04,Completed,14:40:00
TXN00002118,ACC0000555,10-Sep-24,Debit,2865.52,Online,Purchase,4187.2,Completed,18:28:00
TXN00002561,ACC0000567,21-Nov-24,Debit,11468.87,Online,Purchase,28397.81,Pending,15:43:00
TXN00001161,ACC0000569,29-Jul-22,Debit,806.05,Online,Purchase,59245.25,Pending,21:25:00
TXN00001680,ACC0000569,10-May-24,Debit,9942.34,Online,Purchase,54407.61,Pending,21:07:00
TXN00001207,ACC0000582,22-Jul-24,Debit,8112.58,Online,Purchase,16203.89,Failed,17:46:00
TXN00004142,ACC0000585,22-Jul-22,Debit,13108.53,Online,Purchase,19195.96,Failed,12:46:00
TXN00001884,ACC0000585,09-Jan-23,Debit,12350.58,Online,Purchase,12138.82,Pending,15:58:00
TXN00002257,ACC0000592,08-Jan-22,Debit,1350.53,Online,Purchase,26420.44,Failed,13:20:00
TXN00001798,ACC0000607,02-Nov-24,Debit,7190.08,Online,Purchase,8974.17,Pending,22:06:00
TXN00003091,ACC0000642,22-Jun-23,Debit,1148.88,Online,Purchase,8856.38,Failed,21:25:00
TXN00003143,ACC0000658,18-Dec-24,Debit,8384.09,Online,Purchase,12640.07,Completed,19:33:00
TXN00000519,ACC0000668,14-Oct-23,Debit,9259.9,Online,Purchase,29096.96,Completed,15:25:00
TXN00002338,ACC0000690,06-Mar-22,Debit,6337.91,Online,Purchase,47392.31,Failed,22:57:00
TXN00002478,ACC0000695,19-Apr-24,Debit,796.66,Online,Purchase,145.97,Completed,12:49:00
TXN00000953,ACC0000698,27-Apr-22,Debit,14991.69,Online,Purchase,11358.61,Pending,21:22:00
TXN00004007,ACC0000002,29-Aug-23,Debit,10103.56,Online,Rent,49750.2,Pending,19:43:00
TXN00002857,ACC0000004,13-Feb-23,Debit,8798.67,Online,Rent,10466.83,Failed,21:09:00
TXN00002361,ACC0000011,29-Apr-24,Debit,8903.04,Online,Rent,1260.75,Failed,21:42:00
TXN00001414,ACC0000011,22-Nov-24,Debit,5603.47,Online,Rent,341.33,Pending,22:47:00
TXN00003525,ACC0000033,23-Jan-23,Debit,3140.04,Online,Rent,1493.48,Completed,13:31:00
TXN00004255,ACC0000035,04-Jan-23,Debit,1425.77,Online,Rent,1570.99,Pending,14:41:00
TXN00001941,ACC0000040,17-Jul-23,Debit,9916.14,Online,Rent,32635.3,Pending,16:37:00
TXN00004133,ACC0000053,22-Jun-24,Debit,2125.53,Online,Rent,53818.15,Pending,21:05:00
TXN00002920,ACC0000060,19-Nov-23,Debit,335.72,Online,Rent,38989.56,Completed,09:08:00
TXN00000359,ACC0000067,27-Oct-24,Debit,5598.57,Online,Rent,0,Pending,17:27:00
TXN00003153,ACC0000068,22-Apr-24,Debit,11164.53,Online,Rent,21055.3,Pending,21:40:00
TXN00000667,ACC0000068,02-May-24,Debit,10407.54,Online,Rent,10647.76,Completed,14:33:00
TXN00000766,ACC0000069,18-Oct-23,Debit,862.41,Online,Rent,36023.93,Completed,08:57:00
TXN00000967,ACC0000074,05-Nov-23,Debit,60.81,Online,Rent,48905.35,Pending,10:56:00
TXN00002348,ACC0000089,02-Dec-23,Debit,10772.64,Online,Rent,163.52,Pending,12:31:00
TXN00002951,ACC0000090,10-Dec-22,Debit,9964.23,Online,Rent,2694.6,Failed,21:08:00
TXN00002621,ACC0000119,02-Jan-24,Debit,7540.75,Online,Rent,690.06,Pending,22:41:00
TXN00000561,ACC0000141,14-Sep-23,Debit,4795.62,Online,Rent,1496.57,Completed,09:40:00
TXN00004504,ACC0000144,16-Jun-22,Debit,9747.56,Online,Rent,15581.18,Completed,18:00:00
TXN00000429,ACC0000147,14-Nov-23,Debit,7192.07,Online,Rent,39579.96,Pending,09:33:00
TXN00001324,ACC0000150,09-Sep-24,Debit,5829.36,Online,Rent,1356.5,Failed,09:37:00
TXN00002948,ACC0000154,31-Jan-23,Debit,11720.31,Online,Rent,30194.27,Pending,21:39:00
TXN00003361,ACC0000157,23-Jul-22,Debit,1658.21,Online,Rent,1523.11,Pending,18:28:00
TXN00002905,ACC0000184,12-Apr-23,Debit,10757.11,Online,Rent,916.46,Failed,11:37:00
TXN00001026,ACC0000185,28-Aug-22,Debit,2793.24,Online,Rent,55000.71,Completed,14:33:00
TXN00002275,ACC0000200,19-Jan-23,Debit,6751.77,Online,Rent,45770.53,Completed,09:54:00
TXN00000075,ACC0000203,03-May-23,Debit,800.78,Online,Rent,52497.01,Completed,19:25:00
TXN00004214,ACC0000204,09-Jun-24,Debit,4777.32,Online,Rent,54586.88,Pending,09:30:00
TXN00003518,ACC0000221,16-Oct-22,Debit,4765.54,Online,Rent,26591.42,Pending,08:49:00
TXN00001084,ACC0000232,11-Jun-23,Debit,9030.35,Online,Rent,11057.48,Failed,11:12:00
TXN00000754,ACC0000256,04-Jan-23,Debit,7899.97,Online,Rent,33119.08,Pending,15:10:00
TXN00001981,ACC0000267,15-Sep-24,Debit,5523.76,Online,Rent,15576.1,Failed,17:01:00
TXN00002427,ACC0000273,30-Oct-23,Debit,4817.72,Online,Rent,42091.26,Failed,22:24:00
TXN00000853,ACC0000273,16-Jun-24,Debit,14235.52,Online,Rent,42091.26,Failed,17:24:00
TXN00000865,ACC0000274,18-Mar-23,Debit,7827.4,Online,Rent,4523.13,Pending,09:21:00
TXN00000843,ACC0000275,03-Jul-24,Debit,1317.65,Online,Rent,68089.28,Pending,16:14:00
TXN00001670,ACC0000281,26-Mar-19,Debit,6492.95,Online,Rent,6793.98,Completed,10:47:00
TXN00004823,ACC0000284,18-Mar-23,Debit,10927.55,Online,Rent,31597.7,Failed,09:00:00
TXN00001966,ACC0000284,23-Apr-23,Debit,7079.25,Online,Rent,31597.7,Pending,11:49:00
TXN00001145,ACC0000302,01-Dec-22,Debit,9609.82,Online,Rent,65158.13,Pending,21:43:00
TXN00003179,ACC0000303,03-Mar-24,Debit,12111.18,Online,Rent,6727.16,Pending,13:56:00
TXN00002207,ACC0000304,19-May-23,Debit,5721.23,Online,Rent,90111.79,Pending,20:57:00
TXN00002848,ACC0000319,03-Nov-22,Debit,11691.54,Online,Rent,15430.4,Pending,12:25:00
TXN00002570,ACC0000326,30-Mar-22,Debit,10342.9,Online,Rent,59041.64,Completed,11:56:00
TXN00004056,ACC0000328,06-Jun-24,Debit,4789.77,Online,Rent,24532.1,Pending,22:39:00
TXN00004498,ACC0000337,03-Oct-23,Debit,14527.57,Online,Rent,39804.26,Pending,08:41:00
TXN00000186,ACC0000337,09-Jul-24,Debit,12392.68,Online,Rent,43154.22,Failed,22:01:00
TXN00004632,ACC0000349,01-Nov-23,Debit,10661.96,Online,Rent,2882.62,Failed,16:33:00
TXN00000847,ACC0000354,11-May-24,Debit,2791.99,Online,Rent,19933.11,Failed,08:32:00
TXN00003479,ACC0000364,24-Jul-24,Debit,961.05,Online,Rent,34373.54,Pending,16:50:00
TXN00002588,ACC0000368,03-Apr-23,Debit,2713.44,Online,Rent,2161.04,Completed,12:28:00
TXN00001885,ACC0000369,17-Jan-22,Debit,3563.02,Online,Rent,21880.54,Completed,09:12:00
TXN00002219,ACC0000374,01-Jul-23,Debit,14949.52,Online,Rent,71917.83,Failed,13:31:00
TXN00001684,ACC0000375,24-Jul-24,Debit,4617.26,Online,Rent,34684.2,Completed,18:37:00
TXN00004804,ACC0000379,28-Nov-22,Debit,12206,Online,Rent,23049.61,Pending,12:16:00
TXN00001899,ACC0000381,14-Mar-22,Debit,11556.13,Online,Rent,58856.54,Failed,17:59:00
TXN00001989,ACC0000383,08-Nov-24,Debit,9323.67,Online,Rent,5155.46,Pending,16:19:00
TXN00000189,ACC0000399,23-Mar-24,Debit,12303.12,Online,Rent,3178.04,Failed,12:14:00
TXN00002253,ACC0000401,05-Mar-22,Debit,10443.47,Online,Rent,0,Completed,18:42:00
TXN00001967,ACC0000409,03-Jul-22,Debit,4155.94,Online,Rent,919.15,Completed,10:10:00
TXN00002339,ACC0000422,24-May-23,Debit,2511.05,Online,Rent,35358.13,Failed,11:38:00
TXN00001343,ACC0000422,02-Sep-23,Debit,5635.57,Online,Rent,39329.43,Completed,19:02:00
TXN00001672,ACC0000426,11-Aug-23,Debit,6614.61,Online,Rent,187.02,Completed,20:16:00
TXN00001902,ACC0000428,26-Apr-23,Debit,7655.52,Online,Rent,19526.82,Completed,18:51:00
TXN00002410,ACC0000433,18-Jul-22,Debit,10336.59,Online,Rent,6670.82,Completed,20:13:00
TXN00001406,ACC0000454,19-Jan-23,Debit,10001.52,Online,Rent,50250.59,Pending,13:52:00
TXN00004122,ACC0000461,24-Feb-23,Debit,10740.15,Online,Rent,10950.32,Completed,20:35:00
TXN00001682,ACC0000467,08-Oct-22,Debit,14176.6,Online,Rent,2902.85,Completed,10:45:00
TXN00003816,ACC0000495,05-Oct-24,Debit,13924.27,Online,Rent,5,Pending,13:08:00
TXN00003607,ACC0000504,12-Sep-23,Debit,6359.19,Online,Rent,11434.14,Failed,22:24:00
TXN00004256,ACC0000523,08-Aug-24,Debit,14556.54,Online,Rent,30023.6,Pending,14:16:00
TXN00000845,ACC0000529,22-Dec-23,Debit,14540.24,Online,Rent,5281.83,Pending,19:18:00
TXN00001470,ACC0000535,09-Jul-24,Debit,9529.57,Online,Rent,13666.59,Failed,19:51:00
TXN00004030,ACC0000539,13-Oct-24,Debit,3312.7,Online,Rent,7847.5,Pending,19:52:00
TXN00003102,ACC0000558,27-Jan-23,Debit,3219.02,Online,Rent,905.06,Completed,19:06:00
TXN00003806,ACC0000560,19-Sep-23,Debit,3949.67,Online,Rent,14275.7,Pending,11:05:00
TXN00003989,ACC0000567,07-Apr-24,Debit,10147.15,Online,Rent,39481.27,Failed,15:19:00
TXN00000514,ACC0000572,07-Mar-22,Debit,4899.6,Online,Rent,5,Completed,10:50:00
TXN00002615,ACC0000590,28-Apr-24,Debit,568.25,Online,Rent,110.55,Completed,21:39:00
TXN00000624,ACC0000605,24-Jul-24,Debit,3254.58,Online,Rent,39076.78,Pending,11:38:00
TXN00004657,ACC0000606,12-Jun-24,Debit,10601.9,Online,Rent,8008.01,Pending,13:06:00
TXN00004775,ACC0000610,01-Oct-24,Debit,8330.81,Online,Rent,39037.92,Pending,08:07:00
TXN00004976,ACC0000618,20-Jun-22,Debit,10257.33,Online,Rent,49395.98,Failed,18:11:00
TXN00001997,ACC0000620,09-Jul-24,Debit,3645.66,Online,Rent,33135.45,Failed,16:20:00
TXN00001699,ACC0000622,16-Jul-23,Debit,12378.8,Online,Rent,52703.93,Pending,22:45:00
TXN00003750,ACC0000641,02-Jul-24,Debit,392.2,Online,Rent,56919.61,Failed,12:26:00
TXN00003207,ACC0000647,12-Sep-24,Debit,668.03,Online,Rent,45434.12,Failed,12:45:00
TXN00003334,ACC0000664,18-Nov-22,Debit,4905.97,Online,Rent,48848.71,Failed,12:13:00
TXN00000623,ACC0000671,16-Nov-22,Debit,967.35,Online,Rent,993.94,Completed,14:16:00
TXN00000732,ACC0000696,22-Jan-23,Debit,3920.35,Online,Rent,550.39,Completed,14:10:00
TXN00000353,ACC0000699,17-Jan-24,Debit,183.09,Online,Rent,171.06,Completed,09:23:00
TXN00000834,ACC0000004,13-Dec-24,Transfer,8733.9,Online,Transfer,3554.08,Failed,14:30:00
TXN00004541,ACC0000035,16-Dec-22,Transfer,10546.45,Online,Transfer,1570.99,Failed,12:47:00
TXN00004909,ACC0000036,06-Jul-23,Transfer,8106.73,Online,Transfer,179.72,Completed,10:56:00
TXN00004566,ACC0000038,14-Feb-24,Transfer,11200.3,Online,Transfer,11317.73,Pending,22:46:00
TXN00004506,ACC0000042,16-May-23,Transfer,11972.45,Online,Transfer,9727.28,Failed,16:42:00
TXN00003315,ACC0000058,05-Jul-23,Transfer,1265.8,Online,Transfer,8898.08,Completed,19:51:00
TXN00001300,ACC0000058,03-Jul-24,Transfer,6621.61,Online,Transfer,8898.08,Failed,16:20:00
TXN00004365,ACC0000069,10-Jul-23,Transfer,14236.12,Online,Transfer,31836.93,Failed,10:58:00
TXN00001811,ACC0000085,15-Aug-24,Transfer,7213.32,Online,Transfer,1236.02,Failed,09:51:00
TXN00002652,ACC0000092,04-Jul-24,Transfer,49.57,Online,Transfer,2335.43,Pending,15:15:00
TXN00000422,ACC0000105,25-Jul-22,Transfer,5402.33,Online,Transfer,50382.61,Pending,16:47:00
TXN00003287,ACC0000116,20-Sep-22,Transfer,12403.98,Online,Transfer,3785.22,Failed,12:53:00
TXN00004213,ACC0000116,08-Aug-23,Transfer,3118.24,Online,Transfer,3785.22,Failed,19:57:00
TXN00001311,ACC0000133,22-Feb-24,Transfer,1680.36,Online,Transfer,353.18,Completed,08:15:00
TXN00002073,ACC0000146,14-Sep-22,Transfer,1211.45,Online,Transfer,55925,Failed,13:39:00
TXN00003601,ACC0000150,07-Feb-24,Transfer,11610.32,Online,Transfer,14513.06,Failed,10:20:00
TXN00001529,ACC0000172,06-Oct-23,Transfer,11410.1,Online,Transfer,8087.59,Failed,08:41:00
TXN00000617,ACC0000176,23-Feb-23,Transfer,13484.47,Online,Transfer,38685.38,Pending,14:16:00
TXN00000214,ACC0000205,19-Nov-24,Transfer,1194.41,Online,Transfer,1544.02,Completed,13:02:00
TXN00003393,ACC0000216,11-Jan-24,Transfer,1883.54,Online,Transfer,2446.86,Completed,20:50:00
TXN00004054,ACC0000227,29-Apr-23,Transfer,6440.38,Online,Transfer,41129.4,Failed,10:06:00
TXN00004745,ACC0000263,28-Aug-23,Transfer,8804.41,Online,Transfer,17969.19,Completed,20:26:00
TXN00003446,ACC0000297,01-Oct-22,Transfer,14829.09,Online,Transfer,2922.55,Failed,22:49:00
TXN00002581,ACC0000299,29-Aug-24,Transfer,10349.14,Online,Transfer,15665.53,Pending,13:22:00
TXN00001315,ACC0000306,08-Jun-22,Transfer,4917.34,Online,Transfer,4077.16,Failed,14:17:00
TXN00002063,ACC0000311,03-Jun-24,Transfer,14173.17,Online,Transfer,11751.76,Completed,21:51:00
TXN00000367,ACC0000315,21-Mar-22,Transfer,12618.77,Online,Transfer,1600.69,Failed,10:54:00
TXN00002649,ACC0000317,19-Oct-23,Transfer,2603.68,Online,Transfer,35571.19,Completed,20:58:00
TXN00000410,ACC0000340,10-Mar-24,Transfer,6614.35,Online,Transfer,33291.37,Pending,10:24:00
TXN00002023,ACC0000363,17-May-24,Transfer,13196.13,Online,Transfer,40191.4,Failed,09:46:00
TXN00002611,ACC0000414,03-Oct-24,Transfer,3575.65,Online,Transfer,21589.75,Failed,10:45:00
TXN00001040,ACC0000469,03-Oct-23,Transfer,1638.57,Online,Transfer,9348.72,Completed,17:54:00
TXN00002011,ACC0000472,22-Jun-24,Transfer,13319.5,Online,Transfer,29053.28,Pending,09:32:00
TXN00000935,ACC0000502,26-Oct-24,Transfer,4504.36,Online,Transfer,29756.14,Failed,14:31:00
TXN00004664,ACC0000549,04-Apr-23,Transfer,9959.59,Online,Transfer,26507.05,Pending,11:58:00
TXN00001318,ACC0000552,27-Sep-24,Transfer,14798.79,Online,Transfer,29633.52,Pending,16:17:00
TXN00003297,ACC0000554,30-Nov-24,Transfer,4616.83,Online,Transfer,37229.52,Failed,10:47:00
TXN00003090,ACC0000559,19-Feb-24,Transfer,12864.8,Online,Transfer,36139.54,Completed,11:21:00
TXN00004735,ACC0000563,26-Mar-22,Transfer,6897.78,Online,Transfer,8165.09,Pending,11:27:00
TXN00003226,ACC0000563,16-Apr-22,Transfer,13427.56,Online,Transfer,8165.09,Failed,13:18:00
TXN00000855,ACC0000587,20-Feb-24,Transfer,10766.36,Online,Transfer,13929.62,Pending,13:08:00
TXN00003271,ACC0000605,12-Oct-23,Transfer,11265.02,Online,Transfer,39076.78,Failed,11:41:00
TXN00004756,ACC0000609,02-Jan-24,Transfer,7994.98,Online,Transfer,20397.85,Pending,09:15:00
TXN00001746,ACC0000618,31-Jul-22,Transfer,1795.73,Online,Transfer,47600.25,Completed,14:34:00
TXN00000891,ACC0000637,07-Jan-24,Transfer,7022.77,Online,Transfer,53078.1,Pending,15:47:00
TXN00002843,ACC0000638,02-Nov-23,Transfer,7205.76,Online,Transfer,9771.43,Pending,17:55:00
TXN00000571,ACC0000653,29-Nov-22,Transfer,3935.49,Online,Transfer,2257.24,Completed,09:34:00
TXN00003404,ACC0000657,09-Jan-22,Transfer,611.91,Online,Transfer,36167.64,Completed,21:21:00
TXN00001302,ACC0000679,23-Mar-24,Transfer,5744.95,Online,Transfer,31675.16,Completed,13:56:00
TXN00001193,ACC0000681,03-Mar-23,Transfer,10109.94,Online,Transfer,3543.52,Failed,20:57:00
TXN00001258,ACC0000008,17-Sep-24,Transfer,3850.75,Online,Rent,2503.66,Completed,20:48:00
TXN00001164,ACC0000021,19-Jul-24,Transfer,2826.87,Online,Rent,385.99,Pending,11:59:00
TXN00000438,ACC0000025,02-Apr-22,Transfer,6581.8,Online,Rent,25106.11,Completed,11:39:00
TXN00003827,ACC0000029,08-Jul-23,Transfer,4225.86,Online,Rent,22441.01,Pending,15:53:00
TXN00001044,ACC0000036,12-Apr-22,Transfer,5322.13,Online,Rent,15928.2,Pending,16:21:00
TXN00000569,ACC0000036,29-Apr-24,Transfer,10.26,Online,Rent,1.7,Completed,22:45:00
TXN00000187,ACC0000050,13-Feb-23,Transfer,3445.29,Online,Rent,30778.13,Pending,08:29:00
TXN00000614,ACC0000056,26-Oct-24,Transfer,283.15,Online,Rent,30963.34,Completed,12:15:00
TXN00004215,ACC0000059,11-Jan-22,Transfer,4804.07,Online,Rent,24971.93,Pending,10:35:00
TXN00001827,ACC0000063,27-Oct-22,Transfer,14697.96,Online,Rent,9127.85,Completed,11:47:00
TXN00000933,ACC0000082,29-Aug-23,Transfer,4665.55,Online,Rent,4155,Pending,22:25:00
TXN00002446,ACC0000087,28-Dec-23,Transfer,3794.92,Online,Rent,6192.26,Failed,09:46:00
TXN00004147,ACC0000097,10-May-24,Transfer,5618.64,Online,Rent,8154.37,Pending,11:14:00
TXN00003175,ACC0000101,21-Aug-23,Transfer,3404.15,Online,Rent,24901.25,Completed,14:55:00
TXN00002185,ACC0000124,15-Jul-22,Transfer,38.87,Online,Rent,28369.9,Pending,13:19:00
TXN00004301,ACC0000128,19-Aug-22,Transfer,1103.57,Online,Rent,78.91,Completed,12:16:00
TXN00000334,ACC0000143,16-Nov-23,Transfer,12792.43,Online,Rent,9604.98,Pending,18:05:00
TXN00002120,ACC0000144,14-Nov-23,Transfer,1094.66,Online,Rent,15581.18,Failed,22:24:00
TXN00000178,ACC0000153,09-May-22,Transfer,4205.76,Online,Rent,10664.35,Pending,20:23:00
TXN00002445,ACC0000156,24-Aug-22,Transfer,675.48,Online,Rent,45381.38,Completed,12:10:00
TXN00000848,ACC0000166,12-Oct-23,Transfer,170.93,Online,Rent,45387.45,Failed,08:51:00
TXN00004907,ACC0000168,31-Jul-22,Transfer,7162.95,Online,Rent,20515.24,Failed,11:31:00
TXN00000379,ACC0000180,15-Jan-22,Transfer,5929.3,Online,Rent,6748.32,Completed,22:48:00
TXN00003454,ACC0000181,14-Jan-23,Transfer,8055.29,Online,Rent,0,Completed,17:15:00
TXN00003918,ACC0000191,28-Aug-22,Transfer,7136.2,Online,Rent,43203.48,Pending,09:40:00
TXN00002862,ACC0000210,17-Apr-23,Transfer,8437.39,Online,Rent,76655.83,Failed,20:27:00
TXN00001697,ACC0000243,16-Oct-24,Transfer,12727.27,Online,Rent,8922.47,Failed,18:07:00
TXN00003743,ACC0000244,04-Aug-22,Transfer,1029.4,Online,Rent,12793.74,Failed,08:06:00
TXN00000074,ACC0000247,20-Aug-24,Transfer,733.58,Online,Rent,41766.65,Completed,11:42:00
TXN00004725,ACC0000254,06-Feb-22,Transfer,2247.48,Online,Rent,36173.63,Completed,13:44:00
TXN00002454,ACC0000259,29-Apr-24,Transfer,3557.92,Online,Rent,17378.58,Failed,16:04:00
TXN00000335,ACC0000266,23-Dec-23,Transfer,11486.77,Online,Rent,53602.77,Failed,19:51:00
TXN00000780,ACC0000269,08-Jul-22,Transfer,12972.44,Online,Rent,27093.7,Pending,19:54:00
TXN00002827,ACC0000273,09-Mar-22,Transfer,9706.11,Online,Rent,45287.46,Pending,20:52:00
TXN00002272,ACC0000296,15-Jul-22,Transfer,4816.14,Online,Rent,47529.51,Completed,12:10:00
TXN00000613,ACC0000298,03-Sep-22,Transfer,5921.94,Online,Rent,30506.16,Failed,12:02:00
TXN00002734,ACC0000302,06-Apr-23,Transfer,187.24,Online,Rent,65158.13,Failed,17:14:00
TXN00003976,ACC0000305,22-Aug-23,Transfer,12392.55,Online,Rent,9903.99,Pending,17:14:00
TXN00002892,ACC0000309,07-Jan-23,Transfer,1454.94,Online,Rent,18155.35,Failed,13:44:00
TXN00000295,ACC0000316,17-Dec-23,Transfer,2427.43,Online,Rent,215.1,Completed,11:27:00
TXN00002583,ACC0000332,14-Jun-22,Transfer,13567.73,Online,Rent,59571.44,Failed,10:47:00
TXN00004668,ACC0000345,09-Oct-22,Transfer,12157.11,Online,Rent,72993.28,Pending,14:14:00
TXN00001117,ACC0000348,27-Oct-23,Transfer,1147.37,Online,Rent,8105.61,Failed,08:25:00
TXN00000009,ACC0000354,05-Oct-22,Transfer,10254.48,Online,Rent,30609.17,Completed,10:06:00
TXN00004462,ACC0000366,04-May-23,Transfer,10440.77,Online,Rent,34735.29,Completed,16:13:00
TXN00001806,ACC0000367,07-Feb-24,Transfer,4388.56,Online,Rent,27513.91,Completed,11:57:00
TXN00003553,ACC0000379,24-Apr-23,Transfer,6405.73,Online,Rent,16643.88,Completed,12:06:00
TXN00002512,ACC0000408,21-Jun-23,Transfer,5082.6,Online,Rent,11848.9,Pending,08:04:00
TXN00001463,ACC0000411,01-Jul-22,Transfer,5652.34,Online,Rent,1188.98,Pending,11:49:00
TXN00004908,ACC0000431,22-Mar-24,Transfer,7339.06,Online,Rent,9389.08,Pending,19:57:00
TXN00000362,ACC0000454,12-Apr-22,Transfer,4028.17,Online,Rent,59033.63,Failed,08:26:00
TXN00002640,ACC0000459,24-Jul-24,Transfer,10229.71,Online,Rent,3710.51,Completed,12:01:00
TXN00003648,ACC0000461,19-Sep-22,Transfer,1516.5,Online,Rent,29754.11,Completed,20:00:00
TXN00002800,ACC0000483,28-Jan-24,Transfer,3608.01,Online,Rent,34802.68,Completed,18:42:00
TXN00004706,ACC0000508,26-Jun-22,Transfer,80.55,Online,Rent,40535.51,Pending,17:18:00
TXN00000125,ACC0000510,25-May-23,Transfer,10186.48,Online,Rent,33101.26,Completed,14:33:00
TXN00003299,ACC0000513,06-Aug-24,Transfer,13250.22,Online,Rent,7353.07,Completed,13:58:00
TXN00001144,ACC0000519,25-Oct-23,Transfer,13115.11,Online,Rent,64619.6,Pending,19:05:00
TXN00000640,ACC0000523,26-Sep-23,Transfer,13011.93,Online,Rent,30023.6,Completed,08:47:00
TXN00000124,ACC0000541,09-Jan-23,Transfer,10315.64,Online,Rent,19223.92,Pending,11:07:00
TXN00003441,ACC0000549,13-Oct-23,Transfer,12075,Online,Rent,26507.05,Failed,13:15:00
TXN00001036,ACC0000553,25-Nov-22,Transfer,10013.48,Online,Rent,53118.76,Completed,15:40:00
TXN00002251,ACC0000560,05-May-23,Transfer,9477.95,Online,Rent,14275.7,Pending,10:11:00
TXN00004275,ACC0000563,29-Jul-23,Transfer,3712.27,Online,Rent,16529.61,Completed,22:19:00
TXN00003877,ACC0000570,08-Feb-22,Transfer,2522.74,Online,Rent,12307.28,Pending,17:45:00
TXN00001139,ACC0000583,17-Apr-22,Transfer,12090.97,Online,Rent,3851.56,Failed,16:34:00
TXN00002444,ACC0000585,17-Mar-22,Transfer,13437.64,Online,Rent,19195.96,Completed,09:17:00
TXN00003933,ACC0000589,02-Jun-24,Transfer,2750.63,Online,Rent,6627.09,Completed,13:36:00
TXN00001708,ACC0000595,25-Apr-22,Transfer,11362.01,Online,Rent,16902.22,Pending,08:46:00
TXN00002568,ACC0000609,27-Jan-24,Transfer,12263.96,Online,Rent,20397.85,Pending,08:44:00
TXN00000578,ACC0000623,11-Nov-24,Transfer,5390.31,Online,Rent,6766.65,Pending,14:42:00
TXN00004699,ACC0000635,21-Sep-24,Transfer,6169.15,Online,Rent,18376.83,Failed,22:03:00
TXN00004475,ACC0000641,01-Jan-23,Transfer,14076.54,Online,Rent,56919.61,Pending,18:48:00
TXN00000168,ACC0000648,06-Dec-23,Transfer,10847.75,Online,Rent,46535.51,Pending,08:38:00
TXN00004338,ACC0000653,08-Jul-24,Transfer,10515.29,Online,Rent,11712.5,Failed,18:22:00
TXN00000570,ACC0000676,27-May-23,Transfer,1116.21,Online,Rent,925.72,Completed,21:03:00
TXN00004222,ACC0000695,25-Nov-24,Transfer,123.43,Online,Rent,22.54,Completed,18:58:00
TXN00002617,ACC0000698,16-Sep-23,Transfer,5280.2,Online,Rent,571.85,Completed,14:41:00
TXN00003529,ACC0000001,22-Nov-22,Credit,14843.91,Online,Salary,45795.94,Failed,17:28:00
TXN00004467,ACC0000006,20-Mar-22,Credit,3714.43,Online,Salary,11208.29,Failed,13:03:00
TXN00003463,ACC0000014,22-May-22,Credit,14398.56,Online,Salary,33092.94,Pending,17:21:00
TXN00001007,ACC0000017,27-Nov-22,Credit,12328.45,Online,Salary,43218.96,Completed,15:29:00
TXN00003242,ACC0000020,28-Mar-23,Credit,10958.28,Online,Salary,23915.94,Completed,20:33:00
TXN00003452,ACC0000027,19-Jan-24,Credit,11096.52,Online,Salary,10785.6,Failed,17:28:00
TXN00003572,ACC0000035,21-May-23,Credit,5627.75,Online,Salary,1570.99,Pending,14:29:00
TXN00002796,ACC0000042,12-Oct-23,Credit,4322.77,Online,Salary,9727.28,Failed,16:27:00
TXN00003582,ACC0000050,07-Nov-22,Credit,10871.95,Online,Salary,30778.13,Failed,08:51:00
TXN00001250,ACC0000060,25-May-23,Credit,3381.65,Online,Salary,40266.57,Pending,14:55:00
TXN00001856,ACC0000065,17-Nov-22,Credit,5599.1,Online,Salary,12269.08,Completed,20:38:00
TXN00001774,ACC0000067,20-Feb-23,Credit,11462.4,Online,Salary,0,Pending,15:09:00
TXN00001361,ACC0000099,16-Mar-23,Credit,9774.68,Online,Salary,30602.3,Failed,16:02:00
TXN00001644,ACC0000103,10-Aug-24,Credit,3952.49,Online,Salary,34623.46,Pending,09:19:00
TXN00002199,ACC0000108,19-Jan-23,Credit,2125.27,Online,Salary,12889.34,Completed,18:21:00
TXN00003963,ACC0000108,04-Mar-23,Credit,1883.95,Online,Salary,12889.34,Failed,12:32:00
TXN00000225,ACC0000116,29-Oct-22,Credit,1223.14,Online,Salary,3785.22,Pending,21:35:00
TXN00002816,ACC0000119,15-May-23,Credit,5858.67,Online,Salary,2305.51,Pending,14:25:00
TXN00000740,ACC0000127,12-May-23,Credit,6943.08,Online,Salary,12128.84,Pending,13:44:00
TXN00001577,ACC0000130,25-Sep-23,Credit,978.67,Online,Salary,28777.21,Completed,19:22:00
TXN00004860,ACC0000131,25-May-22,Credit,9232.51,Online,Salary,43745.2,Failed,08:20:00
TXN00001051,ACC0000133,01-Mar-22,Credit,4178.84,Online,Salary,2033.54,Pending,15:14:00
TXN00002305,ACC0000141,02-Nov-23,Credit,13459.81,Online,Salary,1496.57,Failed,15:33:00
TXN00003854,ACC0000143,18-Aug-23,Credit,5029.89,Online,Salary,9604.98,Completed,15:52:00
TXN00002441,ACC0000148,22-Apr-24,Credit,4313.17,Online,Salary,64621.4,Failed,10:56:00
TXN00004087,ACC0000155,22-May-23,Credit,12107.85,Online,Salary,75857.4,Completed,11:09:00
TXN00002291,ACC0000183,01-Mar-23,Credit,3735.04,Online,Salary,40875.71,Failed,09:40:00
TXN00003267,ACC0000186,05-Apr-23,Credit,11653.7,Online,Salary,33969.2,Failed,11:21:00
TXN00001842,ACC0000194,24-Sep-23,Credit,1668.56,Online,Salary,65515.57,Failed,12:17:00
TXN00004157,ACC0000196,18-Sep-23,Credit,6401.63,Online,Salary,36293.84,Completed,21:02:00
TXN00001713,ACC0000200,26-Mar-24,Credit,8092.15,Online,Salary,43592.82,Completed,18:12:00
TXN00004507,ACC0000201,02-Dec-24,Credit,1936.46,Online,Salary,2123.21,Completed,08:58:00
TXN00001854,ACC0000214,19-Jul-24,Credit,10158.39,Online,Salary,1615.58,Pending,15:28:00
TXN00004514,ACC0000217,10-Aug-23,Credit,402.85,Online,Salary,10208.47,Failed,17:41:00
TXN00002997,ACC0000223,17-Dec-22,Credit,5858.5,Online,Salary,7812.36,Failed,16:02:00
TXN00003940,ACC0000227,06-Jun-24,Credit,12909.63,Online,Salary,52105.68,Completed,19:49:00
TXN00000296,ACC0000242,29-Sep-23,Credit,3704.36,Online,Salary,7057.36,Pending,13:17:00
TXN00002576,ACC0000242,10-Jun-24,Credit,1128.28,Online,Salary,7057.36,Failed,15:32:00
TXN00004057,ACC0000261,12-Apr-24,Credit,467.05,Online,Salary,10608.48,Pending,19:47:00
TXN00002932,ACC0000278,12-Nov-24,Credit,206.15,Online,Salary,16576.4,Pending,12:46:00
TXN00002938,ACC0000284,07-Dec-23,Credit,910.23,Online,Salary,28483.89,Completed,15:52:00
TXN00001337,ACC0000300,01-Aug-24,Credit,14895.01,Online,Salary,13233.98,Failed,21:20:00
TXN00003651,ACC0000318,07-Jul-24,Credit,496.8,Online,Salary,28659.84,Completed,21:28:00
TXN00004397,ACC0000325,10-Sep-24,Credit,9354.72,Online,Salary,49111.64,Completed,21:05:00
TXN00000801,ACC0000335,24-Nov-24,Credit,14236.36,Online,Salary,13471.08,Failed,11:06:00
TXN00001882,ACC0000341,24-Jun-23,Credit,10243.51,Online,Salary,8375.49,Failed,15:46:00
TXN00002794,ACC0000357,20-Dec-23,Credit,9092.17,Online,Salary,47150.7,Completed,17:11:00
TXN00001947,ACC0000364,28-Dec-24,Credit,13883.78,Online,Salary,34373.54,Pending,16:19:00
TXN00002541,ACC0000377,25-Oct-23,Credit,3831.24,Online,Salary,86.42,Pending,16:12:00
TXN00003019,ACC0000382,18-Sep-24,Credit,6773.75,Online,Salary,51725.61,Completed,22:18:00
TXN00004011,ACC0000398,14-Oct-22,Credit,14379.52,Online,Salary,40082.09,Completed,19:45:00
TXN00002930,ACC0000404,04-Jan-22,Credit,9261.44,Online,Salary,37668.95,Completed,12:04:00
TXN00004763,ACC0000405,30-Aug-22,Credit,13854.77,Online,Salary,32427.4,Failed,14:05:00
TXN00003958,ACC0000418,12-Feb-24,Credit,6265.54,Online,Salary,9682.63,Completed,20:47:00
TXN00003584,ACC0000422,23-Jun-23,Credit,4084.37,Online,Salary,35358.13,Failed,10:15:00
TXN00002030,ACC0000445,23-Mar-24,Credit,14555.25,Online,Salary,6393.82,Failed,14:56:00
TXN00002464,ACC0000453,16-Jun-24,Credit,12262.8,Online,Salary,31996.69,Failed,09:03:00
TXN00002642,ACC0000454,05-Apr-23,Credit,12874.37,Online,Salary,50250.59,Pending,16:28:00
TXN00003812,ACC0000469,30-Dec-22,Credit,13538.43,Online,Salary,1907.79,Pending,10:37:00
TXN00003486,ACC0000469,24-Nov-24,Credit,8940.78,Online,Salary,12806.79,Completed,10:25:00
TXN00001532,ACC0000485,02-Apr-24,Credit,14173.75,Online,Salary,16086.98,Completed,09:00:00
TXN00004490,ACC0000491,12-May-22,Credit,12119.64,Online,Salary,55050.98,Pending,22:58:00
TXN00004113,ACC0000512,25-Apr-24,Credit,4693.56,Online,Salary,10544.28,Failed,20:05:00
TXN00003732,ACC0000525,25-Mar-24,Credit,9608.15,Online,Salary,14398.84,Failed,20:34:00
TXN00000431,ACC0000536,04-Feb-24,Credit,3574.52,Online,Salary,32574.48,Completed,17:07:00
TXN00002014,ACC0000540,21-Jul-24,Credit,10939.78,Online,Salary,9938.74,Failed,16:30:00
TXN00001735,ACC0000544,14-Jun-23,Credit,13649.93,Online,Salary,30149.96,Pending,17:23:00
TXN00002873,ACC0000553,06-Nov-22,Credit,6102.96,Online,Salary,63132.24,Completed,13:17:00
TXN00000805,ACC0000554,18-Aug-22,Credit,9338.16,Online,Salary,27926.06,Completed,10:25:00
TXN00000529,ACC0000561,22-Apr-24,Credit,9567.62,Online,Salary,8153.02,Failed,15:19:00
TXN00003004,ACC0000576,18-Mar-23,Credit,12158.49,Online,Salary,32169.37,Failed,10:22:00
TXN00000606,ACC0000577,25-Jan-22,Credit,13973.09,Online,Salary,13905.63,Failed,14:53:00
TXN00001794,ACC0000578,13-Dec-22,Credit,9956.08,Online,Salary,37648.88,Completed,22:03:00
TXN00001105,ACC0000591,16-Jul-24,Credit,13350.47,Online,Salary,24497.62,Failed,17:23:00
TXN00002682,ACC0000602,17-Apr-22,Credit,10336.16,Online,Salary,22195.98,Completed,19:58:00
TXN00000349,ACC0000608,16-Feb-23,Credit,12076.46,Online,Salary,13345.73,Pending,20:07:00
TXN00000351,ACC0000609,28-Nov-24,Credit,3046.7,Online,Salary,23444.55,Completed,18:57:00
TXN00001157,ACC0000614,20-May-24,Credit,3858.37,Online,Salary,34968.09,Completed,18:37:00
TXN00000986,ACC0000617,30-Nov-22,Credit,4272.56,Online,Salary,40962.04,Pending,17:43:00
TXN00000317,ACC0000618,29-Nov-24,Credit,12017.35,Online,Salary,59135.65,Failed,09:36:00
TXN00004173,ACC0000621,29-Oct-24,Credit,12507.12,Online,Salary,52398.7,Completed,09:38:00
TXN00000616,ACC0000643,30-Oct-22,Credit,4810.65,Online,Salary,24990.96,Completed,20:43:00
TXN00004933,ACC0000647,21-Dec-23,Credit,5129.25,Online,Salary,37894.92,Completed,08:36:00
TXN00003798,ACC0000667,16-May-22,Credit,6326.66,Online,Salary,28532.12,Completed,14:38:00
TXN00000045,ACC0000669,25-Jan-23,Credit,1621.73,Online,Salary,2734.19,Completed,14:57:00
TXN00004895,ACC0000670,26-Oct-24,Credit,1952.02,Online,Salary,12519.77,Failed,18:10:00
TXN00001761,ACC0000673,06-Nov-24,Credit,11296.5,Online,Salary,36843.6,Completed,16:55:00
TXN00004509,ACC0000677,19-Jul-24,Credit,2841.44,Online,Salary,5180.41,Completed,15:16:00
TXN00003574,ACC0000678,25-Jan-22,Credit,12634.3,Online,Salary,42877.91,Completed,11:04:00
TXN00003993,ACC0000680,16-Apr-22,Credit,5057.15,Online,Salary,58057.63,Completed,20:56:00
TXN00004015,ACC0000683,14-Nov-23,Credit,10075.88,Online,Salary,39794.94,Pending,17:29:00
TXN00001996,ACC0000697,29-Apr-23,Credit,13633.99,Online,Salary,48809.91,Completed,09:25:00
TXN00001863,ACC0000697,16-Oct-23,Credit,13379.13,Online,Salary,35947.36,Failed,16:49:00
TXN00002042,ACC0000002,13-May-23,Credit,9228.16,Online,Refund,49750.2,Completed,18:44:00
TXN00000364,ACC0000004,19-May-23,Credit,1502.31,Online,Refund,3554.08,Completed,19:15:00
TXN00000882,ACC0000011,17-Dec-24,Credit,8724.82,Online,Refund,8900.33,Completed,15:44:00
TXN00001109,ACC0000013,03-Mar-24,Credit,7975.37,Online,Refund,17199.09,Completed,22:27:00
TXN00003937,ACC0000025,06-Oct-24,Credit,5228.45,Online,Refund,13419.38,Completed,13:27:00
TXN00004016,ACC0000032,08-Apr-24,Credit,6657.26,Online,Refund,73728.15,Completed,12:42:00
TXN00001787,ACC0000038,22-Jan-24,Credit,1678.19,Online,Refund,11317.73,Completed,20:18:00
TXN00003376,ACC0000049,04-Mar-24,Credit,4330.52,Online,Refund,11907.1,Pending,15:34:00
TXN00003321,ACC0000053,01-Aug-23,Credit,10842.08,Online,Refund,78867.61,Pending,20:26:00
TXN00003050,ACC0000056,08-Oct-24,Credit,9952.13,Online,Refund,31246.49,Pending,21:55:00
TXN00003384,ACC0000086,27-May-23,Credit,899.01,Online,Refund,30110.9,Pending,12:11:00
TXN00004412,ACC0000094,11-May-24,Credit,11403.91,Online,Refund,36875.04,Completed,12:06:00
TXN00002225,ACC0000098,07-Nov-23,Credit,1204.01,Online,Refund,48453.43,Failed,14:40:00
TXN00004061,ACC0000108,02-Dec-22,Credit,10088.69,Online,Refund,10764.07,Pending,13:35:00
TXN00002946,ACC0000116,17-Aug-23,Credit,2478.33,Online,Refund,3785.22,Failed,15:52:00
TXN00002183,ACC0000117,22-Dec-24,Credit,12899.05,Online,Refund,56663.46,Failed,18:26:00
TXN00004298,ACC0000121,30-Dec-24,Credit,10916.18,Online,Refund,44404.57,Pending,10:45:00
TXN00004920,ACC0000144,27-Jan-24,Credit,11940.7,Online,Refund,27521.88,Completed,22:50:00
TXN00002815,ACC0000147,02-Dec-23,Credit,2270.02,Online,Refund,39579.96,Failed,08:38:00
TXN00003073,ACC0000149,18-Feb-17,Credit,12770.14,Online,Refund,24500.04,Failed,11:09:00
TXN00001662,ACC0000155,10-Jun-23,Credit,10060.8,Online,Refund,75857.4,Pending,16:17:00
TXN00000576,ACC0000168,06-Oct-22,Credit,14750.09,Online,Refund,7284.54,Failed,13:27:00
TXN00004247,ACC0000188,24-May-23,Credit,8335.47,Online,Refund,36836.07,Completed,12:24:00
TXN00001738,ACC0000196,20-Dec-22,Credit,11265.51,Online,Refund,29892.21,Pending,09:51:00
TXN00002235,ACC0000215,06-Jul-23,Credit,658.4,Online,Refund,2641.04,Failed,14:51:00
TXN00002899,ACC0000226,06-Aug-22,Credit,9056.83,Online,Refund,25318.53,Completed,12:26:00
TXN00000375,ACC0000232,15-Sep-24,Credit,13591.66,Online,Refund,11057.48,Pending,22:42:00
TXN00002677,ACC0000234,08-Oct-23,Credit,2647.23,Online,Refund,579.56,Pending,09:49:00
TXN00001397,ACC0000236,30-Oct-22,Credit,2315.3,Online,Refund,7886.24,Pending,09:33:00
TXN00001688,ACC0000237,02-Mar-22,Credit,9339.14,Online,Refund,51530.48,Failed,08:22:00
TXN00004259,ACC0000240,25-Oct-24,Credit,5540.06,Online,Refund,23965.06,Completed,20:52:00
TXN00001650,ACC0000251,29-Apr-23,Credit,11429.39,Online,Refund,23558.02,Completed,22:07:00
TXN00000586,ACC0000257,14-Oct-24,Credit,4175.26,Online,Refund,128.51,Pending,18:26:00
TXN00004814,ACC0000267,07-Mar-24,Credit,10742.67,Online,Refund,15576.1,Failed,14:52:00
TXN00004999,ACC0000278,17-Nov-24,Credit,2881.4,Online,Refund,19457.8,Completed,09:25:00
TXN00002388,ACC0000283,22-Oct-23,Credit,9699.88,Online,Refund,30082.73,Failed,15:15:00
TXN00003654,ACC0000287,30-Oct-22,Credit,11824.71,Online,Refund,5014.59,Pending,12:34:00
TXN00001321,ACC0000288,17-Feb-22,Credit,10422.05,Online,Refund,6917.08,Pending,15:36:00
TXN00002854,ACC0000292,30-Oct-24,Credit,12216.02,Online,Refund,8010.76,Failed,10:41:00
TXN00004609,ACC0000298,18-Apr-23,Credit,6442.69,Online,Refund,20580.29,Failed,16:41:00
TXN00004691,ACC0000304,15-Nov-23,Credit,13990.24,Online,Refund,83992.99,Failed,09:20:00
TXN00003258,ACC0000318,24-Oct-24,Credit,1909.81,Online,Refund,28659.84,Pending,10:16:00
TXN00002497,ACC0000322,26-Dec-23,Credit,4734.11,Online,Refund,236.96,Failed,11:03:00
TXN00001280,ACC0000324,11-Apr-24,Credit,10980.97,Online,Refund,8369.04,Failed,22:51:00
TXN00001509,ACC0000333,27-Mar-23,Credit,11274.78,Online,Refund,240.84,Failed,17:37:00
TXN00002269,ACC0000334,23-Dec-24,Credit,11942.96,Online,Refund,77939.66,Completed,11:08:00
TXN00001893,ACC0000351,20-Jul-24,Credit,14888.72,Online,Refund,45466.22,Completed,21:01:00
TXN00001254,ACC0000354,14-Dec-24,Credit,226.59,Online,Refund,19933.11,Failed,15:12:00
TXN00000749,ACC0000355,04-Oct-24,Credit,14025.46,Online,Refund,39663.29,Completed,17:14:00
TXN00000730,ACC0000367,19-Nov-23,Credit,262.31,Online,Refund,31902.47,Completed,09:28:00
TXN00000860,ACC0000379,20-May-22,Credit,9696.19,Online,Refund,23049.61,Completed,17:53:00
TXN00000635,ACC0000379,09-Jan-24,Credit,2996.81,Online,Refund,19640.69,Completed,15:07:00
TXN00002213,ACC0000380,29-Oct-23,Credit,10490.68,Online,Refund,20618.25,Completed,14:01:00
TXN00000717,ACC0000381,28-Aug-22,Credit,12228.57,Online,Refund,71085.11,Completed,19:07:00
TXN00003520,ACC0000381,19-Jan-24,Credit,13296.06,Online,Refund,57727.16,Completed,08:02:00
TXN00004008,ACC0000398,29-May-22,Credit,14928.44,Online,Refund,35673.07,Pending,11:19:00
TXN00001339,ACC0000412,20-Jun-24,Credit,14253.05,Online,Refund,38450.37,Completed,20:10:00
TXN00004607,ACC0000416,03-Jul-22,Credit,14009.53,Online,Refund,429.81,Pending,10:37:00
TXN00000231,ACC0000430,30-Jun-22,Credit,672.2,Online,Refund,19062.49,Failed,19:04:00
TXN00003416,ACC0000440,01-Jan-23,Credit,714.53,Online,Refund,14786.24,Failed,17:16:00
TXN00004238,ACC0000447,21-Dec-23,Credit,12988.94,Online,Refund,16306.69,Completed,18:02:00
TXN00000455,ACC0000465,11-May-24,Credit,10907,Online,Refund,708.36,Failed,09:14:00
TXN00001530,ACC0000469,22-Sep-24,Credit,5911.09,Online,Refund,3866.01,Pending,22:09:00
TXN00004656,ACC0000472,29-May-24,Credit,5515.54,Online,Refund,29053.28,Completed,08:05:00
TXN00000820,ACC0000482,30-May-23,Credit,9845.97,Online,Refund,0,Pending,20:12:00
TXN00003420,ACC0000482,12-Jun-24,Credit,8442.68,Online,Refund,3275.12,Pending,22:02:00
TXN00000316,ACC0000483,26-Jun-24,Credit,10521.42,Online,Refund,45324.1,Completed,20:09:00
TXN00000032,ACC0000494,14-Apr-24,Credit,499.65,Online,Refund,499.65,Completed,13:27:00
TXN00001660,ACC0000497,26-May-24,Credit,5376.69,Online,Refund,19942.19,Failed,19:28:00
TXN00000467,ACC0000513,30-Mar-23,Credit,8610.55,Online,Refund,20603.29,Pending,10:56:00
TXN00000960,ACC0000513,13-May-23,Credit,1065.41,Online,Refund,20603.29,Failed,12:20:00
TXN00002085,ACC0000523,09-Nov-23,Credit,4596.52,Online,Refund,30023.6,Pending,09:46:00
TXN00002080,ACC0000529,20-Oct-24,Credit,10709.49,Online,Refund,1791.68,Pending,19:10:00
TXN00000355,ACC0000534,03-Dec-24,Credit,8230.63,Online,Refund,18697.08,Failed,15:13:00
TXN00002311,ACC0000538,20-Dec-24,Credit,7216.82,Online,Refund,1351.18,Failed,08:08:00
TXN00001237,ACC0000541,14-Dec-24,Credit,6130.04,Online,Refund,2195.04,Pending,18:05:00
TXN00003840,ACC0000550,18-Jan-24,Credit,2359.59,Online,Refund,27563.1,Pending,13:33:00
TXN00003375,ACC0000550,26-Mar-24,Credit,968.59,Online,Refund,22848.73,Completed,16:16:00
TXN00002383,ACC0000552,09-May-22,Credit,10243.01,Online,Refund,28845.9,Completed,15:19:00
TXN00002273,ACC0000552,03-Oct-22,Credit,10931.39,Online,Refund,39777.29,Completed,21:15:00
TXN00004151,ACC0000556,13-Nov-23,Credit,12260.61,Online,Refund,22226.34,Failed,20:14:00
TXN00004910,ACC0000558,10-Jun-23,Credit,9925.53,Online,Refund,905.06,Failed,15:10:00
TXN00003032,ACC0000565,30-May-23,Credit,12898.35,Online,Refund,19361.82,Completed,17:15:00
TXN00004033,ACC0000571,23-Dec-23,Credit,3282.89,Online,Refund,8854.17,Completed,14:55:00
TXN00001083,ACC0000583,31-Jan-23,Credit,422.67,Online,Refund,3851.56,Failed,12:06:00
TXN00003249,ACC0000585,30-May-24,Credit,5513.66,Online,Refund,7893.23,Completed,19:54:00
TXN00004254,ACC0000595,23-Jul-24,Credit,9651.32,Online,Refund,26553.54,Completed,20:42:00
TXN00003795,ACC0000596,24-Nov-24,Credit,9824.32,Online,Refund,23417.59,Pending,16:03:00
TXN00001710,ACC0000618,30-Oct-24,Credit,5816.64,Online,Refund,59135.65,Failed,09:22:00
TXN00001992,ACC0000622,04-Jun-22,Credit,5333.45,Online,Refund,52703.93,Completed,10:05:00
TXN00000665,ACC0000623,06-May-24,Credit,2943.11,Online,Refund,4456.44,Pending,10:19:00
TXN00001608,ACC0000623,16-Jul-24,Credit,7078.41,Online,Refund,11534.85,Completed,15:25:00
TXN00000044,ACC0000632,19-Jun-24,Credit,14327.46,Online,Refund,27805.52,Failed,14:16:00
TXN00003507,ACC0000648,22-Apr-23,Credit,4706.63,Online,Refund,46535.51,Failed,13:29:00
TXN00001080,ACC0000650,10-Jan-24,Credit,5950.18,Online,Refund,9546.51,Completed,13:29:00
TXN00000485,ACC0000664,27-Nov-22,Credit,9852.67,Online,Refund,48848.71,Pending,08:50:00
TXN00000835,ACC0000675,29-May-23,Credit,3445.03,Online,Refund,45707.74,Failed,14:15:00
TXN00004546,ACC0000682,06-Nov-24,Credit,12402.85,Online,Refund,31342.47,Pending,10:57:00
TXN00003868,ACC0000697,21-Nov-24,Credit,7654.63,Online,Refund,45252.22,Pending,13:39:00
TXN00004972,ACC0000010,04-Nov-23,Credit,1853.26,Branch,Salary,19698.13,Pending,09:12:00
TXN00001935,ACC0000031,19-Feb-23,Credit,6259.57,Branch,Salary,12076.22,Completed,21:36:00
TXN00004770,ACC0000033,16-Feb-24,Credit,14457.29,Branch,Salary,14760.77,Completed,13:25:00
TXN00003001,ACC0000066,06-Jun-23,Credit,10950.33,Branch,Salary,55228.07,Failed,22:03:00
TXN00004518,ACC0000069,05-Jan-24,Credit,3370.55,Branch,Salary,39394.48,Completed,13:49:00
TXN00004946,ACC0000071,16-Mar-24,Credit,11049.23,Branch,Salary,62840.98,Completed,17:45:00
TXN00003545,ACC0000073,09-Jul-23,Credit,11631.51,Branch,Salary,3107.52,Pending,22:52:00
TXN00001910,ACC0000087,25-Dec-24,Credit,2721.95,Branch,Salary,5,Pending,08:31:00
TXN00000490,ACC0000089,07-Feb-22,Credit,2649.76,Branch,Salary,4454.73,Completed,15:47:00
TXN00002209,ACC0000103,29-May-24,Credit,5114.87,Branch,Salary,34623.46,Pending,19:39:00
TXN00000942,ACC0000104,21-Jul-24,Credit,4473.12,Branch,Salary,11605.51,Pending,22:59:00
TXN00000212,ACC0000111,21-Jun-22,Credit,11.75,Branch,Salary,15554.82,Pending,18:27:00
TXN00003359,ACC0000134,14-Jun-23,Credit,6355.48,Branch,Salary,4160.21,Pending,17:37:00
TXN00002055,ACC0000142,13-Mar-23,Credit,10276.4,Branch,Salary,64030.55,Failed,10:47:00
TXN00001872,ACC0000154,03-Dec-23,Credit,4246.64,Branch,Salary,30194.27,Pending,13:15:00
TXN00004525,ACC0000172,17-Sep-23,Credit,2884.04,Branch,Salary,8087.59,Failed,15:25:00
TXN00004516,ACC0000175,30-Dec-23,Credit,3407.64,Branch,Salary,3077.51,Failed,12:57:00
TXN00003941,ACC0000179,19-Nov-22,Credit,11665.21,Branch,Salary,9719.14,Failed,18:46:00
TXN00003894,ACC0000201,14-Jul-23,Credit,2273.14,Branch,Salary,3550.59,Completed,18:08:00
TXN00003704,ACC0000203,21-Jan-24,Credit,8986.32,Branch,Salary,61483.33,Completed,12:23:00
TXN00003645,ACC0000218,09-Nov-23,Credit,9755.99,Branch,Salary,9760.99,Completed,19:19:00
TXN00002725,ACC0000218,21-Mar-24,Credit,13112.77,Branch,Salary,22873.76,Completed,22:43:00
TXN00003174,ACC0000218,21-Apr-24,Credit,14205.91,Branch,Salary,22873.76,Pending,13:52:00
TXN00000734,ACC0000222,28-Nov-23,Credit,7346.43,Branch,Salary,5349.33,Failed,15:56:00
TXN00004528,ACC0000235,04-Apr-23,Credit,6349.47,Branch,Salary,42935.13,Completed,22:44:00
TXN00003219,ACC0000237,05-Oct-22,Credit,9529.55,Branch,Salary,51530.48,Failed,14:29:00
TXN00000757,ACC0000240,16-Oct-24,Credit,11784.04,Branch,Salary,18425,Completed,18:48:00
TXN00004655,ACC0000241,27-May-22,Credit,10993.64,Branch,Salary,11547.09,Completed,15:44:00
TXN00003318,ACC0000253,27-Nov-23,Credit,6630.81,Branch,Salary,71822.32,Pending,14:51:00
TXN00000033,ACC0000257,04-Jan-22,Credit,2865.34,Branch,Salary,6659.01,Pending,13:32:00
TXN00000611,ACC0000258,20-May-23,Credit,9949.54,Branch,Salary,24407.3,Failed,15:42:00
TXN00004330,ACC0000279,06-Jul-24,Credit,14371.84,Branch,Salary,27583.56,Completed,21:08:00
TXN00003914,ACC0000286,07-May-22,Credit,5706.05,Branch,Salary,1732.67,Pending,08:47:00
TXN00001578,ACC0000291,24-Jun-23,Credit,13008.11,Branch,Salary,5613.38,Failed,10:57:00
TXN00004381,ACC0000297,24-Apr-24,Credit,3350.86,Branch,Salary,670.22,Failed,17:54:00
TXN00000466,ACC0000307,24-Jun-23,Credit,2726.54,Branch,Salary,5550.06,Pending,17:11:00
TXN00001701,ACC0000307,03-Dec-24,Credit,10713.87,Branch,Salary,31251.09,Completed,19:16:00
TXN00003031,ACC0000312,22-Jun-24,Credit,5153.76,Branch,Salary,8588.97,Completed,20:37:00
TXN00003709,ACC0000314,05-Jul-22,Credit,8471.61,Branch,Salary,5839.17,Failed,22:59:00
TXN00001988,ACC0000317,30-Nov-23,Credit,6645.49,Branch,Salary,42216.68,Completed,21:04:00
TXN00001648,ACC0000333,19-Nov-24,Credit,13590.71,Branch,Salary,240.84,Failed,20:51:00
TXN00003366,ACC0000337,11-Jun-23,Credit,3599.26,Branch,Salary,39804.26,Failed,18:44:00
TXN00001423,ACC0000348,15-Dec-24,Credit,7901.14,Branch,Salary,16006.75,Completed,21:17:00
TXN00002350,ACC0000351,28-Mar-22,Credit,7451.99,Branch,Salary,39257.43,Pending,14:13:00
TXN00000517,ACC0000360,23-Sep-24,Credit,12404.41,Branch,Salary,49282.37,Completed,16:13:00
TXN00001069,ACC0000361,17-Nov-24,Credit,13597.44,Branch,Salary,1838.06,Failed,12:17:00
TXN00001165,ACC0000373,17-Sep-24,Credit,507.67,Branch,Salary,46180.34,Failed,13:11:00
TXN00000510,ACC0000387,03-Sep-24,Credit,14444.94,Branch,Salary,103538.89,Completed,13:33:00
TXN00004226,ACC0000388,19-Jan-24,Credit,3248.17,Branch,Salary,22132.79,Pending,11:47:00
TXN00002252,ACC0000388,22-Jul-24,Credit,11084.93,Branch,Salary,22132.79,Failed,15:20:00
TXN00002878,ACC0000393,09-Nov-23,Credit,14109.57,Branch,Salary,6664.41,Pending,21:43:00
TXN00002609,ACC0000400,27-Aug-23,Credit,6966.39,Branch,Salary,20766.01,Failed,15:55:00
TXN00004014,ACC0000407,08-Jan-24,Credit,1847.87,Branch,Salary,7141.66,Completed,11:11:00
TXN00004306,ACC0000413,10-Nov-22,Credit,9468.68,Branch,Salary,1996.16,Pending,14:45:00
TXN00000023,ACC0000416,19-Dec-22,Credit,9623.39,Branch,Salary,429.81,Pending,12:22:00
TXN00000721,ACC0000421,01-Feb-23,Credit,12356.12,Branch,Salary,22469.29,Completed,18:25:00
TXN00002211,ACC0000426,08-Apr-23,Credit,9199.16,Branch,Salary,17331.81,Failed,18:37:00
TXN00002906,ACC0000426,12-Aug-23,Credit,8290.1,Branch,Salary,187.02,Pending,20:20:00
TXN00004877,ACC0000445,27-Jun-24,Credit,12480.74,Branch,Salary,6393.82,Failed,08:01:00
TXN00003236,ACC0000452,07-Oct-23,Credit,233.35,Branch,Salary,14363.02,Failed,21:58:00
TXN00002751,ACC0000455,19-Jun-22,Credit,13566.02,Branch,Salary,16219.63,Completed,11:55:00
TXN00003342,ACC0000459,07-Jul-24,Credit,784.75,Branch,Salary,13940.22,Failed,18:56:00
TXN00003442,ACC0000466,29-Jun-23,Credit,7932.68,Branch,Salary,2121.9,Failed,08:12:00
TXN00002377,ACC0000467,27-Aug-22,Credit,10534.14,Branch,Salary,17079.45,Failed,15:03:00
TXN00000297,ACC0000488,07-Nov-23,Credit,1142.44,Branch,Salary,1746.31,Completed,22:53:00
TXN00003813,ACC0000490,23-Oct-24,Credit,3472.89,Branch,Salary,8523.57,Completed,12:30:00
TXN00000052,ACC0000504,08-Jun-23,Credit,7598.24,Branch,Salary,11434.14,Completed,08:19:00
TXN00003490,ACC0000504,11-Jun-23,Credit,2835.4,Branch,Salary,11434.14,Failed,11:15:00
TXN00003731,ACC0000521,26-Sep-23,Credit,5212.79,Branch,Salary,25867.87,Failed,09:54:00
TXN00001039,ACC0000531,27-Oct-22,Credit,6501.84,Branch,Salary,37642.44,Pending,12:41:00
TXN00004977,ACC0000542,29-Dec-24,Credit,7318.15,Branch,Salary,31225.25,Completed,20:28:00
TXN00002431,ACC0000544,19-Mar-22,Credit,3226.98,Branch,Salary,30149.96,Pending,09:35:00
TXN00003564,ACC0000558,05-Oct-22,Credit,2865.86,Branch,Salary,4124.08,Pending,11:56:00
TXN00003659,ACC0000559,01-Sep-23,Credit,9225.34,Branch,Salary,58571.75,Completed,17:12:00
TXN00004067,ACC0000585,08-Mar-23,Credit,5104.75,Branch,Salary,17243.57,Completed,13:28:00
TXN00001544,ACC0000589,22-Apr-23,Credit,4575.47,Branch,Salary,1100.9,Failed,08:51:00
TXN00000261,ACC0000603,01-Feb-19,Credit,5953.14,Branch,Salary,47218.15,Completed,15:48:00
TXN00000183,ACC0000618,28-Aug-22,Credit,1323.18,Branch,Salary,48923.43,Completed,08:58:00
TXN00004328,ACC0000620,24-May-24,Credit,2566.97,Branch,Salary,33790.96,Pending,09:18:00
TXN00004476,ACC0000622,31-Jul-23,Credit,680.34,Branch,Salary,52703.93,Pending,11:38:00
TXN00001769,ACC0000639,24-Jan-23,Credit,10844.53,Branch,Salary,14375.61,Failed,15:29:00
TXN00000521,ACC0000645,28-Apr-23,Credit,7422.02,Branch,Salary,4258.57,Failed,13:30:00
TXN00002721,ACC0000670,30-Jan-23,Credit,5327.88,Branch,Salary,1308.89,Failed,15:58:00
TXN00004093,ACC0000684,01-Oct-23,Credit,9632.35,Branch,Salary,17999.68,Failed,13:46:00
TXN00001618,ACC0000688,17-May-22,Credit,9678.85,Branch,Salary,34596.96,Failed,18:12:00
TXN00002276,ACC0000690,22-Jun-23,Credit,783.99,Branch,Salary,47392.31,Pending,16:52:00
TXN00002434,ACC0000009,12-Sep-23,Credit,2798.59,Branch,Refund,12015.91,Pending,11:57:00
TXN00002220,ACC0000063,25-Jun-22,Credit,14043.29,Branch,Refund,16155.03,Completed,08:24:00
TXN00002931,ACC0000064,29-Nov-23,Credit,939.52,Branch,Refund,5282.76,Failed,22:39:00
TXN00001700,ACC0000070,25-Jul-24,Credit,3184.19,Branch,Refund,19502.91,Failed,13:49:00
TXN00002849,ACC0000072,27-May-23,Credit,1272.18,Branch,Refund,11647.81,Completed,08:43:00
TXN00002613,ACC0000099,01-May-23,Credit,4101.84,Branch,Refund,30602.3,Pending,12:29:00
TXN00004576,ACC0000106,20-Apr-22,Credit,12893.25,Branch,Refund,1329.16,Failed,21:18:00
TXN00002312,ACC0000107,04-Sep-23,Credit,14165.28,Branch,Refund,47541.29,Pending,12:19:00
TXN00004342,ACC0000108,29-Jul-23,Credit,14633.27,Branch,Refund,22123.09,Completed,12:26:00
TXN00000158,ACC0000128,15-Jan-23,Credit,14325.59,Branch,Refund,78.91,Pending,18:21:00
TXN00004782,ACC0000130,30-Apr-23,Credit,8482.78,Branch,Refund,27798.54,Pending,08:43:00
TXN00000084,ACC0000136,22-Dec-24,Credit,6621.66,Branch,Refund,12004.73,Failed,10:51:00
TXN00002950,ACC0000166,05-Jul-24,Credit,1850.04,Branch,Refund,45387.45,Pending,22:22:00
TXN00001925,ACC0000220,01-Jan-23,Credit,12718.66,Branch,Refund,64482.63,Completed,12:06:00
TXN00003409,ACC0000226,04-Jun-22,Credit,12459.02,Branch,Refund,17731.88,Completed,10:52:00
TXN00001614,ACC0000248,15-May-22,Credit,5749.38,Branch,Refund,7395.22,Failed,19:22:00
TXN00003739,ACC0000261,29-Dec-24,Credit,10041.5,Branch,Refund,10608.48,Failed,22:13:00
TXN00004896,ACC0000273,05-Aug-22,Credit,10469.04,Branch,Refund,42091.26,Failed,18:39:00
TXN00003711,ACC0000289,29-May-24,Credit,3831.48,Branch,Refund,887.96,Failed,16:27:00
TXN00000126,ACC0000302,23-Jan-22,Credit,10952.89,Branch,Refund,65158.13,Completed,11:39:00
TXN00002295,ACC0000307,27-Jul-23,Credit,14987.16,Branch,Refund,20537.22,Completed,12:52:00
TXN00001533,ACC0000308,26-Aug-23,Credit,14699.47,Branch,Refund,41890.15,Completed,15:24:00
TXN00004796,ACC0000315,31-Jan-23,Credit,11272.08,Branch,Refund,1600.69,Pending,13:42:00
TXN00002364,ACC0000320,16-Sep-23,Credit,6129,Branch,Refund,13343.29,Completed,17:19:00
TXN00004452,ACC0000325,20-Sep-24,Credit,1968.95,Branch,Refund,49111.64,Pending,21:01:00
TXN00001795,ACC0000326,27-Jul-23,Credit,5274.4,Branch,Refund,59041.64,Pending,09:12:00
TXN00002749,ACC0000334,01-Nov-23,Credit,10011.23,Branch,Refund,65996.7,Pending,12:28:00
TXN00000162,ACC0000342,11-Jan-23,Credit,9932.34,Branch,Refund,72664.58,Pending,16:42:00
TXN00000786,ACC0000352,07-Dec-22,Credit,11811.94,Branch,Refund,31495.77,Pending,14:51:00
TXN00000373,ACC0000358,24-Sep-24,Credit,1237.18,Branch,Refund,29576.76,Failed,14:22:00
TXN00000559,ACC0000370,06-Oct-24,Credit,4445.49,Branch,Refund,42417.5,Pending,18:06:00
TXN00001251,ACC0000372,24-Sep-24,Credit,6126.96,Branch,Refund,14607.59,Pending,20:30:00
TXN00004050,ACC0000373,19-Nov-23,Credit,6816.9,Branch,Refund,48698.39,Failed,09:40:00
TXN00003590,ACC0000382,19-Jul-24,Credit,7635.59,Branch,Refund,44951.86,Completed,08:54:00
TXN00002885,ACC0000383,25-Jan-23,Credit,6046.7,Branch,Refund,9908.48,Pending,22:50:00
TXN00002665,ACC0000392,12-May-23,Credit,3402.4,Branch,Refund,25548.77,Failed,08:38:00
TXN00001266,ACC0000404,04-Jul-24,Credit,11261.15,Branch,Refund,37668.95,Pending,16:28:00
TXN00001820,ACC0000417,27-Jul-22,Credit,553.36,Branch,Refund,6589.43,Failed,14:03:00
TXN00000795,ACC0000437,01-Apr-23,Credit,1113.54,Branch,Refund,14729.82,Pending,08:09:00
TXN00000889,ACC0000440,22-May-24,Credit,3118.76,Branch,Refund,14000.94,Pending,10:39:00
TXN00003878,ACC0000448,05-Nov-23,Credit,13603.09,Branch,Refund,33596.52,Failed,19:25:00
TXN00002413,ACC0000482,22-Dec-22,Credit,904.55,Branch,Refund,0,Failed,17:15:00
TXN00001042,ACC0000482,06-Feb-24,Credit,3275.12,Branch,Refund,3275.12,Completed,18:03:00
TXN00001818,ACC0000482,23-Jul-24,Credit,11847.66,Branch,Refund,15122.78,Completed,18:14:00
TXN00001808,ACC0000497,14-May-24,Credit,12399.69,Branch,Refund,19942.19,Pending,16:15:00
TXN00003752,ACC0000519,05-Mar-23,Credit,415.34,Branch,Refund,50213.18,Failed,08:22:00
TXN00002390,ACC0000528,01-Mar-22,Credit,9251.7,Branch,Refund,3509.16,Pending,12:29:00
TXN00000580,ACC0000537,09-Sep-23,Credit,5815.99,Branch,Refund,13321.3,Completed,11:25:00
TXN00000209,ACC0000546,22-Nov-23,Credit,896.27,Branch,Refund,46304.52,Completed,20:40:00
TXN00004329,ACC0000546,25-Nov-23,Credit,7556.82,Branch,Refund,53861.34,Completed,09:35:00
TXN00000103,ACC0000546,05-Oct-24,Credit,1063.1,Branch,Refund,42905.66,Failed,14:13:00
TXN00000347,ACC0000552,30-Oct-23,Credit,2931.93,Branch,Refund,35457.53,Completed,20:10:00
TXN00003979,ACC0000554,17-Jun-23,Credit,14853.46,Branch,Refund,42779.52,Completed,10:31:00
TXN00002912,ACC0000561,08-May-22,Credit,11942.31,Branch,Refund,19626.6,Failed,20:41:00
TXN00002384,ACC0000565,22-May-23,Credit,189.32,Branch,Refund,6463.47,Failed,10:03:00
TXN00001131,ACC0000591,15-Oct-24,Credit,11245.81,Branch,Refund,24497.62,Failed,12:58:00
TXN00003994,ACC0000592,10-Sep-23,Credit,2464.77,Branch,Refund,26420.44,Failed,21:21:00
TXN00001785,ACC0000597,24-Jan-23,Credit,1421.39,Branch,Refund,32926.77,Pending,15:45:00
TXN00003719,ACC0000597,03-May-24,Credit,1471.62,Branch,Refund,20232.11,Completed,20:08:00
TXN00002771,ACC0000625,30-Nov-22,Credit,5790.53,Branch,Refund,9701.71,Failed,20:35:00
TXN00004510,ACC0000625,10-May-23,Credit,195.82,Branch,Refund,9897.53,Completed,19:17:00
TXN00004237,ACC0000629,29-Mar-22,Credit,3588.33,Branch,Refund,38851.23,Failed,20:47:00
TXN00000043,ACC0000637,26-May-24,Credit,2182.1,Branch,Refund,58702.28,Completed,08:21:00
TXN00003833,ACC0000642,27-Nov-24,Credit,13618.57,Branch,Refund,5,Failed,18:10:00
TXN00001058,ACC0000653,12-Jan-23,Credit,862,Branch,Refund,2257.24,Failed,21:46:00
TXN00000328,ACC0000655,02-Nov-22,Credit,6452.42,Branch,Refund,1272.76,Failed,21:24:00
TXN00000895,ACC0000658,22-Jul-23,Credit,674.5,Branch,Refund,22285.12,Pending,14:02:00
TXN00001275,ACC0000667,11-Jan-24,Credit,13043.3,Branch,Refund,41575.42,Completed,08:53:00
TXN00003825,ACC0000669,19-Mar-23,Credit,13620.85,Branch,Refund,2734.19,Failed,08:43:00
TXN00003638,ACC0000669,18-May-24,Credit,9126.23,Branch,Refund,11860.42,Completed,14:05:00
TXN00002729,ACC0000670,30-Oct-23,Credit,11962.58,Branch,Refund,12519.77,Completed,19:15:00
TXN00001921,ACC0000671,03-Oct-23,Credit,8088.82,Branch,Refund,993.94,Pending,19:03:00
TXN00003348,ACC0000684,28-Jan-23,Credit,8979.61,Branch,Refund,7441.41,Failed,15:51:00
TXN00002575,ACC0000687,11-Apr-23,Credit,1550.58,Branch,Refund,5620.73,Failed,12:12:00
TXN00000456,ACC0000687,12-Jun-23,Credit,2861.56,Branch,Refund,5620.73,Pending,15:44:00
TXN00000298,ACC0000011,27-Dec-23,Transfer,10766.06,Branch,Transfer,1358.54,Failed,14:07:00
TXN00004838,ACC0000012,06-Dec-24,Transfer,5231.94,Branch,Transfer,5517.1,Completed,12:20:00
TXN00002963,ACC0000041,07-Feb-22,Transfer,7404.92,Branch,Transfer,7278.11,Failed,11:23:00
TXN00001471,ACC0000041,15-Feb-22,Transfer,10876.78,Branch,Transfer,7278.11,Pending,12:44:00
TXN00000259,ACC0000042,11-Sep-24,Transfer,1280.66,Branch,Transfer,8446.62,Completed,14:45:00
TXN00001228,ACC0000048,19-Jan-24,Transfer,811.97,Branch,Transfer,461.57,Completed,08:46:00
TXN00002549,ACC0000051,16-Jul-24,Transfer,9449.53,Branch,Transfer,11754.66,Failed,08:59:00
TXN00001903,ACC0000055,18-Aug-24,Transfer,7177.05,Branch,Transfer,4371.58,Completed,14:49:00
TXN00003099,ACC0000062,10-Nov-24,Transfer,8755.05,Branch,Transfer,5,Failed,22:25:00
TXN00002702,ACC0000071,01-May-24,Transfer,11435.93,Branch,Transfer,62840.98,Pending,15:20:00
TXN00002351,ACC0000075,21-Dec-24,Transfer,5772.78,Branch,Transfer,3010.43,Pending,11:52:00
TXN00000085,ACC0000082,20-Feb-23,Transfer,13262.04,Branch,Transfer,8208.02,Completed,12:37:00
TXN00001520,ACC0000086,11-Oct-24,Transfer,5419.54,Branch,Transfer,19801.09,Failed,10:46:00
TXN00004697,ACC0000091,07-Nov-23,Transfer,1093.59,Branch,Transfer,17069.62,Completed,15:54:00
TXN00003846,ACC0000100,24-Oct-18,Transfer,12325.21,Branch,Transfer,5018.4,Pending,10:45:00
TXN00002149,ACC0000103,16-Oct-24,Transfer,2270.26,Branch,Transfer,23321.04,Pending,09:34:00
TXN00004768,ACC0000112,12-Sep-24,Transfer,285.47,Branch,Transfer,24791.53,Pending,08:36:00
TXN00002099,ACC0000127,19-Apr-24,Transfer,1613,Branch,Transfer,12128.84,Failed,17:03:00
TXN00001291,ACC0000143,06-Apr-24,Transfer,1101.91,Branch,Transfer,8503.07,Completed,11:33:00
TXN00002833,ACC0000179,11-Nov-24,Transfer,9714.14,Branch,Transfer,5,Completed,10:26:00
TXN00000443,ACC0000187,20-Jun-22,Transfer,12372.89,Branch,Transfer,28056.26,Completed,18:46:00
TXN00002379,ACC0000199,24-Jan-24,Transfer,12409.63,Branch,Transfer,60877.83,Completed,09:09:00
TXN00004376,ACC0000200,16-Aug-24,Transfer,9665.54,Branch,Transfer,43592.82,Pending,16:22:00
TXN00002554,ACC0000211,02-Mar-24,Transfer,1343.57,Branch,Transfer,34312.67,Completed,12:44:00
TXN00004726,ACC0000233,22-Jul-23,Transfer,2700.77,Branch,Transfer,53834.26,Failed,10:40:00
TXN00004047,ACC0000246,28-Aug-24,Transfer,7331.16,Branch,Transfer,1991.59,Completed,13:20:00
TXN00000400,ACC0000259,27-Aug-22,Transfer,14151.82,Branch,Transfer,7636.75,Failed,14:08:00
TXN00003991,ACC0000295,16-Jan-23,Transfer,11891.64,Branch,Transfer,13536.04,Pending,14:27:00
TXN00000817,ACC0000297,28-Jun-23,Transfer,572.15,Branch,Transfer,670.22,Completed,20:11:00
TXN00000097,ACC0000319,23-Feb-23,Transfer,5740.35,Branch,Transfer,15430.4,Pending,14:41:00
TXN00001727,ACC0000322,12-Jan-22,Transfer,9971.49,Branch,Transfer,25213.09,Completed,10:26:00
TXN00004969,ACC0000322,13-Aug-22,Transfer,14273.41,Branch,Transfer,10939.68,Completed,16:25:00
TXN00002258,ACC0000352,23-Jun-23,Transfer,5813.06,Branch,Transfer,44556.96,Pending,09:57:00
TXN00003350,ACC0000387,26-Sep-23,Transfer,4624.24,Branch,Transfer,74575.75,Completed,08:21:00
TXN00002735,ACC0000393,06-Nov-23,Transfer,4412.58,Branch,Transfer,6664.41,Completed,15:38:00
TXN00000115,ACC0000399,30-Jun-22,Transfer,676.24,Branch,Transfer,6807.13,Pending,14:59:00
TXN00001394,ACC0000411,12-Jan-23,Transfer,6736.92,Branch,Transfer,1188.98,Failed,22:24:00
TXN00004900,ACC0000414,09-Jul-22,Transfer,13715.61,Branch,Transfer,21589.75,Pending,14:50:00
TXN00001728,ACC0000423,02-Jan-23,Transfer,5317.85,Branch,Transfer,45.53,Failed,18:40:00
TXN00001609,ACC0000454,29-Sep-22,Transfer,5201.33,Branch,Transfer,60225.69,Pending,16:29:00
TXN00001943,ACC0000474,13-May-24,Transfer,11313.38,Branch,Transfer,8447.28,Pending,20:43:00
TXN00002893,ACC0000480,21-Jan-23,Transfer,6282.81,Branch,Transfer,56006.99,Failed,12:16:00
TXN00004420,ACC0000507,24-Dec-23,Transfer,470.01,Branch,Transfer,170.73,Completed,13:08:00
TXN00004915,ACC0000524,02-Jul-22,Transfer,2133.76,Branch,Transfer,24814.97,Completed,16:07:00
TXN00003197,ACC0000567,17-Apr-24,Transfer,1704.12,Branch,Transfer,37777.15,Completed,13:43:00
TXN00002987,ACC0000586,23-Dec-22,Transfer,8493.4,Branch,Transfer,4414.2,Failed,19:06:00
TXN00004402,ACC0000597,04-Mar-22,Transfer,12440.15,Branch,Transfer,47569.03,Failed,18:17:00
TXN00002136,ACC0000609,02-Feb-24,Transfer,6070.6,Branch,Transfer,20397.85,Failed,10:58:00
TXN00002880,ACC0000611,03-Jan-22,Transfer,8608.07,Branch,Transfer,10368.02,Completed,15:42:00
TXN00001583,ACC0000623,23-Sep-24,Transfer,4768.2,Branch,Transfer,6766.65,Completed,10:22:00
TXN00002801,ACC0000632,18-Dec-22,Transfer,12269.07,Branch,Transfer,44538.12,Pending,11:03:00
TXN00002072,ACC0000666,31-Dec-22,Transfer,2881.22,Branch,Transfer,55102.39,Failed,19:54:00
TXN00004004,ACC0000671,18-May-23,Transfer,5733.33,Branch,Transfer,993.94,Failed,10:35:00
TXN00001015,ACC0000675,02-May-23,Transfer,13689.8,Branch,Transfer,45707.74,Completed,20:10:00
TXN00001915,ACC0000683,04-Feb-24,Transfer,13966.48,Branch,Transfer,54219.44,Pending,15:35:00
TXN00000338,ACC0000683,26-Jun-24,Transfer,8779.19,Branch,Transfer,54219.44,Failed,18:27:00
TXN00004046,ACC0000684,20-Aug-23,Transfer,3098.11,Branch,Transfer,7441.41,Failed,20:24:00
TXN00004126,ACC0000028,03-Aug-23,Transfer,14143.68,Branch,Rent,10263.08,Pending,22:54:00
TXN00003354,ACC0000040,10-Jun-23,Transfer,1120.06,Branch,Rent,32635.3,Failed,20:26:00
TXN00003537,ACC0000045,18-Jun-22,Transfer,11576.87,Branch,Rent,36092.82,Failed,22:09:00
TXN00000382,ACC0000056,04-Jul-22,Transfer,2471.79,Branch,Rent,48861.4,Pending,09:35:00
TXN00000658,ACC0000078,07-Jun-22,Transfer,11599.03,Branch,Rent,20970.62,Pending,12:38:00
TXN00001371,ACC0000084,26-Mar-24,Transfer,1203.89,Branch,Rent,36001.62,Completed,18:27:00
TXN00000405,ACC0000085,02-Nov-24,Transfer,5987.65,Branch,Rent,1236.02,Failed,08:07:00
TXN00003511,ACC0000094,26-May-22,Transfer,10845.46,Branch,Rent,21843.46,Pending,19:59:00
TXN00004422,ACC0000094,09-Feb-24,Transfer,5384.17,Branch,Rent,25471.13,Failed,17:32:00
TXN00000213,ACC0000110,29-Sep-24,Transfer,971.23,Branch,Rent,24478.38,Pending,22:44:00
TXN00000272,ACC0000114,20-Jan-24,Transfer,1655.24,Branch,Rent,11937.42,Pending,13:09:00
TXN00003140,ACC0000133,10-Sep-24,Transfer,7336.62,Branch,Rent,353.18,Pending,09:17:00
TXN00003758,ACC0000139,05-Oct-22,Transfer,1075.95,Branch,Rent,26916.04,Pending,11:22:00
TXN00000677,ACC0000152,27-May-24,Transfer,4697.04,Branch,Rent,71906.03,Completed,22:39:00
TXN00003797,ACC0000157,09-Jan-23,Transfer,6362.5,Branch,Rent,1523.11,Pending,16:40:00
TXN00003424,ACC0000158,22-Oct-24,Transfer,1277.73,Branch,Rent,570.35,Failed,08:41:00
TXN00003562,ACC0000175,07-Sep-23,Transfer,2509.14,Branch,Rent,27156.9,Pending,10:11:00
TXN00003947,ACC0000175,18-Nov-23,Transfer,10217.06,Branch,Rent,3077.51,Completed,21:05:00
TXN00001440,ACC0000180,10-Jul-22,Transfer,4076.42,Branch,Rent,6748.32,Failed,08:36:00
TXN00002622,ACC0000191,21-Jan-23,Transfer,2989.85,Branch,Rent,40213.63,Completed,11:03:00
TXN00002490,ACC0000192,28-Aug-22,Transfer,7299.35,Branch,Rent,993.01,Failed,17:30:00
TXN00002752,ACC0000213,26-Nov-22,Transfer,901.04,Branch,Rent,1143.42,Completed,19:50:00
TXN00003549,ACC0000215,08-Jan-23,Transfer,2517.22,Branch,Rent,4177.46,Completed,14:33:00
TXN00003796,ACC0000218,19-Jul-23,Transfer,5485.19,Branch,Rent,3517.37,Completed,20:53:00
TXN00000311,ACC0000224,10-Mar-23,Transfer,10036.74,Branch,Rent,1108.96,Pending,14:27:00
TXN00004733,ACC0000233,29-Jun-23,Transfer,6520.56,Branch,Rent,53834.26,Completed,22:21:00
TXN00003766,ACC0000257,30-Jan-24,Transfer,6824.22,Branch,Rent,939.42,Pending,13:26:00
TXN00003771,ACC0000257,03-May-24,Transfer,538.19,Branch,Rent,401.23,Completed,15:08:00
TXN00003591,ACC0000266,10-Mar-24,Transfer,9685.34,Branch,Rent,43917.43,Completed,16:42:00
TXN00000833,ACC0000279,29-Mar-24,Transfer,14972.32,Branch,Rent,25794.96,Pending,08:57:00
TXN00001751,ACC0000280,13-Mar-23,Transfer,10163.62,Branch,Rent,8021.54,Completed,18:48:00
TXN00001861,ACC0000281,04-Dec-21,Transfer,13265.22,Branch,Rent,436.7,Pending,17:31:00
TXN00001155,ACC0000282,10-May-22,Transfer,3266.68,Branch,Rent,4938.64,Completed,08:14:00
TXN00001213,ACC0000289,12-Jul-23,Transfer,4807.47,Branch,Rent,887.96,Completed,17:19:00
TXN00003907,ACC0000297,09-Jul-22,Transfer,6202.45,Branch,Rent,2922.55,Pending,10:57:00
TXN00002147,ACC0000307,26-May-23,Transfer,5942.33,Branch,Rent,5550.06,Pending,20:38:00
TXN00000076,ACC0000312,26-Jun-24,Transfer,5848.32,Branch,Rent,2740.65,Completed,18:17:00
TXN00000862,ACC0000318,08-May-24,Transfer,8511.54,Branch,Rent,28163.04,Pending,14:23:00
TXN00001775,ACC0000338,20-Jun-23,Transfer,199.09,Branch,Rent,15.14,Completed,16:49:00
TXN00003915,ACC0000356,03-Mar-24,Transfer,13164.16,Branch,Rent,1924.24,Failed,14:33:00
TXN00004751,ACC0000363,14-Nov-23,Transfer,6011.64,Branch,Rent,40191.4,Pending,21:29:00
TXN00004455,ACC0000370,01-Oct-24,Transfer,4701.68,Branch,Rent,42417.5,Pending,18:38:00
TXN00002976,ACC0000377,13-Oct-22,Transfer,144.93,Branch,Rent,193.44,Completed,14:01:00
TXN00003044,ACC0000393,17-Sep-24,Transfer,9952.92,Branch,Rent,6664.41,Pending,18:16:00
TXN00003259,ACC0000401,23-Mar-24,Transfer,3153.86,Branch,Rent,0,Failed,10:49:00
TXN00003290,ACC0000403,28-Nov-22,Transfer,13363.12,Branch,Rent,54764.95,Pending,21:30:00
TXN00003883,ACC0000410,12-Feb-24,Transfer,8499.86,Branch,Rent,42046.33,Pending,19:31:00
TXN00002567,ACC0000422,20-Aug-23,Transfer,13591.11,Branch,Rent,44965,Failed,16:49:00
TXN00002004,ACC0000423,25-Aug-22,Transfer,4515.41,Branch,Rent,323.83,Failed,18:45:00
TXN00002597,ACC0000453,15-Sep-22,Transfer,648.31,Branch,Rent,31498,Failed,09:28:00
TXN00002195,ACC0000460,13-Sep-24,Transfer,10147.25,Branch,Rent,12426.32,Failed,08:12:00
TXN00003885,ACC0000461,03-Nov-24,Transfer,9949.26,Branch,Rent,1001.06,Completed,13:39:00
TXN00003013,ACC0000466,19-Aug-24,Transfer,447.1,Branch,Rent,543.79,Completed,17:34:00
TXN00000991,ACC0000468,11-Sep-24,Transfer,205.44,Branch,Rent,69.14,Completed,08:12:00
TXN00004779,ACC0000474,12-Sep-24,Transfer,8103.75,Branch,Rent,8447.28,Pending,10:43:00
TXN00001714,ACC0000489,02-Dec-24,Transfer,6786.58,Branch,Rent,532.58,Failed,15:21:00
TXN00001473,ACC0000493,02-Dec-23,Transfer,612.81,Branch,Rent,53328.18,Failed,13:14:00
TXN00004441,ACC0000496,06-Sep-23,Transfer,4937.35,Branch,Rent,8545.18,Failed,22:00:00
TXN00001098,ACC0000496,19-Sep-23,Transfer,2743,Branch,Rent,8545.18,Failed,20:09:00
TXN00000695,ACC0000503,12-May-24,Transfer,9168.88,Branch,Rent,41091.36,Pending,21:33:00
TXN00003113,ACC0000506,29-May-23,Transfer,5058.65,Branch,Rent,58930.25,Pending,15:30:00
TXN00004869,ACC0000507,07-Oct-23,Transfer,5415.71,Branch,Rent,640.74,Completed,15:17:00
TXN00000774,ACC0000512,27-Jul-22,Transfer,6665.84,Branch,Rent,8242.29,Failed,17:15:00
TXN00000638,ACC0000517,19-Sep-23,Transfer,9572.84,Branch,Rent,41804.59,Failed,08:07:00
TXN00001062,ACC0000544,27-Jan-23,Transfer,8555.05,Branch,Rent,30149.96,Failed,22:55:00
TXN00001245,ACC0000544,13-Dec-24,Transfer,9509.38,Branch,Rent,15152.75,Completed,12:11:00
TXN00000245,ACC0000554,14-Oct-23,Transfer,2656.99,Branch,Rent,42779.52,Failed,13:34:00
TXN00000395,ACC0000561,07-Jul-22,Transfer,11473.58,Branch,Rent,8153.02,Completed,11:55:00
TXN00002707,ACC0000567,10-Aug-24,Transfer,13674.2,Branch,Rent,27605.17,Failed,16:45:00
TXN00004774,ACC0000567,12-Nov-24,Transfer,6486.6,Branch,Rent,27605.17,Pending,18:36:00
TXN00001238,ACC0000591,04-Apr-23,Transfer,1728.04,Branch,Rent,32205.07,Failed,19:07:00
TXN00004776,ACC0000593,09-Apr-24,Transfer,7785.7,Branch,Rent,23510.67,Completed,20:00:00
TXN00002509,ACC0000597,19-Aug-22,Transfer,14642.26,Branch,Rent,32926.77,Completed,20:01:00
TXN00000121,ACC0000600,12-Aug-24,Transfer,14308.24,Branch,Rent,17638.31,Completed,21:37:00
TXN00003541,ACC0000602,28-Sep-23,Transfer,5827.6,Branch,Rent,16368.38,Completed,11:27:00
TXN00002418,ACC0000608,09-Jun-24,Transfer,7005.23,Branch,Rent,16892.59,Failed,13:04:00
TXN00002840,ACC0000618,01-Oct-22,Transfer,7518.29,Branch,Rent,41405.14,Completed,16:07:00
TXN00002182,ACC0000624,09-Feb-24,Transfer,5452.87,Branch,Rent,10624.88,Pending,13:24:00
TXN00000506,ACC0000629,11-Jul-24,Transfer,10669.03,Branch,Rent,38851.23,Pending,09:16:00
TXN00002513,ACC0000636,12-Sep-22,Transfer,3678.13,Branch,Rent,30525.48,Failed,16:30:00
TXN00004021,ACC0000642,24-Jan-24,Transfer,8179.77,Branch,Rent,192.08,Completed,21:00:00
TXN00003676,ACC0000643,18-Mar-22,Transfer,6464.7,Branch,Rent,20180.31,Failed,19:00:00
TXN00000344,ACC0000653,26-Jul-24,Transfer,1639.1,Branch,Rent,11712.5,Failed,10:32:00
TXN00004063,ACC0000655,01-Sep-22,Transfer,2487.86,Branch,Rent,1272.76,Completed,15:51:00
TXN00002484,ACC0000666,22-May-22,Transfer,9757.61,Branch,Rent,55102.39,Completed,09:17:00
TXN00000061,ACC0000667,08-Aug-24,Transfer,14941.86,Branch,Rent,26633.56,Completed,09:59:00
TXN00004408,ACC0000683,13-Nov-24,Transfer,9784.7,Branch,Rent,64125.59,Pending,22:19:00
TXN00004403,ACC0000026,09-Dec-23,Fee,9616.89,Branch,Utility,15202.82,Pending,17:18:00
TXN00004194,ACC0000030,08-Apr-24,Fee,420.27,Branch,Utility,38102.58,Pending,19:55:00
TXN00004731,ACC0000034,01-Aug-23,Fee,9986.89,Branch,Utility,10334.47,Pending,17:04:00
TXN00003544,ACC0000037,15-Jan-23,Fee,6403.43,Branch,Utility,41083.25,Pending,16:58:00
TXN00000260,ACC0000045,23-Apr-22,Fee,2973.94,Branch,Utility,36092.82,Pending,11:02:00
TXN00001883,ACC0000062,29-Nov-23,Fee,13733.13,Branch,Utility,5,Pending,21:23:00
TXN00001750,ACC0000068,29-May-24,Fee,3560.3,Branch,Utility,10647.76,Pending,11:09:00
TXN00000806,ACC0000070,16-Apr-24,Fee,7903.89,Branch,Utility,19502.91,Pending,17:45:00
TXN00001959,ACC0000095,26-Sep-23,Fee,12293.22,Branch,Utility,13693.24,Pending,10:55:00
TXN00002712,ACC0000134,17-Jul-22,Fee,5484.74,Branch,Utility,4160.21,Pending,11:26:00
TXN00000224,ACC0000134,09-Oct-23,Fee,818.65,Branch,Utility,346.44,Pending,17:03:00
TXN00001695,ACC0000134,28-Apr-24,Fee,14245.16,Branch,Utility,346.44,Pending,19:06:00
TXN00004278,ACC0000147,13-Jul-24,Fee,7701.42,Branch,Utility,39579.96,Pending,09:37:00
TXN00001159,ACC0000148,10-Feb-23,Fee,3583.66,Branch,Utility,64621.4,Pending,17:05:00
TXN00001953,ACC0000150,11-Nov-24,Fee,3724.42,Branch,Utility,1356.5,Pending,13:00:00
TXN00003283,ACC0000151,23-Dec-23,Fee,2737.57,Branch,Utility,8074.1,Pending,12:53:00
TXN00002111,ACC0000167,04-Oct-22,Fee,1353.78,Branch,Utility,6636.82,Pending,13:04:00
TXN00004732,ACC0000172,11-Jun-23,Fee,9937.54,Branch,Utility,8087.59,Pending,18:32:00
TXN00000767,ACC0000183,02-Aug-23,Fee,8979.56,Branch,Utility,40875.71,Pending,16:57:00
TXN00002076,ACC0000185,26-Sep-22,Fee,2259.91,Branch,Utility,65405.65,Pending,22:49:00
TXN00003554,ACC0000197,04-Dec-23,Fee,5097.36,Branch,Utility,50550.69,Pending,11:23:00
TXN00000002,ACC0000208,13-Apr-22,Fee,1436.21,Branch,Utility,4088.87,Pending,09:42:00
TXN00002031,ACC0000210,12-May-24,Fee,14975.25,Branch,Utility,88390.83,Pending,21:05:00
TXN00004037,ACC0000218,06-May-24,Fee,2082.19,Branch,Utility,22873.76,Pending,22:01:00
TXN00003137,ACC0000227,23-Sep-22,Fee,2801.36,Branch,Utility,41129.4,Pending,09:46:00
TXN00004613,ACC0000236,22-Feb-22,Fee,10814.86,Branch,Utility,7886.24,Pending,20:35:00
TXN00002962,ACC0000257,26-Apr-22,Fee,8658.16,Branch,Utility,6659.01,Pending,15:15:00
TXN00000540,ACC0000268,06-Mar-24,Fee,2840.55,Branch,Utility,45889.69,Pending,11:18:00
TXN00004526,ACC0000271,28-Jun-24,Fee,6488.72,Branch,Utility,47177.83,Pending,14:25:00
TXN00003173,ACC0000297,12-Dec-24,Fee,2500.42,Branch,Utility,670.22,Pending,10:47:00
TXN00002836,ACC0000306,24-Jun-21,Fee,2855.2,Branch,Utility,4077.16,Pending,19:44:00
TXN00001550,ACC0000310,05-Dec-22,Fee,7840.72,Branch,Utility,44559.87,Pending,11:53:00
TXN00000849,ACC0000311,10-Jan-24,Fee,3004.76,Branch,Utility,25924.93,Pending,08:27:00
TXN00000888,ACC0000330,20-Sep-22,Fee,5580.55,Branch,Utility,16559.79,Pending,09:05:00
TXN00003336,ACC0000342,05-Apr-24,Fee,8140.08,Branch,Utility,72664.58,Pending,15:52:00
TXN00001043,ACC0000348,13-Apr-23,Fee,6210.93,Branch,Utility,6444.08,Pending,12:06:00
TXN00002074,ACC0000360,11-Jul-23,Fee,5479.49,Branch,Utility,36877.96,Pending,09:39:00
TXN00000253,ACC0000366,20-May-24,Fee,10320.81,Branch,Utility,37701.52,Pending,16:23:00
TXN00000191,ACC0000384,02-Mar-24,Fee,13102.68,Branch,Utility,13517.15,Pending,08:54:00
TXN00002476,ACC0000385,05-Jun-22,Fee,4566.33,Branch,Utility,28127.39,Pending,20:57:00
TXN00003502,ACC0000406,09-Nov-23,Fee,2586.29,Branch,Utility,24723.52,Pending,20:30:00
TXN00001249,ACC0000407,22-Jan-23,Fee,14799.83,Branch,Utility,3012.11,Pending,20:31:00
TXN00000653,ACC0000409,07-Sep-23,Fee,11.92,Branch,Utility,919.15,Pending,20:12:00
TXN00003434,ACC0000429,16-Oct-23,Fee,11432.82,Branch,Utility,16095.01,Pending,12:15:00
TXN00004601,ACC0000431,20-Aug-22,Fee,1037.13,Branch,Utility,7627.47,Pending,16:42:00
TXN00002881,ACC0000432,09-May-22,Fee,13045.92,Branch,Utility,15584.29,Pending,18:54:00
TXN00002731,ACC0000442,12-Mar-24,Fee,11440.37,Branch,Utility,49.84,Pending,16:39:00
TXN00000100,ACC0000447,08-Mar-24,Fee,1101.53,Branch,Utility,16306.69,Pending,13:34:00
TXN00003344,ACC0000448,25-Mar-23,Fee,10009.03,Branch,Utility,33596.52,Pending,11:03:00
TXN00004579,ACC0000449,08-Jul-24,Fee,9946.89,Branch,Utility,33785.75,Pending,16:34:00
TXN00004588,ACC0000455,16-Sep-22,Fee,3545.82,Branch,Utility,16219.63,Pending,21:59:00
TXN00001930,ACC0000461,26-Apr-24,Fee,12291.83,Branch,Utility,10950.32,Pending,09:06:00
TXN00003294,ACC0000468,06-Dec-23,Fee,1574.71,Branch,Utility,2620.76,Pending,08:40:00
TXN00001244,ACC0000479,21-Dec-24,Fee,579.92,Branch,Utility,30481.14,Pending,13:26:00
TXN00003712,ACC0000480,26-Jul-24,Fee,11085.26,Branch,Utility,51247.16,Pending,11:34:00
TXN00001210,ACC0000487,25-Oct-23,Fee,14957.56,Branch,Utility,4466.48,Pending,13:29:00
TXN00000630,ACC0000489,07-Jan-24,Fee,12912.23,Branch,Utility,5958.23,Pending,17:21:00
TXN00002056,ACC0000490,25-Jan-23,Fee,12892.68,Branch,Utility,9336.24,Pending,13:19:00
TXN00001832,ACC0000502,22-Oct-23,Fee,4500.27,Branch,Utility,24711.54,Pending,09:19:00
TXN00004596,ACC0000504,22-Jan-24,Fee,10975.33,Branch,Utility,11434.14,Pending,16:48:00
TXN00003200,ACC0000509,06-Nov-24,Fee,4261.46,Branch,Utility,38795.3,Pending,08:45:00
TXN00003496,ACC0000513,13-Jun-22,Fee,6515.8,Branch,Utility,20603.29,Pending,11:28:00
TXN00003212,ACC0000529,23-May-24,Fee,11914.24,Branch,Utility,1791.68,Pending,19:08:00
TXN00002705,ACC0000531,12-Dec-24,Fee,11675,Branch,Utility,31354.48,Pending,10:01:00
TXN00000945,ACC0000544,11-Feb-23,Fee,11448.07,Branch,Utility,30149.96,Pending,20:21:00
TXN00003585,ACC0000548,18-Jun-22,Fee,14866.03,Branch,Utility,3347.97,Pending,22:37:00
TXN00002601,ACC0000553,08-Jul-23,Fee,521.37,Branch,Utility,53118.76,Pending,16:27:00
TXN00002310,ACC0000568,21-Oct-22,Fee,2338.41,Branch,Utility,27021.01,Pending,11:24:00
TXN00000480,ACC0000572,05-Apr-22,Fee,3360.29,Branch,Utility,5,Pending,11:36:00
TXN00000093,ACC0000572,15-Oct-22,Fee,561.2,Branch,Utility,5,Pending,21:01:00
TXN00001828,ACC0000579,07-Aug-22,Fee,9113.22,Branch,Utility,14560.2,Pending,15:24:00
TXN00000352,ACC0000584,10-Dec-23,Fee,2672.96,Branch,Utility,1429.63,Pending,10:59:00
TXN00003749,ACC0000587,01-Jul-23,Fee,11893.75,Branch,Utility,13929.62,Pending,15:01:00
TXN00003057,ACC0000593,22-Feb-24,Fee,11635.25,Branch,Utility,31296.37,Pending,08:12:00
TXN00000913,ACC0000626,26-Jul-24,Fee,8690.64,Branch,Utility,16164.25,Pending,17:36:00
TXN00002722,ACC0000635,04-Aug-24,Fee,14496.03,Branch,Utility,18376.83,Pending,18:42:00
TXN00004923,ACC0000640,30-Nov-23,Fee,6000.68,Branch,Utility,73445.04,Pending,09:21:00
TXN00002403,ACC0000659,07-Sep-22,Fee,4137.6,Branch,Utility,48886.09,Pending,18:12:00
TXN00003071,ACC0000662,23-Sep-22,Fee,6342.34,Branch,Utility,5045.29,Pending,20:49:00
TXN00003714,ACC0000672,22-Feb-22,Fee,930.06,Branch,Utility,42135.64,Pending,10:45:00
TXN00002357,ACC0000683,17-Jul-23,Fee,2008.47,Branch,Utility,39794.94,Pending,10:11:00
TXN00000938,ACC0000684,26-Mar-24,Fee,2849.03,Branch,Utility,5312.11,Pending,12:01:00
TXN00002165,ACC0000685,27-May-24,Fee,6462.13,Branch,Utility,46066.45,Pending,17:49:00
TXN00002837,ACC0000689,12-Jan-23,Fee,9490.93,Branch,Utility,376.67,Pending,09:55:00
TXN00000753,ACC0000696,25-Aug-23,Fee,10664.07,Branch,Utility,550.39,Pending,14:10:00
TXN00001160,ACC0000699,22-Feb-23,Fee,5883.87,Branch,Utility,1092.51,Pending,12:34:00
TXN00001353,ACC0000003,17-Jun-24,Fee,715.78,Branch,Utility,18989.25,Failed,12:29:00
TXN00002637,ACC0000006,03-Aug-22,Fee,10083.82,Branch,Utility,11208.29,Failed,13:19:00
TXN00003231,ACC0000009,06-Jan-24,Fee,6612.85,Branch,Utility,4678.9,Failed,22:57:00
TXN00001860,ACC0000011,01-Jun-24,Fee,13725.64,Branch,Utility,1260.75,Failed,14:27:00
TXN00002340,ACC0000014,19-Apr-24,Fee,1553.82,Branch,Utility,18662.13,Failed,21:04:00
TXN00004649,ACC0000027,26-Jan-23,Fee,7736.13,Branch,Utility,19449.16,Failed,16:46:00
TXN00004676,ACC0000039,27-Sep-23,Fee,9593.64,Branch,Utility,46012.78,Failed,16:47:00
TXN00000384,ACC0000044,26-Dec-23,Fee,7536.11,Branch,Utility,14140.14,Failed,15:44:00
TXN00000648,ACC0000052,20-Jul-23,Fee,9331.32,Branch,Utility,13544.9,Failed,14:40:00
TXN00003475,ACC0000062,14-Aug-23,Fee,361.9,Branch,Utility,7635.36,Failed,08:15:00
TXN00002095,ACC0000065,28-Jun-23,Fee,11150.64,Branch,Utility,5551.69,Failed,22:09:00
TXN00003600,ACC0000065,19-Sep-23,Fee,11406.27,Branch,Utility,5551.69,Failed,11:13:00
TXN00000816,ACC0000075,10-Jan-24,Fee,2054.76,Branch,Utility,1966.91,Failed,21:46:00
TXN00001433,ACC0000097,16-Dec-24,Fee,5942.8,Branch,Utility,8154.37,Failed,10:20:00
TXN00000548,ACC0000098,23-Oct-23,Fee,11803.87,Branch,Utility,48453.43,Failed,14:58:00
TXN00002698,ACC0000098,13-Dec-24,Fee,10246.2,Branch,Utility,48453.43,Failed,14:30:00
TXN00000522,ACC0000104,14-Jan-22,Fee,5615.49,Branch,Utility,1712.19,Failed,17:09:00
TXN00004808,ACC0000106,25-Aug-22,Fee,13122.65,Branch,Utility,1329.16,Failed,13:49:00
TXN00004693,ACC0000106,22-Mar-24,Fee,11485.35,Branch,Utility,1329.16,Failed,17:25:00
TXN00000765,ACC0000118,29-Jan-23,Fee,7788.07,Branch,Utility,7574.33,Failed,18:38:00
TXN00002895,ACC0000129,03-Jun-24,Fee,3906.48,Branch,Utility,33050.07,Failed,15:49:00
TXN00004502,ACC0000132,10-Mar-22,Fee,9955.02,Branch,Utility,3064.82,Failed,08:22:00
TXN00000414,ACC0000135,30-Mar-24,Fee,4914.03,Branch,Utility,22792.49,Failed,10:37:00
TXN00001636,ACC0000138,03-Jul-24,Fee,12919.45,Branch,Utility,27360.15,Failed,21:52:00
TXN00001970,ACC0000148,25-Sep-23,Fee,13258.95,Branch,Utility,64621.4,Failed,13:53:00
TXN00003902,ACC0000157,18-Jul-22,Fee,1142.93,Branch,Utility,1523.11,Failed,10:08:00
TXN00000174,ACC0000157,10-Dec-23,Fee,11483.23,Branch,Utility,1523.11,Failed,20:52:00
TXN00002727,ACC0000166,16-Jun-24,Fee,8154.9,Branch,Utility,45387.45,Failed,17:33:00
TXN00000360,ACC0000167,09-Nov-23,Fee,13512.18,Branch,Utility,6636.82,Failed,09:07:00
TXN00003468,ACC0000181,22-Nov-24,Fee,5966.74,Branch,Utility,851.8,Failed,22:22:00
TXN00003566,ACC0000190,04-Sep-23,Fee,12372.47,Branch,Utility,3770.52,Failed,11:12:00
TXN00000279,ACC0000196,11-Jun-24,Fee,10505.86,Branch,Utility,36293.84,Failed,22:54:00
TXN00004879,ACC0000204,26-Dec-24,Fee,2549.19,Branch,Utility,59974.4,Failed,10:32:00
TXN00001954,ACC0000207,08-Feb-24,Fee,8071.62,Branch,Utility,36660.09,Failed,09:57:00
TXN00000197,ACC0000210,28-May-23,Fee,11463.94,Branch,Utility,76655.83,Failed,22:57:00
TXN00002903,ACC0000216,25-Apr-24,Fee,298.6,Branch,Utility,11964.13,Failed,12:29:00
TXN00004169,ACC0000237,15-Jun-24,Fee,14023.18,Branch,Utility,66213.07,Failed,12:54:00
TXN00004187,ACC0000245,10-Apr-22,Fee,1089.97,Branch,Utility,6288.71,Failed,10:13:00
TXN00004005,ACC0000248,29-May-23,Fee,7273.95,Branch,Utility,7395.22,Failed,18:47:00
TXN00002829,ACC0000249,12-Feb-23,Fee,3997.95,Branch,Utility,1350.69,Failed,09:16:00
TXN00002671,ACC0000251,08-Jul-22,Fee,1817.36,Branch,Utility,12128.63,Failed,15:04:00
TXN00000341,ACC0000264,03-Jul-24,Fee,4692.17,Branch,Utility,45565.63,Failed,12:10:00
TXN00004882,ACC0000279,10-Dec-23,Fee,12345.07,Branch,Utility,11526.61,Failed,17:29:00
TXN00002967,ACC0000300,15-Apr-24,Fee,2220.81,Branch,Utility,13233.98,Failed,13:01:00
TXN00000501,ACC0000302,01-Sep-24,Fee,800.81,Branch,Utility,54464.36,Failed,19:42:00
TXN00003908,ACC0000313,12-Sep-24,Fee,9089.02,Branch,Utility,270.51,Failed,13:56:00
TXN00000783,ACC0000315,28-Jan-22,Fee,8819.41,Branch,Utility,1600.69,Failed,13:07:00
TXN00004560,ACC0000336,22-Mar-22,Fee,714.11,Branch,Utility,14342.68,Failed,21:20:00
TXN00001793,ACC0000341,27-Jan-23,Fee,8663.29,Branch,Utility,8375.49,Failed,11:52:00
TXN00002872,ACC0000348,19-Feb-24,Fee,9168.33,Branch,Utility,8105.61,Failed,18:35:00
TXN00004845,ACC0000377,08-Apr-23,Fee,12108.64,Branch,Utility,86.42,Failed,10:10:00
TXN00004758,ACC0000394,28-Nov-22,Fee,12045.92,Branch,Utility,50790.38,Failed,11:13:00
TXN00000885,ACC0000398,13-Feb-22,Fee,5157.97,Branch,Utility,23575.88,Failed,21:29:00
TXN00004750,ACC0000401,28-Jul-23,Fee,12703.44,Branch,Utility,0,Failed,17:27:00
TXN00003912,ACC0000405,29-Dec-23,Fee,7781.7,Branch,Utility,19057.24,Failed,17:20:00
TXN00002448,ACC0000407,25-Jul-22,Fee,8162.95,Branch,Utility,3012.11,Failed,13:16:00
TXN00004346,ACC0000422,20-Dec-24,Fee,7870.16,Branch,Utility,50592.9,Failed,21:36:00
TXN00001469,ACC0000432,30-Dec-23,Fee,2719.78,Branch,Utility,6806.83,Failed,17:43:00
TXN00000645,ACC0000449,04-May-24,Fee,7562.39,Branch,Utility,33785.75,Failed,20:14:00
TXN00002034,ACC0000478,19-Feb-22,Fee,6065.71,Branch,Utility,46759.66,Failed,20:24:00
TXN00000987,ACC0000491,19-Jan-22,Fee,3818.44,Branch,Utility,55050.98,Failed,11:06:00
TXN00004654,ACC0000492,03-Mar-24,Fee,14172.66,Branch,Utility,21606.64,Failed,10:12:00
TXN00003436,ACC0000499,04-Dec-22,Fee,7938.26,Branch,Utility,43428.72,Failed,20:28:00
TXN00002125,ACC0000499,12-Jan-23,Fee,12232.4,Branch,Utility,43428.72,Failed,08:15:00
TXN00001059,ACC0000501,27-Aug-24,Fee,1632.3,Branch,Utility,39289.07,Failed,21:42:00
TXN00003157,ACC0000502,26-Sep-23,Fee,4359.59,Branch,Utility,24711.54,Failed,22:19:00
TXN00003101,ACC0000502,21-Nov-24,Fee,10455.23,Branch,Utility,29756.14,Failed,12:57:00
TXN00003234,ACC0000507,28-Apr-23,Fee,294.78,Branch,Utility,6056.45,Failed,12:35:00
TXN00001305,ACC0000511,05-Dec-23,Fee,3767.28,Branch,Utility,3016.59,Failed,11:03:00
TXN00004413,ACC0000538,07-May-23,Fee,4077.67,Branch,Utility,1351.18,Failed,15:31:00
TXN00002037,ACC0000550,25-Aug-24,Fee,12745.36,Branch,Utility,22848.73,Failed,19:41:00
TXN00004464,ACC0000582,18-May-23,Fee,14628.42,Branch,Utility,17615.23,Failed,17:04:00
TXN00002587,ACC0000589,01-Dec-23,Fee,311.07,Branch,Utility,9377.72,Failed,17:15:00
TXN00000380,ACC0000599,14-Sep-24,Fee,11849.04,Branch,Utility,21819.2,Failed,17:26:00
TXN00003975,ACC0000603,17-May-21,Fee,2197.03,Branch,Utility,47218.15,Failed,19:18:00
TXN00002087,ACC0000616,13-Oct-24,Fee,3065.9,Branch,Utility,9100.87,Failed,16:54:00
TXN00001984,ACC0000618,16-Jun-22,Fee,12945.24,Branch,Utility,49395.98,Failed,11:44:00
TXN00000057,ACC0000635,16-Mar-24,Fee,6714.49,Branch,Utility,18376.83,Failed,17:48:00
TXN00000350,ACC0000652,13-Apr-23,Fee,13572.91,Branch,Utility,39298.56,Failed,11:17:00
TXN00002050,ACC0000654,09-Nov-24,Fee,11371.47,Branch,Utility,43308.58,Failed,18:49:00
TXN00004759,ACC0000663,15-Aug-24,Fee,4741.27,Branch,Utility,15990.94,Failed,16:31:00
TXN00002596,ACC0000674,20-Mar-22,Fee,11491,Branch,Utility,4464.3,Failed,09:08:00
TXN00002546,ACC0000677,16-Apr-23,Fee,9838.84,Branch,Utility,4539.89,Failed,17:07:00
TXN00001095,ACC0000678,04-Mar-23,Fee,13527.96,Branch,Utility,42877.91,Failed,17:50:00
TXN00003497,ACC0000682,17-Jul-24,Fee,3691.68,Branch,Utility,31342.47,Failed,14:45:00
TXN00000150,ACC0000004,14-May-22,Fee,13625.5,Branch,Utility,10466.83,Completed,15:07:00
TXN00002293,ACC0000009,04-Jan-23,Fee,9833.64,Branch,Utility,12015.91,Completed,09:57:00
TXN00003379,ACC0000017,03-Sep-23,Fee,3911.92,Branch,Utility,39307.04,Completed,10:08:00
TXN00000281,ACC0000022,08-Jun-24,Fee,835.74,Branch,Utility,49184.16,Completed,17:32:00
TXN00000520,ACC0000039,10-Jul-24,Fee,6100.24,Branch,Utility,39912.54,Completed,10:42:00
TXN00002007,ACC0000043,12-Oct-24,Fee,8034.89,Branch,Utility,22621.81,Completed,11:51:00
TXN00004165,ACC0000079,21-Sep-23,Fee,11797.79,Branch,Utility,21619.78,Completed,22:49:00
TXN00004432,ACC0000084,28-Jun-24,Fee,13320.87,Branch,Utility,22680.75,Completed,16:38:00
TXN00001211,ACC0000098,21-Feb-22,Fee,755.54,Branch,Utility,55377.75,Completed,14:04:00
TXN00000823,ACC0000103,19-Oct-24,Fee,423.58,Branch,Utility,22897.46,Completed,08:03:00
TXN00000920,ACC0000107,04-Sep-24,Fee,13442.48,Branch,Utility,34098.81,Completed,15:34:00
TXN00004806,ACC0000110,19-Nov-24,Fee,6171.69,Branch,Utility,18306.69,Completed,09:14:00
TXN00000417,ACC0000124,02-Mar-23,Fee,10216.88,Branch,Utility,18153.02,Completed,16:51:00
TXN00000782,ACC0000141,04-Apr-24,Fee,439.78,Branch,Utility,5,Completed,15:17:00
TXN00004978,ACC0000144,30-May-24,Fee,12434.61,Branch,Utility,15087.27,Completed,12:18:00
TXN00002313,ACC0000146,20-Sep-23,Fee,675.46,Branch,Utility,55277.15,Completed,21:02:00
TXN00001308,ACC0000173,11-Nov-24,Fee,991.65,Branch,Utility,22657.13,Completed,09:57:00
TXN00003874,ACC0000176,09-Nov-23,Fee,6686.94,Branch,Utility,31998.44,Completed,11:32:00
TXN00000226,ACC0000179,19-Mar-22,Fee,6567.62,Branch,Utility,10373.52,Completed,19:11:00
TXN00002334,ACC0000183,03-Aug-24,Fee,915.03,Branch,Utility,39960.68,Completed,14:26:00
TXN00001456,ACC0000186,17-Jan-23,Fee,4896.92,Branch,Utility,33969.2,Completed,14:45:00
TXN00001225,ACC0000199,12-Mar-22,Fee,4820.28,Branch,Utility,73287.46,Completed,16:33:00
TXN00003538,ACC0000202,19-Sep-24,Fee,6206.93,Branch,Utility,41166.48,Completed,20:07:00
TXN00003859,ACC0000209,13-Apr-24,Fee,8618.12,Branch,Utility,9504.29,Completed,09:47:00
TXN00004563,ACC0000210,26-Nov-22,Fee,562.73,Branch,Utility,74616.32,Completed,14:49:00
TXN00001631,ACC0000230,28-Feb-24,Fee,4415.95,Branch,Utility,74551.45,Completed,19:59:00
TXN00000498,ACC0000249,24-Nov-24,Fee,363.58,Branch,Utility,427.95,Completed,18:12:00
TXN00003319,ACC0000256,05-Jan-23,Fee,245.7,Branch,Utility,32873.38,Completed,12:39:00
TXN00003673,ACC0000265,24-Dec-24,Fee,11274.28,Branch,Utility,13495.73,Completed,14:42:00
TXN00002651,ACC0000272,09-Jan-24,Fee,1928,Branch,Utility,23417.02,Completed,11:19:00
TXN00003753,ACC0000294,21-Nov-23,Fee,12210.2,Branch,Utility,6832.92,Completed,22:45:00
TXN00002081,ACC0000299,12-Jan-23,Fee,2663.48,Branch,Utility,2406.3,Completed,08:04:00
TXN00002917,ACC0000299,07-Nov-24,Fee,13211.05,Branch,Utility,2454.48,Completed,22:51:00
TXN00001590,ACC0000310,24-Jul-23,Fee,692.22,Branch,Utility,36110.5,Completed,16:39:00
TXN00004880,ACC0000317,30-Nov-22,Fee,1982.76,Branch,Utility,38174.87,Completed,20:04:00
TXN00004952,ACC0000322,23-Oct-24,Fee,186.41,Branch,Utility,50.55,Completed,14:48:00
TXN00002214,ACC0000326,18-Dec-23,Fee,2476.05,Branch,Utility,49815.11,Completed,17:21:00
TXN00001284,ACC0000327,09-May-23,Fee,14800.51,Branch,Utility,3731.26,Completed,11:31:00
TXN00004363,ACC0000329,07-Mar-23,Fee,12660.05,Branch,Utility,20100.89,Completed,11:28:00
TXN00003687,ACC0000332,19-Feb-23,Fee,5642.96,Branch,Utility,49324.99,Completed,16:25:00
TXN00003451,ACC0000335,20-Jun-24,Fee,13775.45,Branch,Utility,15086.54,Completed,13:22:00
TXN00001171,ACC0000336,01-Nov-23,Fee,10076.52,Branch,Utility,4266.16,Completed,22:40:00
TXN00000439,ACC0000339,24-Dec-23,Fee,2140.31,Branch,Utility,80422.6,Completed,22:01:00
TXN00000650,ACC0000349,06-Oct-23,Fee,5945.87,Branch,Utility,2882.62,Completed,11:45:00
TXN00001767,ACC0000354,01-Jan-24,Fee,10676.06,Branch,Utility,19933.11,Completed,21:53:00
TXN00000411,ACC0000371,06-Sep-23,Fee,2956.7,Branch,Utility,11570.81,Completed,12:46:00
TXN00001593,ACC0000384,27-Sep-22,Fee,3504.95,Branch,Utility,13517.15,Completed,21:40:00
TXN00001717,ACC0000391,06-May-22,Fee,2413.76,Branch,Utility,15774.6,Completed,21:07:00
TXN00003583,ACC0000391,21-Apr-23,Fee,13698.78,Branch,Utility,2075.82,Completed,19:57:00
TXN00000034,ACC0000405,01-Apr-23,Fee,13370.16,Branch,Utility,19057.24,Completed,22:54:00
TXN00002888,ACC0000407,03-May-22,Fee,5929.31,Branch,Utility,3012.11,Completed,14:15:00
TXN00002955,ACC0000418,05-Feb-22,Fee,14497.22,Branch,Utility,3417.09,Completed,19:57:00
TXN00004950,ACC0000428,22-Aug-22,Fee,2858.31,Branch,Utility,27182.34,Completed,10:36:00
TXN00004471,ACC0000431,21-Apr-23,Fee,5529.85,Branch,Utility,2097.62,Completed,13:16:00
TXN00004939,ACC0000433,17-Nov-23,Fee,7924.16,Branch,Utility,15086.64,Completed,17:26:00
TXN00003765,ACC0000433,26-Jun-24,Fee,6571.2,Branch,Utility,8515.44,Completed,09:59:00
TXN00004511,ACC0000441,25-Oct-23,Fee,7147.42,Branch,Utility,29107.44,Completed,21:44:00
TXN00003876,ACC0000448,22-Nov-22,Fee,10858.32,Branch,Utility,33596.52,Completed,09:26:00
TXN00004599,ACC0000451,13-Dec-24,Fee,2404.51,Branch,Utility,6657.97,Completed,13:03:00
TXN00002803,ACC0000459,21-Nov-22,Fee,3236.89,Branch,Utility,3763.15,Completed,20:17:00
TXN00004018,ACC0000468,31-Dec-22,Fee,5587.51,Branch,Utility,2620.76,Completed,11:50:00
TXN00001944,ACC0000478,03-Feb-22,Fee,1506.34,Branch,Utility,46759.66,Completed,21:37:00
TXN00003166,ACC0000488,04-Jul-24,Fee,1447.57,Branch,Utility,298.74,Completed,20:30:00
TXN00001421,ACC0000492,26-Oct-24,Fee,1895.75,Branch,Utility,25698.61,Completed,09:01:00
TXN00001329,ACC0000496,11-Oct-24,Fee,8133.14,Branch,Utility,412.04,Completed,14:30:00
TXN00003123,ACC0000504,27-Apr-24,Fee,5590.1,Branch,Utility,5844.04,Completed,09:51:00
TXN00004985,ACC0000511,11-May-23,Fee,2053.81,Branch,Utility,3016.59,Completed,20:02:00
TXN00001875,ACC0000521,02-Feb-22,Fee,5358.11,Branch,Utility,31686.32,Completed,12:26:00
TXN00002097,ACC0000559,02-Oct-23,Fee,9567.41,Branch,Utility,49004.34,Completed,15:31:00
TXN00003372,ACC0000581,16-Jun-22,Fee,7820.95,Branch,Utility,0,Completed,08:38:00
TXN00000963,ACC0000589,29-Mar-22,Fee,9608.52,Branch,Utility,10065.39,Completed,14:48:00
TXN00002332,ACC0000591,11-Jul-23,Fee,4000.32,Branch,Utility,24497.62,Completed,18:58:00
TXN00002901,ACC0000599,09-Sep-24,Fee,710.73,Branch,Utility,21819.2,Completed,19:19:00
TXN00004730,ACC0000600,21-Jul-24,Fee,12131.79,Branch,Utility,31946.55,Completed,09:34:00
TXN00000301,ACC0000606,22-Jan-24,Fee,6932.24,Branch,Utility,8008.01,Completed,18:26:00
TXN00001939,ACC0000615,21-Mar-22,Fee,9725.39,Branch,Utility,49055.01,Completed,12:55:00
TXN00002061,ACC0000617,11-Oct-24,Fee,2813.08,Branch,Utility,38148.96,Completed,19:05:00
TXN00002231,ACC0000627,02-Jul-24,Fee,2737.65,Branch,Utility,888.33,Completed,15:05:00
TXN00004572,ACC0000630,15-Oct-23,Fee,1185.37,Branch,Utility,17823.35,Completed,12:03:00
TXN00002054,ACC0000631,13-Nov-23,Fee,255.24,Branch,Utility,27.36,Completed,22:59:00
TXN00000346,ACC0000632,08-Jul-23,Fee,10483.99,Branch,Utility,41204.85,Completed,09:38:00
TXN00002347,ACC0000634,15-Oct-24,Fee,718.9,Branch,Utility,39553.38,Completed,11:57:00
TXN00002013,ACC0000642,29-Dec-23,Fee,484.53,Branch,Utility,8371.85,Completed,18:48:00
TXN00003274,ACC0000642,09-Oct-24,Fee,187.08,Branch,Utility,5,Completed,17:27:00
TXN00004003,ACC0000644,13-Oct-24,Fee,11860.55,Branch,Utility,3074.71,Completed,11:53:00
TXN00003094,ACC0000646,05-May-24,Fee,1390.38,Branch,Utility,28353.97,Completed,16:17:00
TXN00002412,ACC0000656,07-Jul-23,Fee,93.95,Branch,Utility,6948.92,Completed,21:05:00
TXN00000064,ACC0000656,17-Jan-24,Fee,248.07,Branch,Utility,1069.1,Completed,10:52:00
TXN00001175,ACC0000670,17-Aug-22,Fee,12166.26,Branch,Utility,1308.89,Completed,08:02:00
TXN00000557,ACC0000679,25-Apr-24,Fee,8823.49,Branch,Utility,22851.67,Completed,17:32:00
TXN00004473,ACC0000686,26-Feb-24,Fee,1893.01,Branch,Utility,26806.04,Completed,09:31:00
TXN00000426,ACC0000689,25-May-22,Fee,272.83,Branch,Utility,376.67,Completed,10:18:00
TXN00004065,ACC0000001,25-Oct-22,Credit,14212.08,Branch,Investment,45795.94,Pending,09:05:00
TXN00000106,ACC0000021,15-Jun-22,Credit,12228.13,Branch,Investment,750.65,Pending,20:32:00
TXN00000483,ACC0000031,02-May-24,Credit,12325.23,Branch,Investment,24176.25,Pending,08:29:00
TXN00001261,ACC0000042,15-Oct-22,Credit,5878.06,Branch,Investment,17314.05,Completed,08:24:00
TXN00002145,ACC0000047,09-Jan-23,Credit,7623.2,Branch,Investment,76240.75,Completed,20:35:00
TXN00002134,ACC0000048,15-Jan-22,Credit,3217.19,Branch,Investment,9452.86,Failed,20:14:00
TXN00003064,ACC0000051,01-Jun-23,Credit,14675.61,Branch,Investment,22074.69,Pending,12:13:00
TXN00000366,ACC0000052,05-Feb-24,Credit,9789.78,Branch,Investment,23334.68,Completed,15:18:00
TXN00003210,ACC0000056,04-Dec-24,Credit,6930.36,Branch,Investment,30963.34,Pending,10:57:00
TXN00002494,ACC0000060,18-Sep-24,Credit,4357.21,Branch,Investment,38989.56,Failed,19:00:00
TXN00001377,ACC0000074,14-Aug-22,Credit,9235.55,Branch,Investment,61830.49,Pending,15:38:00
TXN00001543,ACC0000089,28-Jan-23,Credit,3449.97,Branch,Investment,299.34,Pending,16:23:00
TXN00001749,ACC0000091,07-Dec-24,Credit,6766.82,Branch,Investment,11376.13,Pending,09:20:00
TXN00002025,ACC0000092,13-Oct-24,Credit,11980.05,Branch,Investment,14315.48,Completed,17:05:00
TXN00002306,ACC0000105,15-Feb-22,Credit,13238.19,Branch,Investment,41458.01,Failed,21:06:00
TXN00003310,ACC0000126,29-May-23,Credit,9178.92,Branch,Investment,53235.93,Completed,16:21:00
TXN00004653,ACC0000134,29-Aug-24,Credit,9034.21,Branch,Investment,346.44,Pending,22:21:00
TXN00001791,ACC0000136,19-Nov-22,Credit,7726.7,Branch,Investment,17549.57,Failed,11:51:00
TXN00004026,ACC0000137,03-Jun-24,Credit,2486.36,Branch,Investment,20344.47,Completed,17:41:00
TXN00002409,ACC0000139,08-Sep-22,Credit,12389.66,Branch,Investment,26916.04,Pending,08:42:00
TXN00001871,ACC0000147,06-Jul-22,Credit,9669.61,Branch,Investment,43679.74,Completed,14:46:00
TXN00002945,ACC0000163,01-Mar-23,Credit,7155.83,Branch,Investment,10513.58,Completed,11:26:00
TXN00000325,ACC0000165,17-Dec-24,Credit,11919.14,Branch,Investment,22380.18,Failed,10:54:00
TXN00003699,ACC0000174,13-Sep-23,Credit,3633.81,Branch,Investment,1313.53,Pending,12:49:00
TXN00000861,ACC0000190,13-Apr-22,Credit,2057.73,Branch,Investment,3770.52,Pending,14:37:00
TXN00001183,ACC0000220,09-Feb-24,Credit,13749.92,Branch,Investment,64482.63,Failed,09:42:00
TXN00004610,ACC0000223,08-Jan-24,Credit,664.04,Branch,Investment,7812.36,Pending,11:31:00
TXN00002378,ACC0000225,18-Jan-23,Credit,9243,Branch,Investment,16368.25,Pending,18:08:00
TXN00000702,ACC0000236,30-Jan-23,Credit,13790.13,Branch,Investment,21676.37,Completed,15:11:00
TXN00004303,ACC0000242,07-May-24,Credit,1883.38,Branch,Investment,7057.36,Pending,10:59:00
TXN00002713,ACC0000249,25-May-23,Credit,7689.31,Branch,Investment,1350.69,Pending,11:32:00
TXN00000047,ACC0000260,21-Feb-22,Credit,5576.92,Branch,Investment,13359.82,Completed,09:38:00
TXN00000793,ACC0000260,01-Jan-24,Credit,7938.95,Branch,Investment,14245.57,Failed,22:20:00
TXN00002924,ACC0000268,24-Nov-24,Credit,4144.22,Branch,Investment,45889.69,Pending,18:32:00
TXN00001654,ACC0000271,25-Oct-22,Credit,6909.89,Branch,Investment,47177.83,Completed,16:52:00
TXN00003243,ACC0000277,11-Aug-23,Credit,13500.92,Branch,Investment,22113.86,Completed,21:03:00
TXN00003285,ACC0000281,02-Jun-21,Credit,906.7,Branch,Investment,436.7,Pending,14:29:00
TXN00004749,ACC0000284,20-May-24,Credit,9119.14,Branch,Investment,37038.69,Failed,19:41:00
TXN00000664,ACC0000291,03-Aug-23,Credit,6470.36,Branch,Investment,5613.38,Failed,09:29:00
TXN00003125,ACC0000300,07-Feb-23,Credit,2981.61,Branch,Investment,13233.98,Completed,21:54:00
TXN00001611,ACC0000317,09-Mar-23,Credit,12374.29,Branch,Investment,38174.87,Pending,21:47:00
TXN00000659,ACC0000320,05-Nov-23,Credit,13532.74,Branch,Investment,13343.29,Failed,14:40:00
TXN00002531,ACC0000321,03-Jun-24,Credit,14387.8,Branch,Investment,351.19,Failed,19:42:00
TXN00000409,ACC0000324,04-Jan-22,Credit,14742.05,Branch,Investment,14669.58,Pending,22:00:00
TXN00000869,ACC0000335,24-Dec-24,Credit,1699.22,Branch,Investment,15170.3,Completed,15:18:00
TXN00001408,ACC0000336,24-Sep-22,Credit,728.53,Branch,Investment,14342.68,Pending,11:50:00
TXN00004150,ACC0000349,27-Apr-23,Credit,8453.55,Branch,Investment,8828.49,Failed,21:18:00
TXN00003595,ACC0000376,11-Apr-24,Credit,5796.02,Branch,Investment,2801.67,Pending,12:36:00
TXN00001276,ACC0000387,28-Mar-23,Credit,8328.04,Branch,Investment,79199.99,Completed,22:29:00
TXN00000681,ACC0000398,12-Mar-22,Credit,12097.19,Branch,Investment,35673.07,Completed,13:58:00
TXN00003435,ACC0000425,05-Feb-23,Credit,4540.87,Branch,Investment,10028.4,Completed,13:50:00
TXN00004064,ACC0000433,13-Nov-22,Credit,6745.3,Branch,Investment,13416.12,Completed,09:07:00
TXN00001028,ACC0000433,01-Feb-23,Credit,6856.86,Branch,Investment,13416.12,Pending,08:58:00
TXN00003944,ACC0000433,29-Sep-23,Credit,9594.68,Branch,Investment,23010.8,Completed,08:40:00
TXN00002745,ACC0000470,04-Aug-22,Credit,5325.99,Branch,Investment,13256.23,Completed,08:22:00
TXN00003193,ACC0000477,08-Dec-24,Credit,5530,Branch,Investment,18448.32,Pending,08:25:00
TXN00000177,ACC0000486,21-Jan-22,Credit,4932.51,Branch,Investment,20796.42,Completed,13:24:00
TXN00004820,ACC0000494,01-Dec-24,Credit,7869.12,Branch,Investment,10914.2,Pending,13:48:00
TXN00003278,ACC0000549,02-Apr-23,Credit,4627.43,Branch,Investment,26507.05,Failed,17:33:00
TXN00004138,ACC0000554,19-Aug-24,Credit,1452.33,Branch,Investment,37229.52,Pending,20:38:00
TXN00000912,ACC0000557,06-Apr-24,Credit,12656.43,Branch,Investment,9516.65,Failed,22:09:00
TXN00004747,ACC0000558,10-Apr-23,Credit,270.41,Branch,Investment,905.06,Pending,19:14:00
TXN00001147,ACC0000560,19-Aug-24,Credit,13320.01,Branch,Investment,27595.71,Completed,20:58:00
TXN00003953,ACC0000564,21-Jul-24,Credit,13522.63,Branch,Investment,469.56,Pending,19:39:00
TXN00003229,ACC0000573,26-Jun-23,Credit,6160.81,Branch,Investment,37225.95,Failed,09:30:00
TXN00003112,ACC0000594,21-May-24,Credit,7152.07,Branch,Investment,41555.79,Completed,19:02:00
TXN00002673,ACC0000601,09-Jan-22,Credit,14059.31,Branch,Investment,22753.62,Completed,12:32:00
TXN00000898,ACC0000601,04-Aug-24,Credit,10841.41,Branch,Investment,22753.62,Pending,15:36:00
TXN00003093,ACC0000607,09-Oct-22,Credit,7762.11,Branch,Investment,8974.17,Completed,16:35:00
TXN00002821,ACC0000607,03-Jun-23,Credit,8379.85,Branch,Investment,8974.17,Pending,15:55:00
TXN00004012,ACC0000614,21-Jun-24,Credit,14680.96,Branch,Investment,39327.94,Completed,13:23:00
TXN00001704,ACC0000619,19-Apr-24,Credit,190.26,Branch,Investment,14824.84,Pending,11:26:00
TXN00002696,ACC0000621,26-Feb-24,Credit,5611.66,Branch,Investment,48736.84,Completed,19:05:00
TXN00002197,ACC0000631,10-Jun-23,Credit,2914.7,Branch,Investment,3751,Pending,15:32:00
TXN00004128,ACC0000632,17-Feb-23,Credit,7150.72,Branch,Investment,51688.84,Completed,18:26:00
TXN00001199,ACC0000646,24-Feb-22,Credit,8972.24,Branch,Investment,29744.35,Failed,08:21:00
TXN00004885,ACC0000649,21-Jul-22,Credit,12530.58,Branch,Investment,31214.92,Completed,13:51:00
TXN00004415,ACC0000668,09-Aug-22,Credit,6662.12,Branch,Investment,59598.69,Failed,14:16:00
TXN00002376,ACC0000669,20-Mar-24,Credit,3302.18,Branch,Investment,2734.19,Pending,21:38:00
TXN00003717,ACC0000683,27-Dec-23,Credit,14424.5,Branch,Investment,54219.44,Completed,16:13:00
TXN00003736,ACC0000683,16-Sep-24,Credit,9906.15,Branch,Investment,64125.59,Completed,18:39:00
TXN00000055,ACC0000697,15-May-24,Credit,10333.28,Branch,Investment,45252.22,Failed,14:49:00
TXN00003075,ACC0000699,12-Aug-23,Credit,9460.15,Branch,Investment,1092.51,Pending,19:58:00
TXN00003111,ACC0000020,31-Jul-24,Transfer,13097.65,Branch,Investment,6281.18,Pending,09:09:00
TXN00002066,ACC0000033,14-Dec-23,Transfer,1137.8,Branch,Investment,303.48,Completed,21:47:00
TXN00001929,ACC0000040,08-Aug-22,Transfer,6362.91,Branch,Investment,28659.65,Pending,21:03:00
TXN00004700,ACC0000041,06-May-22,Transfer,1758.45,Branch,Investment,1758.43,Completed,18:47:00
TXN00003161,ACC0000044,21-Oct-22,Transfer,13045.14,Branch,Investment,23703.29,Completed,16:39:00
TXN00004913,ACC0000049,01-Oct-22,Transfer,730.33,Branch,Investment,11907.1,Pending,22:21:00
TXN00001496,ACC0000065,02-Feb-23,Transfer,1674.71,Branch,Investment,3214.53,Completed,21:01:00
TXN00004435,ACC0000075,15-May-24,Transfer,5345.89,Branch,Investment,1966.91,Pending,18:47:00
TXN00000458,ACC0000078,10-Oct-23,Transfer,2072.67,Branch,Investment,8086.34,Pending,17:41:00
TXN00003036,ACC0000087,08-Jul-24,Transfer,6187.26,Branch,Investment,5,Completed,15:29:00
TXN00002820,ACC0000123,07-May-22,Transfer,6663.78,Branch,Investment,62622.28,Pending,09:12:00
TXN00004940,ACC0000123,11-Dec-24,Transfer,5926.53,Branch,Investment,55102.68,Completed,12:20:00
TXN00004086,ACC0000124,03-Aug-23,Transfer,10073.47,Branch,Investment,30513.18,Pending,14:26:00
TXN00002855,ACC0000136,27-Feb-22,Transfer,8566.99,Branch,Investment,0,Completed,09:32:00
TXN00003773,ACC0000154,11-Jun-24,Transfer,14645.13,Branch,Investment,30194.27,Pending,09:45:00
TXN00004387,ACC0000182,26-Jul-24,Transfer,4070.11,Branch,Investment,34865.25,Completed,09:33:00
TXN00000030,ACC0000185,26-Sep-22,Transfer,1922.1,Branch,Investment,65405.65,Completed,21:33:00
TXN00002550,ACC0000200,25-Jan-24,Transfer,731.96,Branch,Investment,35500.67,Failed,10:45:00
TXN00001316,ACC0000217,23-Apr-24,Transfer,4504.25,Branch,Investment,10208.47,Pending,19:47:00
TXN00003270,ACC0000224,28-May-24,Transfer,832.45,Branch,Investment,276.51,Completed,14:05:00
TXN00000198,ACC0000238,23-Nov-23,Transfer,810.32,Branch,Investment,23637.57,Pending,17:04:00
TXN00001271,ACC0000263,09-May-24,Transfer,575.07,Branch,Investment,495.6,Completed,12:23:00
TXN00002391,ACC0000268,20-Oct-24,Transfer,3847.49,Branch,Investment,45889.69,Failed,19:30:00
TXN00004453,ACC0000269,24-Jul-23,Transfer,5317.11,Branch,Investment,789.84,Pending,20:16:00
TXN00001764,ACC0000278,31-Oct-24,Transfer,4068.63,Branch,Investment,16576.4,Pending,18:52:00
TXN00000276,ACC0000279,24-May-24,Transfer,12583.24,Branch,Investment,13211.72,Completed,16:32:00
TXN00000904,ACC0000294,09-Jul-23,Transfer,8491.48,Branch,Investment,19043.12,Completed,17:44:00
TXN00002819,ACC0000313,07-Aug-22,Transfer,553.48,Branch,Investment,506.51,Completed,15:48:00
TXN00004979,ACC0000324,07-Sep-22,Transfer,1482.87,Branch,Investment,13186.71,Completed,14:52:00
TXN00004742,ACC0000330,15-Jul-22,Transfer,12828.44,Branch,Investment,16559.79,Pending,13:01:00
TXN00003838,ACC0000340,06-Mar-24,Transfer,537.49,Branch,Investment,33291.37,Pending,17:27:00
TXN00002553,ACC0000351,30-Jan-24,Transfer,8679.93,Branch,Investment,30577.5,Completed,13:02:00
TXN00004922,ACC0000356,07-Aug-22,Transfer,2972.13,Branch,Investment,13174.06,Pending,14:27:00
TXN00001978,ACC0000365,19-Dec-23,Transfer,13373.6,Branch,Investment,8868.8,Pending,17:44:00
TXN00003374,ACC0000371,28-Mar-24,Transfer,1677.94,Branch,Investment,11570.81,Failed,17:21:00
TXN00001071,ACC0000375,10-Aug-24,Transfer,9996.97,Branch,Investment,34684.2,Pending,16:11:00
TXN00003579,ACC0000385,28-Aug-23,Transfer,1806.86,Branch,Investment,15904.67,Completed,09:08:00
TXN00002785,ACC0000396,11-Apr-24,Transfer,6205,Branch,Investment,33252.53,Pending,11:03:00
TXN00003835,ACC0000408,05-Mar-22,Transfer,5821.38,Branch,Investment,11848.9,Failed,08:19:00
TXN00003906,ACC0000433,14-Apr-23,Transfer,13283.79,Branch,Investment,13416.12,Pending,16:08:00
TXN00001724,ACC0000451,29-Jun-24,Transfer,516.28,Branch,Investment,18197.82,Pending,09:19:00
TXN00000637,ACC0000457,15-Nov-23,Transfer,10428.53,Branch,Investment,4155.43,Pending,19:37:00
TXN00000078,ACC0000458,29-Nov-23,Transfer,3935.95,Branch,Investment,2762.56,Completed,13:27:00
TXN00003533,ACC0000461,05-Oct-24,Transfer,1697.61,Branch,Investment,10950.32,Pending,22:47:00
TXN00004288,ACC0000466,03-May-22,Transfer,1017.01,Branch,Investment,2121.9,Pending,17:39:00
TXN00000914,ACC0000467,07-Nov-22,Transfer,9076.36,Branch,Investment,2902.85,Failed,08:44:00
TXN00004744,ACC0000470,11-Sep-23,Transfer,1617.29,Branch,Investment,1114.31,Completed,15:24:00
TXN00001521,ACC0000476,18-Jan-23,Transfer,11094.29,Branch,Investment,9955.97,Completed,16:00:00
TXN00001567,ACC0000490,29-Jun-22,Transfer,13033.43,Branch,Investment,9336.24,Pending,11:56:00
TXN00002970,ACC0000501,19-Jun-24,Transfer,6559.46,Branch,Investment,39289.07,Completed,19:28:00
TXN00000932,ACC0000520,30-Jan-22,Transfer,2260.63,Branch,Investment,27299.68,Completed,22:38:00
TXN00004418,ACC0000520,25-Oct-23,Transfer,8955.16,Branch,Investment,40759.03,Failed,08:15:00
TXN00002551,ACC0000522,04-Jul-23,Transfer,12179.27,Branch,Investment,41972.3,Failed,22:51:00
TXN00003015,ACC0000527,27-Apr-22,Transfer,4518.87,Branch,Investment,6700.22,Completed,15:02:00
TXN00001140,ACC0000533,23-Apr-23,Transfer,3408.09,Branch,Investment,15413.05,Failed,12:42:00
TXN00001488,ACC0000535,26-Aug-24,Transfer,1634.9,Branch,Investment,13666.59,Pending,10:07:00
TXN00004316,ACC0000563,19-Feb-23,Transfer,10778.66,Branch,Investment,20241.88,Failed,19:35:00
TXN00004975,ACC0000573,20-Feb-23,Transfer,1431.22,Branch,Investment,46051.74,Pending,19:51:00
TXN00004410,ACC0000580,19-May-23,Transfer,495.29,Branch,Investment,412.07,Completed,12:57:00
TXN00000007,ACC0000599,12-Aug-24,Transfer,6897.28,Branch,Investment,22529.93,Failed,10:51:00
TXN00004024,ACC0000615,24-Sep-23,Transfer,12616.05,Branch,Investment,52522.79,Pending,15:31:00
TXN00002925,ACC0000633,26-Aug-24,Transfer,2678.06,Branch,Investment,32506.41,Completed,20:56:00
TXN00002428,ACC0000642,23-May-24,Transfer,1431.03,Branch,Investment,192.08,Failed,08:13:00
TXN00000004,ACC0000643,04-Sep-23,Transfer,11453.77,Branch,Investment,24729.93,Completed,08:11:00
TXN00002119,ACC0000650,23-Oct-23,Transfer,4855.36,Branch,Investment,3596.33,Pending,12:35:00
TXN00004224,ACC0000651,14-Aug-24,Transfer,6267.99,Branch,Investment,19549.63,Pending,20:50:00
TXN00000072,ACC0000652,08-Nov-23,Transfer,10726.41,Branch,Investment,30782.44,Completed,17:39:00
TXN00004251,ACC0000663,21-Aug-24,Transfer,6702.51,Branch,Investment,9288.43,Completed,16:25:00
TXN00004890,ACC0000669,29-Jun-22,Transfer,1601.43,Branch,Investment,14475.31,Pending,11:10:00
TXN00001390,ACC0000687,23-Mar-24,Transfer,345.51,Branch,Investment,378.75,Completed,18:33:00
TXN00002201,ACC0000017,13-Oct-24,Interest,5603.77,Branch,Investment,50663.25,Completed,21:24:00
TXN00004840,ACC0000022,15-Oct-24,Interest,12730.45,Branch,Investment,61914.61,Completed,08:12:00
TXN00004409,ACC0000027,15-May-22,Interest,13485.37,Branch,Investment,19449.16,Completed,17:40:00
TXN00000646,ACC0000032,04-Mar-24,Interest,12613.66,Branch,Investment,67070.89,Completed,18:40:00
TXN00002443,ACC0000032,01-Sep-24,Interest,5565.41,Branch,Investment,79293.56,Completed,18:31:00
TXN00002049,ACC0000051,28-Dec-23,Interest,3462.72,Branch,Investment,11754.66,Completed,11:50:00
TXN00001862,ACC0000052,25-Sep-24,Interest,12255.54,Branch,Investment,35590.22,Completed,15:24:00
TXN00001653,ACC0000057,16-Sep-24,Interest,14762.81,Branch,Investment,23459.28,Completed,17:32:00
TXN00001759,ACC0000064,20-Mar-24,Interest,8700.09,Branch,Investment,13982.85,Completed,11:34:00
TXN00004218,ACC0000069,14-Jul-23,Interest,5049.41,Branch,Investment,36886.34,Completed,10:43:00
TXN00004080,ACC0000073,04-Sep-23,Interest,14873.92,Branch,Investment,17981.44,Completed,20:27:00
TXN00004495,ACC0000074,28-Feb-24,Interest,11582.32,Branch,Investment,60487.67,Completed,16:46:00
TXN00002679,ACC0000083,23-Oct-22,Interest,12958.14,Branch,Investment,51103.25,Completed,15:24:00
TXN00004383,ACC0000091,25-May-24,Interest,1814.72,Branch,Investment,11376.13,Completed,20:10:00
TXN00004116,ACC0000104,10-Aug-23,Interest,14304.33,Branch,Investment,19178.81,Completed,09:45:00
TXN00002472,ACC0000105,11-May-23,Interest,818.91,Branch,Investment,51201.52,Completed,15:51:00
TXN00000042,ACC0000111,28-Aug-23,Interest,3076.5,Branch,Investment,15802.62,Completed,18:45:00
TXN00000927,ACC0000117,15-Jul-22,Interest,1214.45,Branch,Investment,56663.46,Completed,16:04:00
TXN00003209,ACC0000125,09-Sep-23,Interest,3856.34,Branch,Investment,34737.52,Completed,18:43:00
TXN00001022,ACC0000131,26-Oct-19,Interest,8955.36,Branch,Investment,43745.2,Completed,17:08:00
TXN00001927,ACC0000137,15-Feb-23,Interest,11184.02,Branch,Investment,17858.11,Completed,16:56:00
TXN00000915,ACC0000142,10-Jul-22,Interest,11357.42,Branch,Investment,64030.55,Completed,17:10:00
TXN00004248,ACC0000152,05-Feb-23,Interest,221.29,Branch,Investment,79048.52,Completed,16:42:00
TXN00004332,ACC0000172,19-Sep-22,Interest,3764.44,Branch,Investment,8087.59,Completed,12:51:00
TXN00001920,ACC0000172,22-Jun-24,Interest,11736.01,Branch,Investment,19823.6,Completed,18:11:00
TXN00002366,ACC0000181,12-May-24,Interest,2999.46,Branch,Investment,2999.46,Completed,16:34:00
TXN00000122,ACC0000185,13-Oct-22,Interest,2600.67,Branch,Investment,53279.55,Completed,22:40:00
TXN00004406,ACC0000193,11-Mar-24,Interest,11731.01,Branch,Investment,60571.6,Completed,11:01:00
TXN00004132,ACC0000197,27-Mar-24,Interest,1605.51,Branch,Investment,52156.2,Completed,22:03:00
TXN00000719,ACC0000210,31-Jan-23,Interest,2039.51,Branch,Investment,76655.83,Completed,14:55:00
TXN00003855,ACC0000211,23-Jul-24,Interest,9953.76,Branch,Investment,44266.43,Completed,15:21:00
TXN00001163,ACC0000214,20-Sep-24,Interest,14106.78,Branch,Investment,15722.36,Completed,11:10:00
TXN00002956,ACC0000216,25-Feb-24,Interest,9517.27,Branch,Investment,11964.13,Completed,11:50:00
TXN00002238,ACC0000229,10-Apr-23,Interest,908.64,Branch,Investment,21339.54,Completed,21:05:00
TXN00001689,ACC0000235,27-Nov-23,Interest,9117.23,Branch,Investment,42594.91,Completed,09:20:00
TXN00003694,ACC0000235,18-Jun-24,Interest,14678.62,Branch,Investment,57273.53,Completed,08:37:00
TXN00003353,ACC0000246,15-Mar-24,Interest,9322.75,Branch,Investment,9322.75,Completed,15:13:00
TXN00004995,ACC0000248,01-Oct-23,Interest,5658.47,Branch,Investment,13053.69,Completed,12:26:00
TXN00003240,ACC0000250,29-Nov-24,Interest,11668.74,Branch,Investment,26285.72,Completed,12:43:00
TXN00000528,ACC0000254,24-Apr-23,Interest,3056.14,Branch,Investment,29616.5,Completed,14:47:00
TXN00002438,ACC0000260,05-Sep-23,Interest,885.75,Branch,Investment,14245.57,Completed,18:53:00
TXN00003103,ACC0000272,13-Oct-24,Interest,2088.05,Branch,Investment,22834.72,Completed,14:09:00
TXN00001976,ACC0000275,05-May-22,Interest,12608.39,Branch,Investment,58169.03,Completed,08:47:00
TXN00004592,ACC0000278,03-Aug-24,Interest,11792.72,Branch,Investment,16576.4,Completed,21:50:00
TXN00000802,ACC0000279,23-Jan-24,Interest,14268.35,Branch,Investment,25794.96,Completed,09:02:00
TXN00000807,ACC0000288,20-May-16,Interest,2118.31,Branch,Investment,7399.02,Completed,17:33:00
TXN00003623,ACC0000294,03-Oct-22,Interest,5580.79,Branch,Investment,27534.6,Completed,14:35:00
TXN00002585,ACC0000299,16-Sep-23,Interest,14787.01,Branch,Investment,15665.53,Completed,19:46:00
TXN00003701,ACC0000300,04-Sep-24,Interest,8474.78,Branch,Investment,21708.76,Completed,18:53:00
TXN00003176,ACC0000304,16-Mar-23,Interest,11688.4,Branch,Investment,90111.79,Completed,09:16:00
TXN00000067,ACC0000316,08-Oct-24,Interest,8027.39,Branch,Investment,8242.49,Completed,12:41:00
TXN00000830,ACC0000320,16-Aug-24,Interest,4288.4,Branch,Investment,17631.69,Completed,20:24:00
TXN00001799,ACC0000328,03-Apr-22,Interest,12458.06,Branch,Investment,24532.1,Completed,22:36:00
TXN00003900,ACC0000331,02-Nov-22,Interest,6835.28,Branch,Investment,6835.28,Completed,18:43:00
TXN00002886,ACC0000339,29-Dec-22,Interest,7547.89,Branch,Investment,82562.91,Completed,18:48:00
TXN00001134,ACC0000344,17-Jul-23,Interest,13334.31,Branch,Investment,41672.26,Completed,20:06:00
TXN00004771,ACC0000344,12-May-24,Interest,6890.15,Branch,Investment,47401.28,Completed,17:08:00
TXN00000077,ACC0000369,11-Oct-23,Interest,10610.11,Branch,Investment,32490.65,Completed,08:08:00
TXN00001380,ACC0000382,11-Oct-23,Interest,13516.31,Branch,Investment,37316.27,Completed,12:48:00
TXN00004436,ACC0000386,14-Sep-23,Interest,8815.3,Branch,Investment,8815.3,Completed,09:17:00
TXN00002850,ACC0000389,11-Aug-21,Interest,13867.08,Branch,Investment,73076.01,Completed,10:45:00
TXN00002590,ACC0000394,06-Feb-23,Interest,7768.11,Branch,Investment,58558.49,Completed,11:50:00
TXN00002736,ACC0000398,09-Feb-23,Interest,2870.94,Branch,Investment,55678.17,Completed,13:52:00
TXN00000141,ACC0000400,23-Oct-22,Interest,8806.33,Branch,Investment,23944.79,Completed,13:56:00
TXN00002070,ACC0000410,17-Aug-24,Interest,3719.42,Branch,Investment,45765.75,Completed,15:26:00
TXN00000821,ACC0000419,27-Sep-23,Interest,108.88,Branch,Investment,9034.39,Completed,18:47:00
TXN00000703,ACC0000422,31-Jan-24,Interest,5922.88,Branch,Investment,45252.31,Completed,14:03:00
TXN00002777,ACC0000423,31-Mar-24,Interest,7589.34,Branch,Investment,7634.87,Completed,08:39:00
TXN00002638,ACC0000424,31-Jul-24,Interest,4401.15,Branch,Investment,10147.49,Completed,09:25:00
TXN00001478,ACC0000427,02-Aug-22,Interest,7019.08,Branch,Investment,11367.45,Completed,14:47:00
TXN00003728,ACC0000431,14-Aug-22,Interest,5191.18,Branch,Investment,7627.47,Completed,14:45:00
TXN00000604,ACC0000431,09-Nov-23,Interest,7593.93,Branch,Investment,9389.08,Completed,17:49:00
TXN00003300,ACC0000435,20-Jan-24,Interest,13018.39,Branch,Investment,29268.11,Completed,12:15:00
TXN00001565,ACC0000438,09-Aug-22,Interest,8524.57,Branch,Investment,37774.87,Completed,15:32:00
TXN00003277,ACC0000440,17-Jun-22,Interest,9769.72,Branch,Investment,14786.24,Completed,15:42:00
TXN00002860,ACC0000441,11-Jul-22,Interest,14033.42,Branch,Investment,47222.52,Completed,13:18:00
TXN00003667,ACC0000461,03-Dec-24,Interest,14308.59,Branch,Investment,15309.65,Completed,18:15:00
TXN00004674,ACC0000462,08-May-23,Interest,2429.11,Branch,Investment,33786.29,Completed,21:12:00
TXN00000119,ACC0000464,22-Aug-22,Interest,12247.45,Branch,Investment,17801.64,Completed,20:18:00
TXN00003747,ACC0000477,01-Nov-22,Interest,14095.32,Branch,Investment,18448.32,Completed,20:05:00
TXN00004787,ACC0000486,25-Mar-23,Interest,12091.42,Branch,Investment,32887.84,Completed,09:05:00
TXN00002346,ACC0000488,05-Sep-22,Interest,2637.57,Branch,Investment,15380.46,Completed,20:48:00
TXN00000990,ACC0000488,17-May-23,Interest,477.35,Branch,Investment,603.87,Completed,10:54:00
TXN00001950,ACC0000496,14-Mar-23,Interest,13538.9,Branch,Investment,22130.26,Completed,22:22:00
TXN00001831,ACC0000500,31-Jan-24,Interest,9553.79,Branch,Investment,28946.34,Completed,14:08:00
TXN00003492,ACC0000502,24-Apr-24,Interest,9014.76,Branch,Investment,29756.14,Completed,09:10:00
TXN00000772,ACC0000508,15-Mar-22,Interest,1612.93,Branch,Investment,40535.51,Completed,16:29:00
TXN00000461,ACC0000512,09-Jan-24,Interest,5773.15,Branch,Investment,10544.28,Completed,14:10:00
TXN00000723,ACC0000519,07-Apr-23,Interest,14406.42,Branch,Investment,64619.6,Completed,16:06:00
TXN00004293,ACC0000520,28-Nov-22,Interest,13459.35,Branch,Investment,40759.03,Completed,14:12:00
TXN00004417,ACC0000528,06-Oct-22,Interest,2602.08,Branch,Investment,6111.24,Completed,12:39:00
TXN00004103,ACC0000529,08-Nov-23,Interest,2464.86,Branch,Investment,5281.83,Completed,10:35:00
TXN00002793,ACC0000534,09-Nov-23,Interest,4684.8,Branch,Investment,18697.08,Completed,18:06:00
TXN00001125,ACC0000542,18-Jun-22,Interest,2171.92,Branch,Investment,17702.32,Completed,17:26:00
TXN00002113,ACC0000543,02-Mar-24,Interest,13567.38,Branch,Investment,16646.01,Completed,12:29:00
TXN00000673,ACC0000547,10-May-22,Interest,6431.28,Branch,Investment,57538.14,Completed,11:18:00
TXN00001235,ACC0000567,19-Nov-24,Interest,792.64,Branch,Investment,28397.81,Completed,22:55:00
TXN00002218,ACC0000577,27-Aug-23,Interest,7847.1,Branch,Investment,21752.73,Completed,10:14:00
TXN00000255,ACC0000579,02-Aug-24,Interest,4279.81,Branch,Investment,18840.01,Completed,16:19:00
TXN00001309,ACC0000587,12-Oct-22,Interest,8900.53,Branch,Investment,13929.62,Completed,16:26:00
TXN00002483,ACC0000587,05-Nov-24,Interest,12226.49,Branch,Investment,26156.11,Completed,08:15:00
TXN00004884,ACC0000600,29-Jan-22,Interest,4495.48,Branch,Investment,44078.34,Completed,18:11:00
TXN00004826,ACC0000604,01-Sep-24,Interest,12420.49,Branch,Investment,29823.32,Completed,10:35:00
TXN00004469,ACC0000604,14-Nov-24,Interest,8215.48,Branch,Investment,38038.8,Completed,21:47:00
TXN00002626,ACC0000606,10-Mar-23,Interest,11965.81,Branch,Investment,14940.25,Completed,10:08:00
TXN00000982,ACC0000608,23-Apr-24,Interest,3546.86,Branch,Investment,16892.59,Completed,17:15:00
TXN00001870,ACC0000614,07-Sep-24,Interest,10367.29,Branch,Investment,49695.23,Completed,09:55:00
TXN00001576,ACC0000617,17-Oct-24,Interest,2908.51,Branch,Investment,41057.47,Completed,08:56:00
TXN00003665,ACC0000618,01-Oct-23,Interest,10143.83,Branch,Investment,57319.51,Completed,19:00:00
TXN00004106,ACC0000624,18-Apr-24,Interest,6302.9,Branch,Investment,16927.78,Completed,17:21:00
TXN00002726,ACC0000627,22-Dec-24,Interest,1284.64,Branch,Investment,16962.58,Completed,21:17:00
TXN00002488,ACC0000630,13-Apr-23,Interest,6460.21,Branch,Investment,19008.72,Completed,10:27:00
TXN00001120,ACC0000633,16-Nov-24,Interest,12376.43,Branch,Investment,43004.94,Completed,14:12:00
TXN00003191,ACC0000653,14-Feb-24,Interest,9455.26,Branch,Investment,11712.5,Completed,15:21:00
TXN00003962,ACC0000658,03-Oct-24,Interest,5510.19,Branch,Investment,21024.16,Completed,19:15:00
TXN00003789,ACC0000678,07-Sep-23,Interest,5088.05,Branch,Investment,47965.96,Completed,17:17:00
TXN00003368,ACC0000684,27-Sep-23,Interest,10558.27,Branch,Investment,17999.68,Completed,10:42:00
TXN00003633,ACC0000685,28-Aug-24,Interest,10475.92,Branch,Investment,56542.37,Completed,11:23:00
TXN00000808,ACC0000687,11-Aug-24,Interest,885.15,Branch,Investment,1263.9,Completed,09:39:00
TXN00001840,ACC0000688,07-Aug-21,Interest,14499.21,Branch,Investment,22303.48,Completed,12:23:00
TXN00000210,ACC0000688,07-Mar-22,Interest,12293.48,Branch,Investment,34596.96,Completed,15:33:00
TXN00002178,ACC0000690,13-Aug-24,Interest,8557.25,Branch,Investment,55949.56,Completed,18:29:00
TXN00002853,ACC0000691,19-Oct-24,Interest,912.97,Branch,Investment,22498.68,Completed,21:38:00
TXN00004844,ACC0000696,23-May-24,Interest,11505.05,Branch,Investment,12055.44,Completed,13:34:00
TXN00003850,ACC0000696,26-Jul-24,Interest,13655.01,Branch,Investment,25710.45,Completed,08:31:00
TXN00000229,ACC0000003,18-Oct-22,Interest,6471.07,Branch,Investment,37566.66,Pending,17:29:00
TXN00000593,ACC0000003,06-Feb-24,Interest,5923.24,Branch,Investment,18989.25,Pending,13:34:00
TXN00003763,ACC0000005,01-Apr-24,Interest,316.91,Branch,Investment,35567.63,Pending,18:51:00
TXN00002354,ACC0000006,03-Jun-22,Interest,12117.74,Branch,Investment,11208.29,Pending,09:43:00
TXN00000365,ACC0000006,13-Jul-22,Interest,5154.98,Branch,Investment,11208.29,Pending,21:41:00
TXN00003966,ACC0000006,05-Sep-23,Interest,13400.25,Branch,Investment,3739.86,Pending,17:47:00
TXN00004695,ACC0000009,20-Dec-24,Interest,6889.45,Branch,Investment,360.78,Pending,18:48:00
TXN00002556,ACC0000015,20-Jul-23,Interest,1569.61,Branch,Investment,42910.49,Pending,17:26:00
TXN00003431,ACC0000021,21-Oct-23,Interest,685.46,Branch,Investment,385.99,Pending,12:28:00
TXN00000280,ACC0000022,07-Feb-24,Interest,7821.12,Branch,Investment,50019.9,Pending,10:42:00
TXN00001460,ACC0000023,09-Mar-23,Interest,6025.83,Branch,Investment,6888.54,Pending,09:29:00
TXN00002780,ACC0000025,02-May-24,Interest,2725.99,Branch,Investment,8190.93,Pending,21:33:00
TXN00003428,ACC0000032,12-Jun-24,Interest,3245,Branch,Investment,73728.15,Pending,22:37:00
TXN00001466,ACC0000033,26-Mar-23,Interest,9183.65,Branch,Investment,1441.28,Pending,11:58:00
TXN00002137,ACC0000034,18-Jun-23,Interest,2448.41,Branch,Investment,10334.47,Pending,17:09:00
TXN00004508,ACC0000045,06-Apr-23,Interest,10025.4,Branch,Investment,50721.25,Pending,11:16:00
TXN00003811,ACC0000064,23-Jan-24,Interest,13077.43,Branch,Investment,5282.76,Pending,20:44:00
TXN00003936,ACC0000066,09-Sep-24,Interest,1939.29,Branch,Investment,54071.97,Pending,21:25:00
TXN00002158,ACC0000089,05-May-24,Interest,7671.03,Branch,Investment,163.52,Pending,10:35:00
TXN00004829,ACC0000090,19-Feb-22,Interest,11514.28,Branch,Investment,2694.6,Pending,13:59:00
TXN00004454,ACC0000091,16-Mar-22,Interest,5083.92,Branch,Investment,18163.21,Pending,21:34:00
TXN00003715,ACC0000098,23-Aug-24,Interest,4404.5,Branch,Investment,48453.43,Pending,22:51:00
TXN00002442,ACC0000100,05-Nov-22,Interest,7381.25,Branch,Investment,8214.23,Pending,11:46:00
TXN00001602,ACC0000106,01-Dec-24,Interest,14441.84,Branch,Investment,1329.16,Pending,14:20:00
TXN00004304,ACC0000113,18-Mar-24,Interest,2862.69,Branch,Investment,41182.07,Pending,19:59:00
TXN00003281,ACC0000115,09-Jun-22,Interest,1189.51,Branch,Investment,11248.13,Pending,11:49:00
TXN00004673,ACC0000127,20-Feb-22,Interest,2455.12,Branch,Investment,12128.84,Pending,14:56:00
TXN00003009,ACC0000127,25-May-23,Interest,3768.22,Branch,Investment,12128.84,Pending,16:29:00
TXN00003275,ACC0000137,07-Aug-24,Interest,8110.37,Branch,Investment,20344.47,Pending,17:13:00
TXN00001651,ACC0000141,03-Nov-24,Interest,6056.57,Branch,Investment,5,Pending,10:14:00
TXN00001792,ACC0000142,09-Jul-22,Interest,290.98,Branch,Investment,52673.13,Pending,11:33:00
TXN00003425,ACC0000142,27-Aug-22,Interest,12502.58,Branch,Investment,64030.55,Pending,13:03:00
TXN00004158,ACC0000143,17-Sep-23,Interest,8850.71,Branch,Investment,9604.98,Pending,16:22:00
TXN00002971,ACC0000146,22-Feb-23,Interest,9878.97,Branch,Investment,55952.61,Pending,15:22:00
TXN00002335,ACC0000148,14-May-22,Interest,12317.05,Branch,Investment,64621.4,Pending,13:19:00
TXN00000565,ACC0000156,06-May-23,Interest,10318.46,Branch,Investment,40426.03,Pending,20:52:00
TXN00002482,ACC0000158,17-Sep-24,Interest,14374.94,Branch,Investment,570.35,Pending,12:02:00
TXN00003257,ACC0000163,01-May-24,Interest,4264.39,Branch,Investment,8737.54,Pending,17:23:00
TXN00004353,ACC0000164,22-Dec-21,Interest,3094.64,Branch,Investment,0,Pending,12:11:00
TXN00002255,ACC0000165,20-Apr-24,Interest,6470.41,Branch,Investment,33464.31,Pending,16:03:00
TXN00004052,ACC0000172,31-May-23,Interest,9434.89,Branch,Investment,8087.59,Pending,14:26:00
TXN00002694,ACC0000180,16-Nov-22,Interest,9996.62,Branch,Investment,6748.32,Pending,11:03:00
TXN00004295,ACC0000194,13-Oct-23,Interest,9302.78,Branch,Investment,65515.57,Pending,08:36:00
TXN00004870,ACC0000197,19-Nov-22,Interest,1937.1,Branch,Investment,42966.84,Pending,08:33:00
TXN00002566,ACC0000198,16-Jun-24,Interest,2852.59,Branch,Investment,35863.86,Pending,08:47:00
TXN00004478,ACC0000209,28-Mar-24,Interest,13578.32,Branch,Investment,18122.41,Pending,17:19:00
TXN00001982,ACC0000218,31-Jul-23,Interest,2496.06,Branch,Investment,3517.37,Pending,11:13:00
TXN00000562,ACC0000222,08-May-22,Interest,14115.6,Branch,Investment,5349.33,Pending,22:16:00
TXN00000745,ACC0000228,03-Jul-24,Interest,8464.79,Branch,Investment,1150.44,Pending,18:31:00
TXN00003065,ACC0000231,24-Dec-23,Interest,12666.67,Branch,Investment,4134.47,Pending,22:42:00
TXN00004547,ACC0000232,25-Nov-24,Interest,1668.72,Branch,Investment,11057.48,Pending,17:31:00
TXN00001932,ACC0000239,24-Jul-23,Interest,10228.36,Branch,Investment,1012.89,Pending,10:10:00
TXN00003307,ACC0000241,05-Dec-21,Interest,14157.43,Branch,Investment,1685.23,Pending,09:04:00
TXN00004175,ACC0000242,16-May-22,Interest,487.55,Branch,Investment,7057.36,Pending,17:56:00
TXN00003458,ACC0000259,03-Sep-23,Interest,5838.25,Branch,Investment,17378.58,Pending,10:00:00
TXN00000649,ACC0000259,09-Oct-24,Interest,8533.51,Branch,Investment,24730.95,Pending,17:48:00
TXN00000006,ACC0000266,05-Nov-23,Interest,4354.3,Branch,Investment,53602.77,Pending,16:20:00
TXN00002852,ACC0000270,30-Nov-24,Interest,4324.53,Branch,Investment,31751.88,Pending,15:18:00
TXN00004686,ACC0000275,06-Aug-23,Interest,8134.93,Branch,Investment,68089.28,Pending,19:21:00
TXN00000277,ACC0000276,02-Mar-23,Interest,9831.1,Branch,Investment,4515.69,Pending,09:36:00
TXN00000312,ACC0000276,08-Jul-24,Interest,12647.6,Branch,Investment,394.93,Pending,13:04:00
TXN00003641,ACC0000278,25-Mar-24,Interest,3553.89,Branch,Investment,4783.68,Pending,15:46:00
TXN00003685,ACC0000281,04-Sep-20,Interest,13914.19,Branch,Investment,4925.2,Pending,17:33:00
TXN00003726,ACC0000290,26-Mar-23,Interest,7873.19,Branch,Investment,1111.37,Pending,18:12:00
TXN00002358,ACC0000292,28-Feb-24,Interest,1722.4,Branch,Investment,8010.76,Pending,16:24:00
TXN00001077,ACC0000293,28-Jan-24,Interest,2504.35,Branch,Investment,50165.9,Pending,09:16:00
TXN00001432,ACC0000298,31-Aug-23,Interest,8314.8,Branch,Investment,20580.29,Pending,12:34:00
TXN00001346,ACC0000314,03-Mar-22,Interest,14197.1,Branch,Investment,5839.17,Pending,11:23:00
TXN00000383,ACC0000317,14-Feb-24,Interest,3971.35,Branch,Investment,42216.68,Pending,14:22:00
TXN00003730,ACC0000318,16-Jun-24,Interest,685.54,Branch,Investment,28163.04,Pending,22:03:00
TXN00003047,ACC0000323,20-Sep-23,Interest,10981.69,Branch,Investment,48804.76,Pending,16:59:00
TXN00003536,ACC0000341,26-May-23,Interest,9775.34,Branch,Investment,8375.49,Pending,17:29:00
TXN00000900,ACC0000351,14-May-23,Interest,557.81,Branch,Investment,39257.43,Pending,13:24:00
TXN00000714,ACC0000364,15-Apr-23,Interest,10660.42,Branch,Investment,34315.3,Pending,18:31:00
TXN00000873,ACC0000370,19-Jun-23,Interest,2139.89,Branch,Investment,42417.5,Pending,14:30:00
TXN00002463,ACC0000375,03-Apr-24,Interest,3232.98,Branch,Investment,34573.34,Pending,20:23:00
TXN00000140,ACC0000378,29-May-23,Interest,502.28,Branch,Investment,12835.63,Pending,21:40:00
TXN00000342,ACC0000379,25-Jun-24,Interest,11403.22,Branch,Investment,19640.69,Pending,09:44:00
TXN00000541,ACC0000381,10-Dec-23,Interest,12831.57,Branch,Investment,44431.1,Pending,19:40:00
TXN00000809,ACC0000387,19-Apr-22,Interest,14817.9,Branch,Investment,70871.95,Pending,16:57:00
TXN00000901,ACC0000405,15-Sep-23,Interest,11623.83,Branch,Investment,19057.24,Pending,14:45:00
TXN00001666,ACC0000418,04-Mar-23,Interest,5960.84,Branch,Investment,3417.09,Pending,10:22:00
TXN00003016,ACC0000426,28-Nov-22,Interest,1936.55,Branch,Investment,17331.81,Pending,18:28:00
TXN00003745,ACC0000428,07-Oct-23,Interest,14231.11,Branch,Investment,19526.82,Pending,20:52:00
TXN00004734,ACC0000430,21-Mar-22,Interest,7511.31,Branch,Investment,20589.06,Pending,17:18:00
TXN00000825,ACC0000432,09-Jun-24,Interest,3087.91,Branch,Investment,6806.83,Pending,14:34:00
TXN00003035,ACC0000433,10-Jul-23,Interest,1039.79,Branch,Investment,13416.12,Pending,15:32:00
TXN00004505,ACC0000433,28-May-24,Interest,8927.85,Branch,Investment,15086.64,Pending,10:33:00
TXN00001368,ACC0000455,02-Jul-23,Interest,9304.01,Branch,Investment,16219.63,Pending,19:22:00
TXN00002623,ACC0000456,08-Oct-24,Interest,5700.62,Branch,Investment,12639.73,Pending,11:56:00
TXN00001486,ACC0000457,02-Jul-23,Interest,2729,Branch,Investment,4155.43,Pending,09:20:00
TXN00004112,ACC0000458,27-Nov-24,Interest,6231.63,Branch,Investment,2762.56,Pending,09:08:00
TXN00001968,ACC0000466,05-Oct-22,Interest,689.23,Branch,Investment,2121.9,Pending,21:03:00
TXN00002526,ACC0000466,17-Mar-24,Interest,6311.43,Branch,Investment,990.89,Pending,22:45:00
TXN00000399,ACC0000469,24-Mar-24,Interest,13890.39,Branch,Investment,9348.72,Pending,21:34:00
TXN00001286,ACC0000472,05-Apr-24,Interest,1133.06,Branch,Investment,23537.74,Pending,12:13:00
TXN00004180,ACC0000487,22-Apr-22,Interest,7298.63,Branch,Investment,4466.48,Pending,10:09:00
TXN00004721,ACC0000489,14-May-24,Interest,1101.08,Branch,Investment,532.58,Pending,16:55:00
TXN00002502,ACC0000495,12-Mar-23,Interest,4612.91,Branch,Investment,4361.76,Pending,09:38:00
TXN00003653,ACC0000495,22-Jan-24,Interest,14839.47,Branch,Investment,4361.76,Pending,17:34:00
TXN00002806,ACC0000496,18-Sep-24,Interest,14741.2,Branch,Investment,8545.18,Pending,16:07:00
TXN00001301,ACC0000503,18-May-23,Interest,8143.13,Branch,Investment,30015.97,Pending,12:05:00
TXN00000699,ACC0000503,17-Dec-23,Interest,13025.59,Branch,Investment,41091.36,Pending,21:00:00
TXN00002926,ACC0000507,10-Feb-22,Interest,318.77,Branch,Investment,6056.45,Pending,22:20:00
TXN00001716,ACC0000508,15-Apr-22,Interest,10203.64,Branch,Investment,40535.51,Pending,17:43:00
TXN00002229,ACC0000509,03-Dec-24,Interest,11254.72,Branch,Investment,38795.3,Pending,19:16:00
TXN00004930,ACC0000511,23-Feb-23,Interest,1744.65,Branch,Investment,11123.64,Pending,09:40:00
TXN00004843,ACC0000517,23-Sep-23,Interest,126.95,Branch,Investment,41804.59,Pending,11:14:00
TXN00002266,ACC0000519,08-Apr-23,Interest,14073.33,Branch,Investment,64619.6,Pending,13:43:00
TXN00000957,ACC0000521,30-Jul-23,Interest,3815.69,Branch,Investment,36082.34,Pending,19:09:00
TXN00001571,ACC0000525,12-Oct-23,Interest,835.62,Branch,Investment,14398.84,Pending,21:35:00
TXN00001032,ACC0000555,17-Apr-23,Interest,9810.83,Branch,Investment,18462.8,Pending,14:49:00
TXN00004901,ACC0000556,21-Nov-23,Interest,8014.09,Branch,Investment,22226.34,Pending,12:13:00
TXN00003570,ACC0000559,15-Mar-24,Interest,1005.59,Branch,Investment,36139.54,Pending,20:32:00
TXN00003355,ACC0000567,20-Apr-24,Interest,271.74,Branch,Investment,37777.15,Pending,18:56:00
TXN00001017,ACC0000572,07-May-23,Interest,3128,Branch,Investment,5,Pending,12:01:00
TXN00003682,ACC0000572,06-Jan-24,Interest,1159.12,Branch,Investment,5,Pending,22:18:00
TXN00004421,ACC0000573,22-Feb-23,Interest,13043.04,Branch,Investment,46051.74,Pending,17:08:00
TXN00004956,ACC0000585,08-Jun-23,Interest,1066.99,Branch,Investment,17243.57,Pending,19:24:00
TXN00003345,ACC0000600,20-Mar-22,Interest,10474.43,Branch,Investment,44078.34,Pending,09:41:00
TXN00002990,ACC0000619,24-Feb-24,Interest,1204.5,Branch,Investment,14824.84,Pending,17:52:00
TXN00004805,ACC0000625,02-Nov-24,Interest,14091.44,Branch,Investment,13097.34,Pending,19:52:00
TXN00003823,ACC0000629,25-Apr-23,Interest,2021.49,Branch,Investment,38851.23,Pending,21:58:00
TXN00004625,ACC0000629,29-Apr-23,Interest,14273.51,Branch,Investment,38851.23,Pending,14:03:00
TXN00003524,ACC0000632,05-Nov-23,Interest,6318.15,Branch,Investment,41204.85,Pending,15:25:00
TXN00004739,ACC0000632,21-May-24,Interest,1908.03,Branch,Investment,27805.52,Pending,11:30:00
TXN00001819,ACC0000634,19-Jun-24,Interest,9425.41,Branch,Investment,40272.28,Pending,18:22:00
TXN00000750,ACC0000642,10-Nov-23,Interest,6445.84,Branch,Investment,8856.38,Pending,09:45:00
TXN00001526,ACC0000642,16-Oct-24,Interest,6128.26,Branch,Investment,5,Pending,09:39:00
TXN00003556,ACC0000650,21-Dec-23,Interest,2026.87,Branch,Investment,3596.33,Pending,16:23:00
TXN00003199,ACC0000656,17-Jun-24,Interest,11033.7,Branch,Investment,5,Pending,13:13:00
TXN00003700,ACC0000660,11-May-24,Interest,4585.77,Branch,Investment,2434.71,Pending,12:06:00
TXN00003920,ACC0000663,27-May-24,Interest,8633.66,Branch,Investment,1472.8,Pending,15:53:00
TXN00003296,ACC0000665,21-Sep-23,Interest,3526.53,Branch,Investment,7483.76,Pending,18:49:00
TXN00004038,ACC0000665,04-Nov-24,Interest,3089.1,Branch,Investment,5529.26,Pending,13:21:00
TXN00002500,ACC0000672,12-Sep-22,Interest,2299.6,Branch,Investment,42135.64,Pending,18:26:00
TXN00004637,ACC0000683,12-Jul-24,Interest,10456.09,Branch,Investment,54219.44,Pending,19:07:00
TXN00000035,ACC0000684,08-Jul-23,Interest,8568.32,Branch,Investment,7441.41,Pending,10:46:00
TXN00002822,ACC0000003,26-Aug-22,Interest,9076.54,Branch,Investment,37566.66,Failed,15:36:00
TXN00003453,ACC0000007,06-Dec-22,Interest,14326.29,Branch,Investment,11165.25,Failed,10:21:00
TXN00002190,ACC0000008,06-Mar-23,Interest,5115.42,Branch,Investment,6354.41,Failed,12:17:00
TXN00004060,ACC0000008,06-May-23,Interest,10328.36,Branch,Investment,6354.41,Failed,15:44:00
TXN00003040,ACC0000008,26-Feb-24,Interest,7804.21,Branch,Investment,6354.41,Failed,19:33:00
TXN00003581,ACC0000011,27-Dec-23,Interest,3220.98,Branch,Investment,1358.54,Failed,08:41:00
TXN00000263,ACC0000015,03-Jul-23,Interest,14610.9,Branch,Investment,42910.49,Failed,19:13:00
TXN00004898,ACC0000019,16-Dec-23,Interest,4853.11,Branch,Investment,35927.48,Failed,18:36:00
TXN00001400,ACC0000033,19-Oct-22,Interest,10972.28,Branch,Investment,4633.52,Failed,11:11:00
TXN00002286,ACC0000034,23-Feb-22,Interest,7509.31,Branch,Investment,22830.45,Failed,12:59:00
TXN00004684,ACC0000034,08-Dec-24,Interest,12191.92,Branch,Investment,1463.11,Failed,19:20:00
TXN00000972,ACC0000036,22-Oct-23,Interest,13036.88,Branch,Investment,11.96,Failed,19:07:00
TXN00000771,ACC0000037,01-Mar-24,Interest,12236.51,Branch,Investment,36693.14,Failed,16:39:00
TXN00003526,ACC0000039,14-Apr-24,Interest,7318.71,Branch,Investment,46012.78,Failed,10:23:00
TXN00004819,ACC0000045,30-Apr-23,Interest,9419.92,Branch,Investment,50721.25,Failed,14:59:00
TXN00000601,ACC0000052,22-Jun-23,Interest,3703.65,Branch,Investment,13544.9,Failed,21:51:00
TXN00002755,ACC0000059,21-Apr-24,Interest,6194.77,Branch,Investment,24971.93,Failed,10:17:00
TXN00000729,ACC0000059,09-Sep-24,Interest,10589.82,Branch,Investment,24971.93,Failed,09:00:00
TXN00004358,ACC0000061,30-Jun-24,Interest,8835.75,Branch,Investment,2731.54,Failed,16:41:00
TXN00001527,ACC0000064,02-Aug-24,Interest,10526.56,Branch,Investment,13982.85,Failed,13:10:00
TXN00003661,ACC0000067,25-Dec-24,Interest,2721.68,Branch,Investment,0,Failed,14:00:00
TXN00000133,ACC0000070,21-Jan-24,Interest,12705.51,Branch,Investment,19502.91,Failed,09:29:00
TXN00000165,ACC0000072,12-Mar-22,Interest,13456.03,Branch,Investment,3578.6,Failed,21:48:00
TXN00002748,ACC0000072,25-Nov-22,Interest,7934.3,Branch,Investment,10375.63,Failed,10:07:00
TXN00003303,ACC0000075,05-Feb-24,Interest,13916.46,Branch,Investment,1966.91,Failed,19:39:00
TXN00002450,ACC0000075,14-Feb-24,Interest,3593.99,Branch,Investment,1966.91,Failed,15:07:00
TXN00000175,ACC0000082,17-Apr-24,Interest,3554.33,Branch,Investment,4155,Failed,14:24:00
TXN00001933,ACC0000083,11-Jan-24,Interest,6014.92,Branch,Investment,45591.63,Failed,20:52:00
TXN00004992,ACC0000083,29-Aug-24,Interest,2057.17,Branch,Investment,30620,Failed,11:42:00
TXN00000011,ACC0000088,06-Dec-22,Interest,1541.87,Branch,Investment,4839.87,Failed,09:38:00
TXN00001178,ACC0000094,15-Jan-22,Interest,2406.79,Branch,Investment,22628.11,Failed,08:26:00
TXN00004204,ACC0000105,20-May-22,Interest,12389.31,Branch,Investment,50382.61,Failed,15:03:00
TXN00000024,ACC0000106,23-Sep-22,Interest,7649.54,Branch,Investment,1329.16,Failed,12:29:00
TXN00002732,ACC0000107,08-Dec-24,Interest,1626.7,Branch,Investment,34098.81,Failed,19:13:00
TXN00004487,ACC0000108,09-Nov-24,Interest,10857.14,Branch,Investment,22123.09,Failed,19:29:00
TXN00002417,ACC0000114,13-May-24,Interest,7579.5,Branch,Investment,11937.42,Failed,14:55:00
TXN00002834,ACC0000117,22-Nov-22,Interest,14509.98,Branch,Investment,56663.46,Failed,10:28:00
TXN00003432,ACC0000127,01-Aug-22,Interest,10141.25,Branch,Investment,12128.84,Failed,12:37:00
TXN00002039,ACC0000130,23-Feb-24,Interest,12522.88,Branch,Investment,28777.21,Failed,21:13:00
TXN00001052,ACC0000134,11-Sep-24,Interest,5011.35,Branch,Investment,346.44,Failed,22:44:00
TXN00004449,ACC0000135,12-Feb-24,Interest,6717.16,Branch,Investment,22792.49,Failed,20:12:00
TXN00002830,ACC0000135,26-Sep-24,Interest,4262.48,Branch,Investment,22792.49,Failed,11:28:00
TXN00003826,ACC0000137,20-Oct-22,Interest,9915.16,Branch,Investment,6674.09,Failed,13:07:00
TXN00003786,ACC0000137,08-Mar-24,Interest,6484.88,Branch,Investment,17858.11,Failed,14:41:00
TXN00000590,ACC0000138,05-Jul-24,Interest,4241.35,Branch,Investment,27360.15,Failed,14:56:00
TXN00003555,ACC0000142,22-Mar-22,Interest,9230.53,Branch,Investment,52673.13,Failed,10:18:00
TXN00003702,ACC0000143,31-Jan-24,Interest,9303.66,Branch,Investment,9604.98,Failed,20:01:00
TXN00000598,ACC0000155,20-Dec-23,Interest,13267.77,Branch,Investment,75857.4,Failed,19:14:00
TXN00004689,ACC0000155,08-Jun-24,Interest,6033.49,Branch,Investment,75298.13,Failed,13:22:00
TXN00004996,ACC0000156,02-Dec-24,Interest,677.27,Branch,Investment,40426.03,Failed,16:23:00
TXN00003462,ACC0000159,10-May-22,Interest,5029.75,Branch,Investment,22300,Failed,10:08:00
TXN00000102,ACC0000160,12-Oct-20,Interest,301.39,Branch,Investment,53171.21,Failed,17:10:00
TXN00004970,ACC0000169,03-Jun-24,Interest,12379.6,Branch,Investment,24092.21,Failed,11:20:00
TXN00000711,ACC0000170,07-Nov-23,Interest,12367.75,Branch,Investment,3702.12,Failed,22:45:00
TXN00002075,ACC0000194,25-Feb-22,Interest,4233.21,Branch,Investment,66756.52,Failed,09:40:00
TXN00000966,ACC0000196,24-Apr-23,Interest,10139.14,Branch,Investment,29892.21,Failed,11:56:00
TXN00001158,ACC0000200,08-Nov-22,Interest,14260.89,Branch,Investment,52522.3,Failed,09:43:00
TXN00004812,ACC0000211,08-May-24,Interest,13412.61,Branch,Investment,34312.67,Failed,19:52:00
TXN00001633,ACC0000213,26-Oct-23,Interest,3382.6,Branch,Investment,1143.42,Failed,11:00:00
TXN00000973,ACC0000228,20-Sep-23,Interest,14210.1,Branch,Investment,1150.44,Failed,14:55:00
TXN00004176,ACC0000230,04-Jul-23,Interest,7891.69,Branch,Investment,66558.87,Failed,12:38:00
TXN00003437,ACC0000236,18-Jun-22,Interest,1086.31,Branch,Investment,7886.24,Failed,17:12:00
TXN00002315,ACC0000238,07-Mar-24,Interest,5799.3,Branch,Investment,23637.57,Failed,21:03:00
TXN00002960,ACC0000241,12-Aug-22,Interest,11662.34,Branch,Investment,11547.09,Failed,20:00:00
TXN00000282,ACC0000244,05-Mar-23,Interest,11285.72,Branch,Investment,11571.25,Failed,12:03:00
TXN00001848,ACC0000247,18-Jan-24,Interest,13633.81,Branch,Investment,42500.23,Failed,12:46:00
TXN00001771,ACC0000263,07-Jul-24,Interest,13632,Branch,Investment,495.6,Failed,17:23:00
TXN00004290,ACC0000264,22-May-24,Interest,14701.73,Branch,Investment,45565.63,Failed,14:50:00
TXN00002468,ACC0000266,25-Apr-24,Interest,3445.87,Branch,Investment,43917.43,Failed,10:09:00
TXN00002766,ACC0000267,06-Jan-24,Interest,4910.64,Branch,Investment,15576.1,Failed,11:50:00
TXN00002861,ACC0000270,08-Jun-23,Interest,6031.29,Branch,Investment,31751.88,Failed,10:03:00
TXN00001721,ACC0000270,24-Aug-23,Interest,13465.65,Branch,Investment,31751.88,Failed,16:30:00
TXN00001236,ACC0000278,08-Jan-23,Interest,197.47,Branch,Investment,4783.68,Failed,13:24:00
TXN00003617,ACC0000279,19-Apr-22,Interest,9238.58,Branch,Investment,10768.79,Failed,18:47:00
TXN00004423,ACC0000282,07-Jul-24,Interest,892.57,Branch,Investment,5,Failed,10:33:00
TXN00003625,ACC0000286,18-Apr-22,Interest,2773.86,Branch,Investment,1732.67,Failed,15:55:00
TXN00003675,ACC0000288,23-Feb-22,Interest,11189.22,Branch,Investment,6917.08,Failed,16:39:00
TXN00003777,ACC0000290,06-Jan-22,Interest,11191.64,Branch,Investment,10372.1,Failed,14:09:00
TXN00004210,ACC0000291,22-Nov-24,Interest,3436.2,Branch,Investment,802.28,Failed,11:47:00
TXN00002914,ACC0000300,04-May-22,Interest,672.2,Branch,Investment,12418.71,Failed,10:30:00
TXN00000129,ACC0000313,05-Aug-22,Interest,1199.02,Branch,Investment,1059.99,Failed,22:12:00
TXN00003003,ACC0000348,29-Jul-24,Interest,13067.47,Branch,Investment,8105.61,Failed,17:47:00
TXN00000618,ACC0000349,18-Feb-24,Interest,2929.49,Branch,Investment,2882.62,Failed,15:10:00
TXN00004517,ACC0000355,22-Dec-23,Interest,2043.16,Branch,Investment,25637.83,Failed,19:10:00
TXN00003660,ACC0000360,28-Jul-24,Interest,10523.72,Branch,Investment,36877.96,Failed,15:08:00
TXN00003142,ACC0000362,10-Apr-24,Interest,6935.37,Branch,Investment,13114.57,Failed,14:06:00
TXN00000543,ACC0000365,17-Mar-24,Interest,4607.53,Branch,Investment,8868.8,Failed,18:55:00
TXN00001404,ACC0000366,11-Aug-24,Interest,1681.87,Branch,Investment,37701.52,Failed,13:53:00
TXN00001546,ACC0000373,16-Mar-24,Interest,853.2,Branch,Investment,46180.34,Failed,10:28:00
TXN00003992,ACC0000375,11-Oct-24,Interest,2461.5,Branch,Investment,34684.2,Failed,15:14:00
TXN00004083,ACC0000395,07-Nov-22,Interest,5348.39,Branch,Investment,36659.75,Failed,14:03:00
TXN00000840,ACC0000398,20-Sep-22,Interest,3616.05,Branch,Investment,25702.57,Failed,16:31:00
TXN00003849,ACC0000409,22-Oct-22,Interest,12964.65,Branch,Investment,919.15,Failed,19:42:00
TXN00001447,ACC0000414,03-Aug-24,Interest,2889.52,Branch,Investment,21589.75,Failed,13:18:00
TXN00003551,ACC0000417,05-Jul-23,Interest,7439.19,Branch,Investment,6589.43,Failed,08:43:00
TXN00001707,ACC0000421,14-Nov-22,Interest,1529.87,Branch,Investment,10113.17,Failed,20:08:00
TXN00001451,ACC0000422,24-Oct-23,Interest,9564.08,Branch,Investment,39329.43,Failed,15:23:00
TXN00004981,ACC0000422,04-Nov-24,Interest,3025.55,Branch,Investment,43087.26,Failed,16:28:00
TXN00003477,ACC0000423,05-Sep-24,Interest,3126.36,Branch,Investment,7634.87,Failed,08:12:00
TXN00004941,ACC0000424,06-Sep-24,Interest,11676.82,Branch,Investment,10147.49,Failed,20:29:00
TXN00001487,ACC0000429,09-May-23,Interest,1951.19,Branch,Investment,16095.01,Failed,17:45:00
TXN00002223,ACC0000437,05-Jun-23,Interest,3624.27,Branch,Investment,394.03,Failed,21:13:00
TXN00000742,ACC0000441,02-Aug-22,Interest,2748.63,Branch,Investment,47222.52,Failed,16:49:00
TXN00003734,ACC0000446,19-Dec-22,Interest,1029.29,Branch,Investment,26338.56,Failed,15:45:00
TXN00002607,ACC0000452,11-Jul-22,Interest,6752.83,Branch,Investment,14363.02,Failed,14:03:00
TXN00001889,ACC0000452,07-Oct-23,Interest,11907.04,Branch,Investment,14363.02,Failed,20:45:00
TXN00004311,ACC0000463,06-Mar-24,Interest,7666.28,Branch,Investment,8.26,Failed,15:54:00
TXN00003254,ACC0000465,30-Mar-24,Interest,14958.87,Branch,Investment,708.36,Failed,11:52:00
TXN00002319,ACC0000466,17-Oct-22,Interest,11889.47,Branch,Investment,2121.9,Failed,22:48:00
TXN00000539,ACC0000467,10-Nov-20,Interest,202.34,Branch,Investment,12428.04,Failed,15:24:00
TXN00003408,ACC0000469,01-Jan-24,Interest,2382.83,Branch,Investment,9348.72,Failed,19:22:00
TXN00003433,ACC0000477,21-Sep-24,Interest,7923.53,Branch,Investment,18448.32,Failed,09:56:00
TXN00001082,ACC0000483,10-Nov-24,Interest,8972.61,Branch,Investment,45324.1,Failed,10:17:00
TXN00004807,ACC0000484,15-Jan-23,Interest,710.48,Branch,Investment,9815.98,Failed,22:35:00
TXN00004628,ACC0000486,19-May-23,Interest,1842.95,Branch,Investment,32887.84,Failed,09:45:00
TXN00001338,ACC0000492,27-Nov-22,Interest,8817.38,Branch,Investment,32800.57,Failed,15:22:00
TXN00002972,ACC0000495,04-Aug-23,Interest,6566.09,Branch,Investment,4361.76,Failed,20:52:00
TXN00003357,ACC0000498,08-Feb-23,Interest,2725.33,Branch,Investment,48874.42,Failed,19:25:00
TXN00002435,ACC0000504,13-Feb-24,Interest,8461.14,Branch,Investment,11434.14,Failed,11:56:00
TXN00001491,ACC0000519,12-Aug-24,Interest,2006.61,Branch,Investment,71502.6,Failed,20:56:00
TXN00000051,ACC0000521,04-Jul-23,Interest,2353.13,Branch,Investment,36082.34,Failed,20:17:00
TXN00003260,ACC0000532,13-Feb-20,Interest,6456.28,Branch,Investment,69346.42,Failed,20:24:00
TXN00001561,ACC0000532,18-Jun-23,Interest,2609.27,Branch,Investment,64213.88,Failed,17:14:00
TXN00003286,ACC0000533,19-Apr-23,Interest,319.87,Branch,Investment,15413.05,Failed,13:15:00
TXN00001152,ACC0000538,18-Apr-23,Interest,10545.57,Branch,Investment,1351.18,Failed,10:54:00
TXN00004813,ACC0000540,19-Oct-23,Interest,9533.59,Branch,Investment,9938.74,Failed,22:09:00
TXN00000348,ACC0000543,28-Aug-23,Interest,5291.19,Branch,Investment,3078.63,Failed,21:44:00
TXN00003596,ACC0000545,18-Nov-22,Interest,11288.83,Branch,Investment,38459.37,Failed,21:44:00
TXN00001317,ACC0000548,28-Jun-24,Interest,9526.02,Branch,Investment,3347.97,Failed,19:28:00
TXN00003807,ACC0000553,13-Jan-24,Interest,4801.95,Branch,Investment,67150.59,Failed,13:50:00
TXN00001307,ACC0000560,01-Oct-22,Interest,4711.04,Branch,Investment,14275.7,Failed,20:51:00
TXN00001515,ACC0000570,19-Feb-24,Interest,6348.4,Branch,Investment,981.58,Failed,20:17:00
TXN00001438,ACC0000574,04-Sep-24,Interest,3800.39,Branch,Investment,4704.56,Failed,21:05:00
TXN00003634,ACC0000583,12-May-22,Interest,11190.01,Branch,Investment,3851.56,Failed,20:31:00
TXN00004986,ACC0000584,07-Mar-22,Interest,2801.06,Branch,Investment,5284.68,Failed,08:49:00
TXN00000626,ACC0000588,16-Nov-24,Interest,2281.06,Branch,Investment,16165.27,Failed,18:55:00
TXN00003974,ACC0000591,15-Sep-24,Interest,2925.39,Branch,Investment,24497.62,Failed,19:41:00
TXN00004399,ACC0000601,26-Oct-24,Interest,7897.03,Branch,Investment,22753.62,Failed,17:05:00
TXN00004927,ACC0000607,31-May-24,Interest,6748.38,Branch,Investment,8974.17,Failed,10:39:00
TXN00000651,ACC0000615,20-Oct-22,Interest,11310.43,Branch,Investment,49055.01,Failed,08:21:00
TXN00004451,ACC0000622,20-Dec-22,Interest,8540.1,Branch,Investment,52703.93,Failed,21:51:00
TXN00001696,ACC0000629,13-Jun-22,Interest,5508.28,Branch,Investment,38851.23,Failed,10:15:00
TXN00001845,ACC0000637,06-May-24,Interest,8451.22,Branch,Investment,56520.18,Failed,10:57:00
TXN00001711,ACC0000638,11-May-22,Interest,7643.99,Branch,Investment,9771.43,Failed,21:17:00
TXN00002091,ACC0000645,24-Jun-22,Interest,4686.16,Branch,Investment,8979.28,Failed,11:49:00
TXN00002349,ACC0000645,30-Oct-22,Interest,12567.02,Branch,Investment,4258.57,Failed,16:53:00
TXN00002058,ACC0000651,28-Jun-24,Interest,3816.55,Branch,Investment,19549.63,Failed,11:11:00
TXN00001612,ACC0000659,11-Jan-23,Interest,7875.74,Branch,Investment,48886.09,Failed,16:01:00
TXN00000744,ACC0000661,16-Jun-24,Interest,9039.53,Branch,Investment,28654.44,Failed,17:05:00
TXN00001891,ACC0000664,27-Jun-24,Interest,3895.69,Branch,Investment,48848.71,Failed,10:38:00
TXN00001502,ACC0000665,11-Oct-22,Interest,1495.59,Branch,Investment,7483.76,Failed,19:23:00
TXN00004984,ACC0000671,19-Jul-23,Interest,14776.17,Branch,Investment,993.94,Failed,17:01:00
TXN00004443,ACC0000671,28-Nov-23,Interest,326.1,Branch,Investment,993.94,Failed,16:45:00
TXN00004717,ACC0000677,07-Apr-24,Interest,2538.86,Branch,Investment,2338.97,Failed,17:47:00
TXN00002879,ACC0000677,09-Jun-24,Interest,1972.49,Branch,Investment,2338.97,Failed,15:35:00
TXN00002921,ACC0000678,18-Jan-22,Interest,10286.59,Branch,Investment,30243.61,Failed,18:41:00
TXN00004073,ACC0000683,26-Sep-23,Interest,5600.13,Branch,Investment,39794.94,Failed,20:31:00
TXN00003606,ACC0000683,05-Jan-24,Interest,6009.78,Branch,Investment,54219.44,Failed,22:45:00
TXN00001986,ACC0000691,07-Oct-23,Interest,9063.82,Branch,Investment,21585.71,Failed,15:46:00
TXN00004906,ACC0000694,25-Jan-23,Interest,7726.8,Branch,Investment,5709.18,Failed,18:56:00
TXN00004460,ACC0000020,23-Nov-23,Fee,6792.78,Mobile,Utility,12938.3,Pending,08:48:00
TXN00003925,ACC0000027,23-Jul-23,Fee,4926.61,Mobile,Utility,10785.6,Pending,10:23:00
TXN00001194,ACC0000030,24-Jan-24,Fee,9613.52,Mobile,Utility,38102.58,Pending,08:25:00
TXN00003356,ACC0000031,10-Mar-23,Fee,7550.95,Mobile,Utility,24176.25,Pending,10:17:00
TXN00001204,ACC0000035,12-Nov-22,Fee,6246.83,Mobile,Utility,1570.99,Pending,19:41:00
TXN00000610,ACC0000044,14-Aug-24,Fee,13974.26,Mobile,Utility,14140.14,Pending,15:29:00
TXN00000172,ACC0000045,24-Nov-22,Fee,2724.93,Mobile,Utility,50721.25,Pending,16:57:00
TXN00000781,ACC0000046,18-Aug-24,Fee,9166.59,Mobile,Utility,39099.69,Pending,09:46:00
TXN00004720,ACC0000054,25-Sep-22,Fee,10822.04,Mobile,Utility,30392.47,Pending,21:26:00
TXN00003767,ACC0000055,17-May-22,Fee,11791.67,Mobile,Utility,26424.43,Pending,09:47:00
TXN00001823,ACC0000057,10-Apr-23,Fee,2706.5,Mobile,Utility,8696.47,Pending,09:52:00
TXN00001218,ACC0000068,23-Dec-24,Fee,5777.75,Mobile,Utility,10647.76,Pending,17:59:00
TXN00000886,ACC0000075,04-Apr-24,Fee,8149.38,Mobile,Utility,1966.91,Pending,21:26:00
TXN00002345,ACC0000097,15-Jan-24,Fee,7412.44,Mobile,Utility,8154.37,Pending,09:42:00
TXN00004348,ACC0000123,04-Feb-23,Fee,11576.11,Mobile,Utility,62622.28,Pending,21:18:00
TXN00000090,ACC0000124,03-Jan-22,Fee,5741.82,Mobile,Utility,28369.9,Pending,11:28:00
TXN00002155,ACC0000128,18-Dec-23,Fee,6163.73,Mobile,Utility,78.91,Pending,13:19:00
TXN00000109,ACC0000140,01-Feb-23,Fee,494.22,Mobile,Utility,727.64,Pending,20:27:00
TXN00004324,ACC0000143,16-Jan-24,Fee,10327.03,Mobile,Utility,9604.98,Pending,22:07:00
TXN00002778,ACC0000156,14-Jul-23,Fee,9710.31,Mobile,Utility,40426.03,Pending,09:23:00
TXN00001086,ACC0000179,27-Oct-23,Fee,7810.66,Mobile,Utility,9719.14,Pending,15:52:00
TXN00004672,ACC0000184,01-May-23,Fee,6469.92,Mobile,Utility,916.46,Pending,08:13:00
TXN00002148,ACC0000191,19-Feb-23,Fee,13145.63,Mobile,Utility,40213.63,Pending,11:08:00
TXN00004398,ACC0000195,15-Jul-24,Fee,9921.52,Mobile,Utility,6351.14,Pending,15:13:00
TXN00000420,ACC0000206,30-Sep-24,Fee,3777.05,Mobile,Utility,13333.18,Pending,18:21:00
TXN00003674,ACC0000221,01-Dec-22,Fee,3727.57,Mobile,Utility,26591.42,Pending,18:20:00
TXN00004667,ACC0000225,23-Mar-24,Fee,14275.14,Mobile,Utility,18586.03,Pending,15:45:00
TXN00003252,ACC0000231,03-Oct-22,Fee,154.16,Mobile,Utility,7739.21,Pending,22:21:00
TXN00002436,ACC0000250,30-Oct-24,Fee,1168.37,Mobile,Utility,14616.98,Pending,18:23:00
TXN00001683,ACC0000267,14-Aug-24,Fee,6448.19,Mobile,Utility,15576.1,Pending,12:21:00
TXN00001782,ACC0000270,19-Feb-23,Fee,2688.72,Mobile,Utility,31751.88,Pending,18:20:00
TXN00000956,ACC0000277,17-Sep-23,Fee,4155.49,Mobile,Utility,22113.86,Pending,09:49:00
TXN00001718,ACC0000281,16-Jun-22,Fee,3439.92,Mobile,Utility,436.7,Pending,10:49:00
TXN00004619,ACC0000309,25-May-22,Fee,10467.77,Mobile,Utility,18155.35,Pending,17:47:00
TXN00004729,ACC0000320,22-Apr-22,Fee,1497.92,Mobile,Utility,7214.29,Pending,16:37:00
TXN00002250,ACC0000322,01-Mar-24,Fee,12694.08,Mobile,Utility,236.96,Pending,22:33:00
TXN00002240,ACC0000327,19-May-24,Fee,14615.69,Mobile,Utility,7402.38,Pending,15:19:00
TXN00000641,ACC0000335,06-Oct-23,Fee,9740.72,Mobile,Utility,28861.99,Pending,18:32:00
TXN00004865,ACC0000374,17-Aug-24,Fee,8114.53,Mobile,Utility,71917.83,Pending,14:50:00
TXN00002676,ACC0000381,16-Nov-22,Fee,1763.05,Mobile,Utility,58842.12,Pending,14:11:00
TXN00003378,ACC0000383,05-Feb-23,Fee,10074.5,Mobile,Utility,9908.48,Pending,17:38:00
TXN00004568,ACC0000388,31-Jan-23,Fee,557.89,Mobile,Utility,34244.99,Pending,14:49:00
TXN00004851,ACC0000390,15-Sep-24,Fee,11035.79,Mobile,Utility,38993.45,Pending,09:20:00
TXN00002790,ACC0000400,07-Dec-22,Fee,5015.61,Mobile,Utility,23944.79,Pending,20:32:00
TXN00001011,ACC0000402,03-Nov-24,Fee,4271.54,Mobile,Utility,64916.18,Pending,15:17:00
TXN00003292,ACC0000405,30-Dec-24,Fee,3087.37,Mobile,Utility,19057.24,Pending,21:21:00
TXN00002947,ACC0000429,30-Jan-24,Fee,8901.03,Mobile,Utility,4977.39,Pending,17:10:00
TXN00001475,ACC0000434,19-Oct-24,Fee,12037.26,Mobile,Utility,385.76,Pending,20:56:00
TXN00001810,ACC0000448,11-Jul-23,Fee,2519.58,Mobile,Utility,33596.52,Pending,10:44:00
TXN00000463,ACC0000467,30-Jul-22,Fee,13300.5,Mobile,Utility,17079.45,Pending,14:06:00
TXN00000270,ACC0000468,26-Jul-23,Fee,10002.73,Mobile,Utility,2620.76,Pending,09:39:00
TXN00003967,ACC0000473,27-Nov-22,Fee,9444.99,Mobile,Utility,30331.63,Pending,22:28:00
TXN00002399,ACC0000480,29-Sep-22,Fee,2740.84,Mobile,Utility,56006.99,Pending,09:02:00
TXN00004754,ACC0000480,06-Sep-23,Fee,14614.9,Mobile,Utility,51247.16,Pending,20:13:00
TXN00004121,ACC0000485,18-May-24,Fee,10362.88,Mobile,Utility,16086.98,Pending,21:07:00
TXN00002138,ACC0000495,16-Jun-23,Fee,11670.77,Mobile,Utility,4361.76,Pending,20:04:00
TXN00002241,ACC0000501,03-Dec-24,Fee,10553.76,Mobile,Utility,38386.58,Pending,14:22:00
TXN00001755,ACC0000522,03-Jul-24,Fee,1268.22,Mobile,Utility,37610.3,Pending,20:11:00
TXN00000142,ACC0000535,17-Feb-24,Fee,815.88,Mobile,Utility,11401.05,Pending,22:59:00
TXN00000401,ACC0000546,17-Feb-24,Fee,13953.15,Mobile,Utility,53861.34,Pending,21:20:00
TXN00002809,ACC0000549,20-Dec-23,Fee,2884.06,Mobile,Utility,26507.05,Pending,17:47:00
TXN00004740,ACC0000555,29-Jan-23,Fee,3623.55,Mobile,Utility,18462.8,Pending,19:59:00
TXN00000171,ACC0000556,30-May-24,Fee,9688.09,Mobile,Utility,29435.84,Pending,13:29:00
TXN00001492,ACC0000556,21-Aug-24,Fee,6729.52,Mobile,Utility,29435.84,Pending,21:55:00
TXN00001289,ACC0000558,02-Mar-23,Fee,5088.02,Mobile,Utility,905.06,Pending,20:52:00
TXN00004523,ACC0000566,01-Sep-24,Fee,8803.25,Mobile,Utility,21263.23,Pending,14:50:00
TXN00001327,ACC0000578,01-Nov-22,Fee,7310.58,Mobile,Utility,27692.8,Pending,20:55:00
TXN00001731,ACC0000585,05-Sep-23,Fee,10462.66,Mobile,Utility,17243.57,Pending,14:21:00
TXN00001241,ACC0000589,20-Feb-24,Fee,12221.74,Mobile,Utility,9377.72,Pending,16:18:00
TXN00001822,ACC0000597,19-Jun-22,Fee,7824.27,Mobile,Utility,47569.03,Pending,20:57:00
TXN00000785,ACC0000607,01-May-23,Fee,10334.58,Mobile,Utility,8974.17,Pending,18:07:00
TXN00000449,ACC0000608,12-Mar-22,Fee,3419.76,Mobile,Utility,13345.73,Pending,19:51:00
TXN00003864,ACC0000614,18-Nov-24,Fee,8755.71,Mobile,Utility,49695.23,Pending,14:27:00
TXN00001010,ACC0000614,27-Nov-24,Fee,4638.41,Mobile,Utility,49695.23,Pending,13:26:00
TXN00003844,ACC0000618,20-Jun-22,Fee,6486.75,Mobile,Utility,49395.98,Pending,19:07:00
TXN00003776,ACC0000633,20-May-23,Fee,12035.19,Mobile,Utility,44280.96,Pending,20:30:00
TXN00000447,ACC0000636,03-Jun-24,Fee,12339.28,Mobile,Utility,30525.48,Pending,22:00:00
TXN00001739,ACC0000649,12-May-24,Fee,11251.14,Mobile,Utility,31214.92,Pending,17:56:00
TXN00002528,ACC0000655,15-Nov-24,Fee,12.08,Mobile,Utility,1272.76,Pending,12:10:00
TXN00004433,ACC0000663,28-Sep-23,Fee,9663.29,Mobile,Utility,1472.8,Pending,13:43:00
TXN00004027,ACC0000673,05-Dec-22,Fee,633.5,Mobile,Utility,32711.91,Pending,11:46:00
TXN00002203,ACC0000688,10-Sep-23,Fee,8010.92,Mobile,Utility,39868.01,Pending,12:20:00
TXN00000636,ACC0000690,13-Mar-23,Fee,3690.41,Mobile,Utility,47392.31,Pending,17:56:00
TXN00004286,ACC0000692,12-Aug-23,Fee,765.88,Mobile,Utility,7693.36,Pending,13:19:00
TXN00003922,ACC0000694,24-Nov-22,Fee,11526.56,Mobile,Utility,19717.7,Pending,08:47:00
TXN00000151,ACC0000698,12-Jan-24,Fee,10972.66,Mobile,Utility,182.28,Pending,20:53:00
TXN00001762,ACC0000699,10-Feb-24,Fee,10824.32,Mobile,Utility,171.06,Pending,09:30:00
TXN00000404,ACC0000010,09-Jun-24,Fee,9995.77,Mobile,Utility,16861.72,Completed,09:44:00
TXN00004773,ACC0000013,25-Jan-24,Fee,7056.81,Mobile,Utility,9223.72,Completed,15:10:00
TXN00000014,ACC0000020,22-Apr-23,Fee,10977.64,Mobile,Utility,12938.3,Completed,13:21:00
TXN00001093,ACC0000021,04-Jan-22,Fee,9449.85,Mobile,Utility,750.65,Completed,14:13:00
TXN00002514,ACC0000021,13-Oct-23,Fee,364.66,Mobile,Utility,385.99,Completed,17:23:00
TXN00001906,ACC0000027,13-Apr-23,Fee,8663.56,Mobile,Utility,10785.6,Completed,19:40:00
TXN00000787,ACC0000028,03-Dec-23,Fee,1728.52,Mobile,Utility,8534.56,Completed,12:14:00
TXN00000393,ACC0000037,15-Jan-24,Fee,4390.11,Mobile,Utility,36693.14,Completed,19:09:00
TXN00000550,ACC0000051,01-Dec-23,Fee,13782.75,Mobile,Utility,8291.94,Completed,12:23:00
TXN00000775,ACC0000066,08-Jul-24,Fee,1156.1,Mobile,Utility,54071.97,Completed,13:39:00
TXN00002243,ACC0000076,11-Dec-23,Fee,8297.59,Mobile,Utility,65440.82,Completed,14:47:00
TXN00002578,ACC0000087,28-Oct-23,Fee,379.4,Mobile,Utility,6192.26,Completed,18:43:00
TXN00003592,ACC0000099,27-Oct-23,Fee,14166.69,Mobile,Utility,16435.61,Completed,09:21:00
TXN00002525,ACC0000132,23-Jul-23,Fee,12117.88,Mobile,Utility,6385.69,Completed,09:39:00
TXN00003744,ACC0000151,30-Dec-23,Fee,5468.56,Mobile,Utility,2605.54,Completed,14:51:00
TXN00000743,ACC0000155,17-Jun-24,Fee,8924.71,Mobile,Utility,66373.42,Completed,14:24:00
TXN00004701,ACC0000165,17-Jul-22,Fee,13787.23,Mobile,Utility,20683.85,Completed,20:18:00
TXN00001990,ACC0000176,13-Jul-24,Fee,12676.5,Mobile,Utility,19321.94,Completed,11:51:00
TXN00004318,ACC0000177,03-Oct-24,Fee,621.14,Mobile,Utility,104.66,Completed,13:53:00
TXN00002429,ACC0000184,22-Sep-23,Fee,755.84,Mobile,Utility,160.62,Completed,08:00:00
TXN00000026,ACC0000218,12-Aug-24,Fee,8480,Mobile,Utility,14393.76,Completed,15:00:00
TXN00000679,ACC0000218,26-Sep-24,Fee,4287.84,Mobile,Utility,10105.92,Completed,18:21:00
TXN00002100,ACC0000226,31-Oct-22,Fee,10949.53,Mobile,Utility,14369,Completed,11:38:00
TXN00003085,ACC0000236,29-Aug-23,Fee,5600.71,Mobile,Utility,16075.66,Completed,21:57:00
TXN00004217,ACC0000250,29-Aug-22,Fee,6148.61,Mobile,Utility,15723.77,Completed,08:01:00
TXN00003152,ACC0000280,12-May-24,Fee,3548.24,Mobile,Utility,4473.3,Completed,14:44:00
TXN00003831,ACC0000282,24-Jan-22,Fee,9988.7,Mobile,Utility,8205.32,Completed,22:16:00
TXN00004264,ACC0000283,16-Jun-24,Fee,11620.16,Mobile,Utility,18462.57,Completed,18:17:00
TXN00004626,ACC0000286,25-Sep-24,Fee,181.47,Mobile,Utility,5,Completed,20:33:00
TXN00000980,ACC0000296,27-Nov-23,Fee,14820.93,Mobile,Utility,32708.58,Completed,10:14:00
TXN00003364,ACC0000298,12-Dec-22,Fee,9925.87,Mobile,Utility,20580.29,Completed,18:35:00
TXN00000554,ACC0000301,21-Sep-24,Fee,73.9,Mobile,Utility,109.1,Completed,20:14:00
TXN00004623,ACC0000303,31-Oct-23,Fee,11327.21,Mobile,Utility,6727.16,Completed,13:44:00
TXN00004615,ACC0000321,24-Jul-22,Fee,1527.17,Mobile,Utility,1116.09,Completed,16:04:00
TXN00003121,ACC0000325,14-Nov-24,Fee,14768.73,Mobile,Utility,34342.91,Completed,16:22:00
TXN00004537,ACC0000332,15-Jul-22,Fee,4603.49,Mobile,Utility,54967.95,Completed,15:05:00
TXN00003828,ACC0000340,28-Jun-24,Fee,7748.75,Mobile,Utility,15670.89,Completed,11:00:00
TXN00000859,ACC0000364,11-Nov-22,Fee,103.32,Mobile,Utility,34315.3,Completed,15:33:00
TXN00004243,ACC0000368,04-Jan-24,Fee,744.12,Mobile,Utility,1026.38,Completed,09:29:00
TXN00000902,ACC0000368,26-Mar-24,Fee,754.66,Mobile,Utility,271.72,Completed,14:09:00
TXN00000672,ACC0000369,07-Aug-24,Fee,364.9,Mobile,Utility,26019.87,Completed,15:24:00
TXN00002069,ACC0000378,13-Oct-23,Fee,10558,Mobile,Utility,1179.03,Completed,16:49:00
TXN00002584,ACC0000382,02-Apr-23,Fee,11548.71,Mobile,Utility,39609.21,Completed,10:47:00
TXN00002645,ACC0000389,11-Jan-20,Fee,8143.59,Mobile,Utility,59208.93,Completed,22:20:00
TXN00000337,ACC0000411,13-Mar-24,Fee,3306.96,Mobile,Utility,824.06,Completed,09:02:00
TXN00002003,ACC0000415,20-Mar-23,Fee,12039.33,Mobile,Utility,8255.58,Completed,19:07:00
TXN00004341,ACC0000418,27-May-24,Fee,4353.89,Mobile,Utility,5328.74,Completed,10:28:00
TXN00004753,ACC0000426,11-Nov-23,Fee,79,Mobile,Utility,108.02,Completed,21:00:00
TXN00004119,ACC0000434,21-Sep-23,Fee,6969.91,Mobile,Utility,2050.76,Completed,21:11:00
TXN00003025,ACC0000440,04-Nov-23,Fee,785.3,Mobile,Utility,14000.94,Completed,08:04:00
TXN00003512,ACC0000449,22-Dec-23,Fee,13963.54,Mobile,Utility,33785.75,Completed,21:19:00
TXN00002644,ACC0000453,26-Jan-24,Fee,12649.25,Mobile,Utility,31996.69,Completed,11:10:00
TXN00003610,ACC0000462,27-Sep-23,Fee,8181.79,Mobile,Utility,25604.5,Completed,08:23:00
TXN00001255,ACC0000480,18-Jun-23,Fee,4759.83,Mobile,Utility,51247.16,Completed,17:31:00
TXN00001064,ACC0000491,26-Nov-21,Fee,163.52,Mobile,Utility,55050.98,Completed,19:02:00
TXN00003781,ACC0000508,03-Oct-22,Fee,9579.19,Mobile,Utility,20072.63,Completed,09:21:00
TXN00003410,ACC0000518,01-Oct-23,Fee,316.59,Mobile,Utility,5,Completed,08:53:00
TXN00002356,ACC0000519,01-Oct-22,Fee,2336.91,Mobile,Utility,50213.18,Completed,14:16:00
TXN00004250,ACC0000520,07-Mar-24,Fee,5162.01,Mobile,Utility,35597.02,Completed,21:21:00
TXN00001833,ACC0000541,18-Mar-23,Fee,10453.4,Mobile,Utility,8770.52,Completed,10:21:00
TXN00001687,ACC0000543,11-Aug-22,Fee,10424.96,Mobile,Utility,3078.63,Completed,18:25:00
TXN00002810,ACC0000547,22-May-23,Fee,3981.19,Mobile,Utility,53829.02,Completed,17:59:00
TXN00000769,ACC0000566,12-Mar-24,Fee,5203.88,Mobile,Utility,21263.23,Completed,21:53:00
TXN00001786,ACC0000567,20-Dec-24,Fee,6626.24,Mobile,Utility,21771.57,Completed,09:07:00
TXN00003132,ACC0000570,14-Apr-23,Fee,7125.54,Mobile,Utility,5181.74,Completed,16:51:00
TXN00001407,ACC0000576,18-Jan-23,Fee,1951.33,Mobile,Utility,20666.71,Completed,08:48:00
TXN00003079,ACC0000580,22-Nov-22,Fee,1877.93,Mobile,Utility,2281.19,Completed,10:57:00
TXN00003171,ACC0000625,31-May-22,Fee,3738.35,Mobile,Utility,21827.89,Completed,21:12:00
TXN00002571,ACC0000643,26-Oct-23,Fee,10278.93,Mobile,Utility,14451,Completed,12:33:00
TXN00001347,ACC0000648,17-Mar-24,Fee,12185.91,Mobile,Utility,48601.72,Completed,16:55:00
TXN00003217,ACC0000652,07-Jun-24,Fee,28.03,Mobile,Utility,30754.41,Completed,22:22:00
TXN00004532,ACC0000658,13-Mar-22,Fee,3379.32,Mobile,Utility,26871.89,Completed,18:55:00
TXN00003124,ACC0000665,25-Dec-23,Fee,1954.5,Mobile,Utility,5529.26,Completed,13:05:00
TXN00003866,ACC0000675,14-Sep-24,Fee,6701.3,Mobile,Utility,39006.44,Completed,12:37:00
TXN00003060,ACC0000010,26-Dec-24,Fee,5442.2,Mobile,Utility,1754.27,Failed,11:29:00
TXN00002898,ACC0000017,10-Aug-22,Fee,14537.91,Mobile,Utility,30890.51,Failed,12:24:00
TXN00000037,ACC0000023,26-Feb-23,Fee,7594.82,Mobile,Utility,6888.54,Failed,08:49:00
TXN00002317,ACC0000046,10-Jul-23,Fee,5416.44,Mobile,Utility,27962.93,Failed,22:31:00
TXN00002156,ACC0000054,12-Jan-22,Fee,962.92,Mobile,Utility,30392.47,Failed,11:35:00
TXN00002936,ACC0000073,15-Oct-24,Fee,12375.48,Mobile,Utility,17981.44,Failed,16:58:00
TXN00000287,ACC0000089,13-Oct-22,Fee,13503.58,Mobile,Utility,299.34,Failed,16:26:00
TXN00004555,ACC0000092,14-Jul-22,Fee,8142.56,Mobile,Utility,25794.71,Failed,12:22:00
TXN00000538,ACC0000105,01-Nov-24,Fee,2736.92,Mobile,Utility,51201.52,Failed,18:42:00
TXN00002406,ACC0000151,30-Apr-23,Fee,4483.1,Mobile,Utility,8074.1,Failed,17:54:00
TXN00003055,ACC0000155,29-Jun-22,Fee,3106.41,Mobile,Utility,57073.78,Failed,14:22:00
TXN00003248,ACC0000158,05-Mar-22,Fee,1550.64,Mobile,Utility,570.35,Failed,19:36:00
TXN00004154,ACC0000163,27-Mar-23,Fee,3676.77,Mobile,Utility,10513.58,Failed,11:10:00
TXN00001174,ACC0000190,31-Oct-22,Fee,4406.67,Mobile,Utility,3770.52,Failed,11:32:00
TXN00000208,ACC0000210,29-Aug-22,Fee,10325.36,Mobile,Utility,77712.3,Failed,22:13:00
TXN00001514,ACC0000230,27-Dec-22,Fee,11474.37,Mobile,Utility,61338.25,Failed,20:00:00
TXN00004029,ACC0000236,20-Jan-22,Fee,10741.54,Mobile,Utility,7886.24,Failed,09:23:00
TXN00003640,ACC0000248,08-Mar-22,Fee,14472.67,Mobile,Utility,7395.22,Failed,14:20:00
TXN00001692,ACC0000250,31-Dec-23,Fee,8911.4,Mobile,Utility,15723.77,Failed,15:39:00
TXN00004589,ACC0000254,30-Jun-23,Fee,12679.3,Mobile,Utility,29616.5,Failed,14:19:00
TXN00000020,ACC0000259,10-Jul-22,Fee,6849.25,Mobile,Utility,7636.75,Failed,17:30:00
TXN00002685,ACC0000261,06-Aug-24,Fee,14772.95,Mobile,Utility,10608.48,Failed,18:44:00
TXN00004111,ACC0000262,11-Jan-24,Fee,2842.81,Mobile,Utility,0,Failed,08:19:00
TXN00000758,ACC0000264,13-Apr-23,Fee,7934.89,Mobile,Utility,45565.63,Failed,18:46:00
TXN00002944,ACC0000271,18-Mar-22,Fee,10077.01,Mobile,Utility,40267.94,Failed,12:55:00
TXN00004211,ACC0000283,30-Jan-22,Fee,8456.83,Mobile,Utility,10567.08,Failed,18:26:00
TXN00003279,ACC0000284,20-Jul-23,Fee,14247.02,Mobile,Utility,27573.66,Failed,19:52:00
TXN00003799,ACC0000290,09-Sep-23,Fee,658.92,Mobile,Utility,1111.37,Failed,19:02:00
TXN00004092,ACC0000309,28-Jul-23,Fee,11568.33,Mobile,Utility,11791.63,Failed,09:50:00
TXN00001985,ACC0000327,30-Aug-22,Fee,11181.8,Mobile,Utility,44306.9,Failed,08:28:00
TXN00002709,ACC0000331,17-Sep-23,Fee,5517.44,Mobile,Utility,1077.88,Failed,19:44:00
TXN00003014,ACC0000333,17-Jan-22,Fee,5326.82,Mobile,Utility,3675.82,Failed,16:39:00
TXN00002187,ACC0000349,25-Apr-23,Fee,5941.86,Mobile,Utility,8828.49,Failed,13:45:00
TXN00001501,ACC0000354,16-Jul-24,Fee,10002.89,Mobile,Utility,19933.11,Failed,11:01:00
TXN00002957,ACC0000359,03-Mar-22,Fee,8375.94,Mobile,Utility,27723.67,Failed,09:24:00
TXN00004934,ACC0000391,14-Nov-24,Fee,5968.99,Mobile,Utility,686.68,Failed,19:49:00
TXN00002788,ACC0000392,18-Sep-22,Fee,1267.41,Mobile,Utility,25548.77,Failed,22:30:00
TXN00003030,ACC0000397,21-Jul-22,Fee,11300.68,Mobile,Utility,5034.26,Failed,18:29:00
TXN00004503,ACC0000442,25-Mar-24,Fee,12514.07,Mobile,Utility,49.84,Failed,13:21:00
TXN00000472,ACC0000443,11-Aug-24,Fee,6099.45,Mobile,Utility,15017.58,Failed,09:55:00
TXN00001298,ACC0000453,19-Aug-22,Fee,12004.91,Mobile,Utility,31498,Failed,12:19:00
TXN00001209,ACC0000463,12-Jun-23,Fee,5544.7,Mobile,Utility,505.59,Failed,19:40:00
TXN00000357,ACC0000476,21-Dec-23,Fee,12027.77,Mobile,Utility,9955.97,Failed,16:58:00
TXN00002230,ACC0000477,08-Jun-23,Fee,13266.72,Mobile,Utility,18448.32,Failed,17:33:00
TXN00000515,ACC0000487,18-Nov-23,Fee,7805.42,Mobile,Utility,4466.48,Failed,20:27:00
TXN00003934,ACC0000490,27-Jul-22,Fee,14472.67,Mobile,Utility,9336.24,Failed,17:01:00
TXN00000993,ACC0000501,20-Jul-24,Fee,10697.54,Mobile,Utility,39289.07,Failed,12:13:00
TXN00004603,ACC0000525,12-Nov-23,Fee,4306.9,Mobile,Utility,14398.84,Failed,17:43:00
TXN00004028,ACC0000526,23-Aug-24,Fee,10410.86,Mobile,Utility,29772.56,Failed,18:37:00
TXN00001668,ACC0000532,22-May-23,Fee,4885.19,Mobile,Utility,64213.88,Failed,13:57:00
TXN00000476,ACC0000532,27-Jun-23,Fee,14377.25,Mobile,Utility,64213.88,Failed,17:12:00
TXN00001133,ACC0000533,09-Apr-23,Fee,6589.89,Mobile,Utility,15413.05,Failed,13:17:00
TXN00000976,ACC0000533,28-Jun-24,Fee,9752.32,Mobile,Utility,10760.71,Failed,18:48:00
TXN00000812,ACC0000563,26-Jan-24,Fee,4146.85,Mobile,Utility,3070.21,Failed,22:30:00
TXN00000597,ACC0000575,03-Oct-24,Fee,9078.89,Mobile,Utility,57978.22,Failed,11:52:00
TXN00003587,ACC0000585,17-Nov-23,Fee,7165.54,Mobile,Utility,17243.57,Failed,15:36:00
TXN00003792,ACC0000597,12-Aug-24,Fee,6455.87,Mobile,Utility,20232.11,Failed,19:00:00
TXN00000254,ACC0000602,16-Aug-24,Fee,5643.42,Mobile,Utility,16368.38,Failed,13:30:00
TXN00001957,ACC0000614,16-May-24,Fee,4153.27,Mobile,Utility,43910.45,Failed,14:22:00
TXN00003407,ACC0000629,29-Jan-22,Fee,13158.5,Mobile,Utility,38851.23,Failed,21:45:00
TXN00001603,ACC0000633,30-Nov-22,Fee,6033.52,Mobile,Utility,44280.96,Failed,18:42:00
TXN00003721,ACC0000643,20-May-23,Fee,13108.95,Mobile,Utility,24990.96,Failed,20:15:00
TXN00001293,ACC0000644,15-May-23,Fee,8000.77,Mobile,Utility,14935.26,Failed,14:16:00
TXN00004022,ACC0000649,27-Apr-24,Fee,4730.19,Mobile,Utility,31214.92,Failed,22:36:00
TXN00002249,ACC0000651,13-Sep-23,Fee,1878.87,Mobile,Utility,19549.63,Failed,14:30:00
TXN00003400,ACC0000669,05-Oct-23,Fee,9922.32,Mobile,Utility,2734.19,Failed,10:59:00
TXN00002889,ACC0000670,12-Mar-22,Fee,12944.1,Mobile,Utility,13475.15,Failed,08:15:00
TXN00002028,ACC0000678,01-May-23,Fee,10947.48,Mobile,Utility,42877.91,Failed,20:06:00
TXN00001295,ACC0000683,12-May-24,Fee,4566.01,Mobile,Utility,54219.44,Failed,19:45:00
TXN00002212,ACC0000688,03-Mar-23,Fee,12494.08,Mobile,Utility,41830.1,Failed,16:01:00
TXN00002051,ACC0000001,18-Apr-24,Debit,3924.32,Mobile,Utility,41871.62,Completed,19:44:00
TXN00003349,ACC0000010,10-Jun-24,Debit,7974.99,Mobile,Utility,8886.73,Completed,11:02:00
TXN00002021,ACC0000011,03-Aug-24,Debit,919.42,Mobile,Utility,341.33,Completed,11:22:00
TXN00004989,ACC0000016,20-Mar-24,Debit,10462.28,Mobile,Utility,52988.94,Pending,21:20:00
TXN00003513,ACC0000018,13-Aug-23,Debit,3079.48,Mobile,Utility,8355.85,Pending,12:05:00
TXN00002465,ACC0000058,14-Jan-23,Debit,4711.92,Mobile,Utility,10163.88,Completed,13:45:00
TXN00001334,ACC0000059,11-Aug-22,Debit,2042.44,Mobile,Utility,24971.93,Pending,19:02:00
TXN00004265,ACC0000066,08-Feb-24,Debit,10537.86,Mobile,Utility,55228.07,Failed,13:34:00
TXN00003198,ACC0000082,29-Dec-23,Debit,11413.44,Mobile,Utility,4155,Pending,11:00:00
TXN00002552,ACC0000087,14-Nov-23,Debit,4083.12,Mobile,Utility,6192.26,Pending,21:42:00
TXN00003970,ACC0000088,02-May-22,Debit,5378.84,Mobile,Utility,4839.87,Completed,19:52:00
TXN00001148,ACC0000092,01-Nov-24,Debit,14543.26,Mobile,Utility,14315.48,Pending,13:13:00
TXN00004078,ACC0000094,25-Feb-23,Debit,529.9,Mobile,Utility,29568.1,Completed,09:57:00
TXN00001239,ACC0000098,17-Jan-23,Debit,6924.32,Mobile,Utility,48453.43,Completed,14:34:00
TXN00003630,ACC0000105,30-Jan-23,Debit,549.81,Mobile,Utility,50382.61,Pending,16:46:00
TXN00001455,ACC0000120,05-Dec-23,Debit,11925.58,Mobile,Utility,4947.26,Failed,10:25:00
TXN00001931,ACC0000133,23-Nov-22,Debit,797.14,Mobile,Utility,2033.54,Pending,10:00:00
TXN00000493,ACC0000142,07-Mar-22,Debit,1135.12,Mobile,Utility,66158.82,Failed,12:50:00
TXN00001342,ACC0000144,30-Aug-24,Debit,13087.87,Mobile,Utility,15087.27,Failed,08:55:00
TXN00001560,ACC0000150,26-Apr-24,Debit,13156.56,Mobile,Utility,1356.5,Completed,09:25:00
TXN00004606,ACC0000158,03-Aug-23,Debit,13342.82,Mobile,Utility,570.35,Failed,08:08:00
TXN00000631,ACC0000191,27-Oct-23,Debit,14819.61,Mobile,Utility,33097.02,Pending,13:02:00
TXN00002582,ACC0000205,11-Jun-22,Debit,8126.43,Mobile,Utility,14161.34,Pending,11:21:00
TXN00004888,ACC0000211,25-Nov-23,Debit,10769.45,Mobile,Utility,35656.24,Pending,09:28:00
TXN00004662,ACC0000215,01-Oct-24,Debit,2503.51,Mobile,Utility,5,Completed,22:44:00
TXN00003148,ACC0000217,06-Sep-23,Debit,9775.67,Mobile,Utility,10208.47,Pending,14:12:00
TXN00004136,ACC0000244,01-Apr-22,Debit,6654.91,Mobile,Utility,17660.8,Completed,22:26:00
TXN00003605,ACC0000253,11-Aug-22,Debit,12941.89,Mobile,Utility,58212.51,Pending,16:58:00
TXN00001999,ACC0000263,11-Jan-24,Debit,5597.81,Mobile,Utility,17969.19,Pending,10:48:00
TXN00004277,ACC0000265,11-Aug-24,Debit,14606.55,Mobile,Utility,24770.01,Failed,19:40:00
TXN00004980,ACC0000275,12-Feb-22,Debit,805.55,Mobile,Utility,45560.64,Pending,12:14:00
TXN00004871,ACC0000280,24-Jan-23,Debit,7079.44,Mobile,Utility,18185.16,Failed,21:15:00
TXN00002845,ACC0000296,19-Feb-23,Debit,12715.22,Mobile,Utility,47529.51,Pending,17:10:00
TXN00004053,ACC0000301,14-Oct-22,Debit,5323.71,Mobile,Utility,9630.82,Completed,19:48:00
TXN00000068,ACC0000305,01-Apr-23,Debit,14097.47,Mobile,Utility,13248.56,Failed,12:23:00
TXN00004712,ACC0000313,15-Mar-24,Debit,236,Mobile,Utility,270.51,Completed,12:17:00
TXN00004831,ACC0000316,20-Jan-24,Debit,10608.7,Mobile,Utility,215.1,Failed,10:12:00
TXN00001781,ACC0000318,04-Apr-24,Debit,373.36,Mobile,Utility,31202.76,Completed,16:30:00
TXN00000356,ACC0000325,18-Oct-24,Debit,7512.57,Mobile,Utility,49111.64,Failed,16:23:00
TXN00000453,ACC0000340,18-Jul-24,Debit,5023.38,Mobile,Utility,10647.51,Completed,17:37:00
TXN00001035,ACC0000370,27-Sep-24,Debit,11669.8,Mobile,Utility,42417.5,Pending,10:21:00
TXN00000232,ACC0000375,06-Sep-24,Debit,6053.31,Mobile,Utility,34684.2,Pending,10:54:00
TXN00002942,ACC0000383,20-Jan-22,Debit,5042.94,Mobile,Utility,21824.36,Pending,22:11:00
TXN00000854,ACC0000388,05-Sep-23,Debit,12112.2,Mobile,Utility,22132.79,Completed,09:06:00
TXN00002321,ACC0000389,29-Nov-18,Debit,9675.13,Mobile,Utility,67352.52,Completed,13:40:00
TXN00001049,ACC0000406,05-Jan-24,Debit,11480.94,Mobile,Utility,24723.52,Pending,10:59:00
TXN00003696,ACC0000407,09-Jun-23,Debit,2318.34,Mobile,Utility,693.77,Completed,17:45:00
TXN00003163,ACC0000414,17-Sep-24,Debit,13968.39,Mobile,Utility,21589.75,Pending,19:51:00
TXN00001623,ACC0000418,26-Aug-23,Debit,37.67,Mobile,Utility,3417.09,Pending,09:10:00
TXN00002437,ACC0000420,24-Jan-24,Debit,6050.36,Mobile,Utility,26658.01,Pending,12:05:00
TXN00000188,ACC0000423,29-Dec-22,Debit,951.59,Mobile,Utility,45.53,Pending,18:57:00
TXN00000992,ACC0000433,03-May-24,Debit,3345.32,Mobile,Utility,15086.64,Pending,13:36:00
TXN00002716,ACC0000455,10-Dec-22,Debit,2280.22,Mobile,Utility,16219.63,Failed,10:37:00
TXN00000628,ACC0000455,24-Jul-23,Debit,8524,Mobile,Utility,7695.63,Completed,10:10:00
TXN00001403,ACC0000455,20-May-24,Debit,2202.33,Mobile,Utility,7695.63,Failed,15:53:00
TXN00001605,ACC0000456,01-Dec-22,Debit,13274.17,Mobile,Utility,22756.43,Completed,11:50:00
TXN00003189,ACC0000456,29-Oct-23,Debit,10817.61,Mobile,Utility,12639.73,Completed,17:00:00
TXN00000374,ACC0000458,23-Sep-24,Debit,1413.66,Mobile,Utility,2762.56,Pending,11:33:00
TXN00003597,ACC0000460,24-Aug-24,Debit,12492.82,Mobile,Utility,12426.32,Pending,12:22:00
TXN00000581,ACC0000466,01-Oct-24,Debit,11751.82,Mobile,Utility,543.79,Pending,19:03:00
TXN00003011,ACC0000477,21-Jul-22,Debit,12197.48,Mobile,Utility,4353,Pending,08:17:00
TXN00001068,ACC0000492,07-Dec-23,Debit,4766.1,Mobile,Utility,21606.64,Completed,21:16:00
TXN00000832,ACC0000498,29-Oct-22,Debit,4772.61,Mobile,Utility,48874.42,Failed,18:35:00
TXN00001358,ACC0000498,11-Mar-23,Debit,1890.4,Mobile,Utility,48874.42,Failed,17:14:00
TXN00003390,ACC0000502,11-Apr-23,Debit,5991.23,Mobile,Utility,33112.83,Pending,21:24:00
TXN00001719,ACC0000507,28-Sep-24,Debit,5653.79,Mobile,Utility,170.73,Failed,17:06:00
TXN00004539,ACC0000512,25-Jun-24,Debit,12262.62,Mobile,Utility,10544.28,Failed,14:58:00
TXN00001858,ACC0000529,08-Mar-24,Debit,1779.42,Mobile,Utility,3502.41,Completed,19:33:00
TXN00001847,ACC0000532,17-Nov-22,Debit,8862.65,Mobile,Utility,64213.88,Completed,22:46:00
TXN00004921,ACC0000534,23-Feb-24,Debit,1208.39,Mobile,Utility,18697.08,Failed,18:20:00
TXN00001226,ACC0000560,06-Mar-23,Debit,3088.13,Mobile,Utility,14275.7,Pending,10:01:00
TXN00001417,ACC0000569,27-Dec-22,Debit,9558.81,Mobile,Utility,54407.61,Failed,09:47:00
TXN00001256,ACC0000574,23-Jul-23,Debit,11048.03,Mobile,Utility,6991.83,Pending,20:28:00
TXN00000086,ACC0000578,31-May-22,Debit,7455.98,Mobile,Utility,27692.8,Completed,21:09:00
TXN00000705,ACC0000585,08-Sep-22,Debit,3005.94,Mobile,Utility,19195.96,Pending,14:32:00
TXN00001179,ACC0000586,05-Dec-24,Debit,11616.59,Mobile,Utility,4414.2,Pending,12:32:00
TXN00003805,ACC0000589,26-Dec-23,Debit,1017.27,Mobile,Utility,9377.72,Pending,21:24:00
TXN00003053,ACC0000598,08-Feb-24,Debit,6403.95,Mobile,Utility,869.77,Failed,16:30:00
TXN00002116,ACC0000607,06-Dec-23,Debit,10141.96,Mobile,Utility,8974.17,Failed,19:12:00
TXN00004522,ACC0000614,20-May-24,Debit,12800.73,Mobile,Utility,31109.72,Completed,17:34:00
TXN00004229,ACC0000616,21-Jun-23,Debit,11855.66,Mobile,Utility,25756.74,Failed,18:47:00
TXN00001262,ACC0000620,17-Mar-24,Debit,8608.07,Mobile,Utility,33790.96,Completed,22:35:00
TXN00002678,ACC0000622,01-Nov-24,Debit,10706.7,Mobile,Utility,52364.11,Failed,22:05:00
TXN00001112,ACC0000624,15-Aug-23,Debit,2510.64,Mobile,Utility,10624.88,Completed,12:27:00
TXN00002659,ACC0000624,27-May-24,Debit,8793.33,Mobile,Utility,16927.78,Failed,18:32:00
TXN00004058,ACC0000627,07-Mar-24,Debit,2467.85,Mobile,Utility,3625.98,Failed,12:19:00
TXN00004456,ACC0000629,15-Nov-22,Debit,6195.53,Mobile,Utility,38851.23,Failed,19:50:00
TXN00002105,ACC0000633,11-Jan-24,Debit,5196.15,Mobile,Utility,44280.96,Pending,14:40:00
TXN00000049,ACC0000637,31-Jan-24,Debit,4013.08,Mobile,Utility,53078.1,Pending,15:30:00
TXN00001834,ACC0000652,15-May-22,Debit,5652.91,Mobile,Utility,39298.56,Completed,20:22:00
TXN00000958,ACC0000660,18-Nov-22,Debit,2959.26,Mobile,Utility,2434.71,Pending,21:24:00
TXN00003599,ACC0000663,29-Jul-24,Debit,10884.4,Mobile,Utility,1472.8,Pending,21:56:00
TXN00004424,ACC0000664,14-Jul-24,Debit,7006.95,Mobile,Utility,61636.78,Failed,12:48:00
TXN00002088,ACC0000676,25-Jun-23,Debit,14987.6,Mobile,Utility,925.72,Pending,08:14:00
TXN00000905,ACC0000685,20-Dec-23,Debit,6401.38,Mobile,Utility,34871.82,Completed,11:39:00
TXN00000120,ACC0000697,14-Aug-23,Debit,9281.89,Mobile,Utility,48809.91,Pending,08:09:00
TXN00003206,ACC0000698,27-May-22,Debit,5506.56,Mobile,Utility,5852.05,Completed,11:15:00
TXN00003215,ACC0000698,03-Jan-24,Debit,389.57,Mobile,Utility,182.28,Completed,17:58:00
TXN00002179,ACC0000699,11-Apr-22,Debit,6272.49,Mobile,Utility,1092.51,Completed,13:31:00
TXN00004031,ACC0000009,03-Jan-22,Debit,5233.96,Mobile,Rent,21849.55,Pending,09:56:00
TXN00002978,ACC0000012,23-Aug-22,Debit,8868.85,Mobile,Rent,10749.04,Pending,11:12:00
TXN00002612,ACC0000019,14-Jul-24,Debit,6091.32,Mobile,Rent,35927.48,Failed,11:35:00
TXN00003982,ACC0000022,25-May-24,Debit,1263.12,Mobile,Rent,50019.9,Pending,12:46:00
TXN00003618,ACC0000027,19-Apr-22,Debit,11730.51,Mobile,Rent,5963.79,Failed,19:20:00
TXN00001167,ACC0000027,27-Sep-23,Debit,11403.78,Mobile,Rent,10785.6,Pending,12:24:00
TXN00000507,ACC0000029,13-Sep-23,Debit,2362.86,Mobile,Rent,22441.01,Pending,08:07:00
TXN00000371,ACC0000032,28-Dec-23,Debit,9746.4,Mobile,Rent,54457.23,Completed,10:45:00
TXN00002557,ACC0000051,09-Sep-24,Debit,3035.33,Mobile,Rent,11754.66,Failed,16:14:00
TXN00000761,ACC0000085,07-Feb-24,Debit,9230.56,Mobile,Rent,2190.66,Failed,10:02:00
TXN00004488,ACC0000091,31-Jan-23,Debit,7042.77,Mobile,Rent,18163.21,Pending,08:26:00
TXN00001415,ACC0000109,03-Oct-22,Debit,1332.55,Mobile,Rent,1674.96,Completed,22:57:00
TXN00003684,ACC0000120,17-Nov-24,Debit,2684.76,Mobile,Rent,4947.26,Pending,08:26:00
TXN00004485,ACC0000130,16-Dec-23,Debit,1267.82,Mobile,Rent,28777.21,Pending,10:39:00
TXN00003472,ACC0000134,23-Jun-23,Debit,3813.77,Mobile,Rent,346.44,Completed,11:54:00
TXN00001023,ACC0000144,11-Jan-22,Debit,3904.55,Mobile,Rent,25328.74,Pending,09:56:00
TXN00002365,ACC0000145,26-Jun-22,Debit,14345.92,Mobile,Rent,7562.49,Pending,10:18:00
TXN00004000,ACC0000151,23-Aug-24,Debit,2363.31,Mobile,Rent,242.23,Completed,14:55:00
TXN00002982,ACC0000158,29-Jan-22,Debit,11655.77,Mobile,Rent,570.35,Failed,13:53:00
TXN00004857,ACC0000174,15-Oct-24,Debit,3626.92,Mobile,Rent,1313.53,Failed,15:52:00
TXN00004841,ACC0000175,26-Oct-23,Debit,11743.92,Mobile,Rent,15412.98,Completed,11:14:00
TXN00000081,ACC0000177,04-Oct-23,Debit,10305.53,Mobile,Rent,725.8,Failed,21:09:00
TXN00003793,ACC0000188,24-Jun-24,Debit,4761.71,Mobile,Rent,36836.07,Pending,18:44:00
TXN00001003,ACC0000188,07-Aug-24,Debit,14941.59,Mobile,Rent,36836.07,Failed,12:25:00
TXN00004228,ACC0000192,18-Oct-23,Debit,400.22,Mobile,Rent,592.79,Completed,16:16:00
TXN00004434,ACC0000195,19-Jul-24,Debit,1596.77,Mobile,Rent,6351.14,Failed,18:34:00
TXN00003911,ACC0000207,10-Feb-24,Debit,289.02,Mobile,Rent,36660.09,Failed,16:06:00
TXN00000237,ACC0000208,07-Feb-23,Debit,13182.99,Mobile,Rent,4088.87,Failed,21:18:00
TXN00003802,ACC0000210,20-Nov-22,Debit,2533.25,Mobile,Rent,75179.05,Completed,10:34:00
TXN00003950,ACC0000214,22-Sep-22,Debit,3249.89,Mobile,Rent,4010.44,Failed,16:18:00
TXN00001946,ACC0000226,04-Jun-22,Debit,1470.18,Mobile,Rent,16261.7,Completed,21:38:00
TXN00002381,ACC0000231,07-Oct-22,Debit,3604.74,Mobile,Rent,4134.47,Completed,09:53:00
TXN00000939,ACC0000249,20-Mar-24,Debit,3561.54,Mobile,Rent,1350.69,Pending,22:48:00
TXN00002122,ACC0000253,29-Nov-23,Debit,255.64,Mobile,Rent,71822.32,Failed,19:29:00
TXN00002469,ACC0000263,15-Feb-24,Debit,2540.41,Mobile,Rent,15428.78,Completed,09:54:00
TXN00003764,ACC0000272,23-Aug-23,Debit,14496.03,Mobile,Rent,25345.02,Pending,18:05:00
TXN00003328,ACC0000278,24-Dec-22,Debit,7117.35,Mobile,Rent,4783.68,Failed,12:35:00
TXN00001332,ACC0000281,09-Dec-17,Debit,371.98,Mobile,Rent,13286.93,Completed,10:35:00
TXN00003769,ACC0000285,04-Aug-22,Debit,10207.93,Mobile,Rent,42994.17,Completed,15:48:00
TXN00001081,ACC0000302,03-May-24,Debit,10693.77,Mobile,Rent,54464.36,Completed,11:12:00
TXN00001773,ACC0000320,20-Aug-22,Debit,11239.28,Mobile,Rent,7214.29,Pending,18:18:00
TXN00001260,ACC0000325,23-Dec-24,Debit,10553.32,Mobile,Rent,23789.59,Completed,13:35:00
TXN00001166,ACC0000326,10-Dec-24,Debit,13768.15,Mobile,Rent,36046.96,Completed,12:27:00
TXN00000692,ACC0000329,20-Nov-23,Debit,8636.02,Mobile,Rent,20100.89,Failed,20:33:00
TXN00004569,ACC0000330,31-Jan-24,Debit,1463.64,Mobile,Rent,15096.15,Completed,18:43:00
TXN00001465,ACC0000334,13-Sep-23,Debit,9098.25,Mobile,Rent,65996.7,Completed,10:49:00
TXN00004045,ACC0000349,24-Dec-24,Debit,7754.35,Mobile,Rent,2882.62,Pending,22:53:00
TXN00003649,ACC0000354,27-Oct-23,Debit,14078.01,Mobile,Rent,30609.17,Pending,14:46:00
TXN00004669,ACC0000359,12-Jul-24,Debit,5072.28,Mobile,Rent,20395.07,Completed,17:20:00
TXN00002927,ACC0000359,15-Dec-24,Debit,2278.58,Mobile,Rent,20395.07,Pending,12:58:00
TXN00002769,ACC0000366,12-Feb-23,Debit,7551.95,Mobile,Rent,45176.06,Completed,22:11:00
TXN00003563,ACC0000366,08-Feb-24,Debit,3299.23,Mobile,Rent,37701.52,Failed,16:38:00
TXN00001580,ACC0000367,27-Aug-24,Debit,13898.68,Mobile,Rent,27457.43,Failed,14:29:00
TXN00002289,ACC0000369,25-Feb-24,Debit,6105.88,Mobile,Rent,26384.77,Completed,10:09:00
TXN00001419,ACC0000371,23-Jun-24,Debit,7691.91,Mobile,Rent,11570.81,Pending,16:54:00
TXN00001551,ACC0000375,20-Dec-24,Debit,13323.75,Mobile,Rent,34684.2,Failed,18:30:00
TXN00004059,ACC0000377,16-Jan-23,Debit,107.02,Mobile,Rent,86.42,Completed,15:06:00
TXN00001485,ACC0000380,21-May-23,Debit,1001.78,Mobile,Rent,16362.63,Completed,17:48:00
TXN00003494,ACC0000383,12-Jul-23,Debit,4647.48,Mobile,Rent,9908.48,Pending,20:32:00
TXN00002152,ACC0000386,10-Feb-22,Debit,3246.03,Mobile,Rent,0,Completed,15:38:00
TXN00003898,ACC0000386,26-Dec-22,Debit,9091.36,Mobile,Rent,0,Failed,21:05:00
TXN00002271,ACC0000394,10-Jan-24,Debit,9536.35,Mobile,Rent,65249.29,Pending,08:12:00
TXN00004859,ACC0000434,18-Aug-23,Debit,13656.76,Mobile,Rent,9020.67,Failed,20:45:00
TXN00000123,ACC0000434,09-Mar-24,Debit,5508.44,Mobile,Rent,2050.76,Pending,21:38:00
TXN00001024,ACC0000436,12-Aug-22,Debit,476.95,Mobile,Rent,15935.05,Pending,11:46:00
TXN00004051,ACC0000441,19-Sep-23,Debit,11076.74,Mobile,Rent,36254.86,Pending,15:03:00
TXN00001745,ACC0000444,26-Aug-23,Debit,5083.76,Mobile,Rent,5490.48,Pending,22:45:00
TXN00000777,ACC0000449,05-Nov-24,Debit,576.61,Mobile,Rent,33785.75,Pending,17:09:00
TXN00003735,ACC0000455,14-Feb-24,Debit,12870.77,Mobile,Rent,7695.63,Failed,20:20:00
TXN00000285,ACC0000475,31-Aug-23,Debit,702.26,Mobile,Rent,8756.12,Pending,12:57:00
TXN00003500,ACC0000487,14-Apr-22,Debit,7658.54,Mobile,Rent,4466.48,Failed,10:48:00
TXN00001698,ACC0000494,25-Jan-24,Debit,11285.63,Mobile,Rent,0,Completed,11:31:00
TXN00000018,ACC0000504,24-Aug-24,Debit,406.43,Mobile,Rent,5437.61,Completed,17:11:00
TXN00001427,ACC0000509,05-Nov-23,Debit,5002.83,Mobile,Rent,34242.04,Pending,10:19:00
TXN00002232,ACC0000511,01-May-23,Debit,6053.24,Mobile,Rent,5070.4,Completed,13:42:00
TXN00002127,ACC0000518,25-Aug-23,Debit,12226.21,Mobile,Rent,321.59,Completed,10:24:00
TXN00001215,ACC0000518,15-Nov-23,Debit,2379.32,Mobile,Rent,5,Failed,17:43:00
TXN00002560,ACC0000541,30-Oct-23,Debit,3441.89,Mobile,Rent,8770.52,Failed,09:03:00
TXN00004643,ACC0000546,17-May-24,Debit,10955.68,Mobile,Rent,42905.66,Completed,19:02:00
TXN00002865,ACC0000549,25-Jan-23,Debit,10035.86,Mobile,Rent,26507.05,Failed,10:18:00
TXN00001477,ACC0000568,05-Jul-23,Debit,12388.23,Mobile,Rent,27021.01,Failed,12:02:00
TXN00000471,ACC0000587,20-Sep-23,Debit,8634.3,Mobile,Rent,13929.62,Failed,21:01:00
TXN00000708,ACC0000589,05-Aug-22,Debit,5579.41,Mobile,Rent,10065.39,Pending,09:28:00
TXN00003857,ACC0000602,09-Nov-22,Debit,3746.26,Mobile,Rent,22195.98,Pending,17:54:00
TXN00003178,ACC0000605,13-Jul-24,Debit,11287.39,Mobile,Rent,39076.78,Failed,22:10:00
TXN00003312,ACC0000617,24-Sep-22,Debit,5607.65,Mobile,Rent,40962.04,Pending,13:56:00
TXN00000487,ACC0000633,04-Apr-22,Debit,4007.04,Mobile,Rent,44280.96,Completed,19:37:00
TXN00004448,ACC0000634,11-Dec-24,Debit,6427.51,Mobile,Rent,33125.87,Completed,08:22:00
TXN00003639,ACC0000635,26-Feb-24,Debit,8491.49,Mobile,Rent,18376.83,Failed,09:17:00
TXN00001041,ACC0000636,21-Jul-23,Debit,1164.15,Mobile,Rent,30525.48,Pending,14:17:00
TXN00004482,ACC0000653,09-Feb-24,Debit,8599.61,Mobile,Rent,2257.24,Failed,18:57:00
TXN00000202,ACC0000657,09-Mar-22,Debit,11483.9,Mobile,Rent,36167.64,Failed,10:52:00
TXN00004549,ACC0000671,29-Jun-24,Debit,701.96,Mobile,Rent,291.98,Completed,21:35:00
TXN00003577,ACC0000671,13-Sep-24,Debit,222.61,Mobile,Rent,69.37,Completed,16:42:00
TXN00001422,ACC0000694,10-Oct-22,Debit,12224.28,Mobile,Rent,19717.7,Pending,11:58:00
TXN00000706,ACC0000007,13-Dec-23,Debit,4515.62,Mobile,Purchase,11165.25,Pending,15:53:00
TXN00003517,ACC0000009,25-Dec-23,Debit,7337.01,Mobile,Purchase,4678.9,Completed,15:13:00
TXN00002002,ACC0000012,04-Jan-22,Debit,4428.29,Mobile,Purchase,10749.04,Failed,19:10:00
TXN00003414,ACC0000013,25-Nov-24,Debit,3188.47,Mobile,Purchase,17199.09,Pending,09:06:00
TXN00004276,ACC0000031,24-Nov-24,Debit,12685.4,Mobile,Purchase,3063.18,Completed,21:13:00
TXN00001370,ACC0000032,09-Jun-24,Debit,9182.39,Mobile,Purchase,73728.15,Failed,17:43:00
TXN00001288,ACC0000042,27-Dec-23,Debit,14404.74,Mobile,Purchase,9727.28,Pending,11:30:00
TXN00003302,ACC0000051,19-Mar-24,Debit,5730.66,Mobile,Purchase,11754.66,Pending,16:42:00
TXN00002988,ACC0000061,19-May-23,Debit,3478.99,Mobile,Purchase,2731.54,Completed,15:10:00
TXN00002141,ACC0000078,14-Mar-22,Debit,459.2,Mobile,Purchase,20970.62,Completed,09:33:00
TXN00003288,ACC0000089,28-Feb-22,Debit,3762.55,Mobile,Purchase,692.18,Completed,15:35:00
TXN00004096,ACC0000095,20-Oct-24,Debit,8505.07,Mobile,Purchase,13693.24,Pending,14:26:00
TXN00001873,ACC0000125,27-Mar-23,Debit,2105.87,Mobile,Purchase,30881.18,Pending,09:16:00
TXN00002874,ACC0000143,03-Sep-24,Debit,11651.27,Mobile,Purchase,8503.07,Failed,16:10:00
TXN00002067,ACC0000144,12-Jan-24,Debit,7773.87,Mobile,Purchase,15581.18,Pending,18:09:00
TXN00000813,ACC0000146,27-May-24,Debit,10107.79,Mobile,Purchase,55277.15,Pending,18:55:00
TXN00002791,ACC0000152,07-Sep-23,Debit,7754.88,Mobile,Purchase,79048.52,Failed,14:27:00
TXN00002233,ACC0000155,10-Nov-24,Debit,5893.25,Mobile,Purchase,66373.42,Failed,10:14:00
TXN00000896,ACC0000177,04-Oct-24,Debit,62.4,Mobile,Purchase,42.26,Completed,13:12:00
TXN00005000,ACC0000182,25-Aug-22,Debit,2121.42,Mobile,Purchase,45084.62,Pending,19:12:00
TXN00002579,ACC0000218,02-Mar-23,Debit,11109.49,Mobile,Purchase,9002.56,Completed,08:53:00
TXN00001396,ACC0000219,09-Feb-23,Debit,6862.45,Mobile,Purchase,39986.8,Failed,19:07:00
TXN00001816,ACC0000224,14-Aug-22,Debit,7057.19,Mobile,Purchase,1108.96,Pending,14:27:00
TXN00000921,ACC0000248,29-Mar-24,Debit,5668.05,Mobile,Purchase,4762.67,Failed,10:01:00
TXN00003487,ACC0000248,07-Nov-24,Debit,730.05,Mobile,Purchase,4032.62,Completed,10:11:00
TXN00000113,ACC0000252,07-Mar-23,Debit,12630.71,Mobile,Purchase,3514.53,Pending,09:50:00
TXN00004571,ACC0000254,24-Dec-22,Debit,5527.02,Mobile,Purchase,26560.36,Pending,12:59:00
TXN00001197,ACC0000255,26-Oct-22,Debit,2986.56,Mobile,Purchase,12523.79,Completed,12:44:00
TXN00000844,ACC0000257,03-Nov-22,Debit,2900.93,Mobile,Purchase,3758.08,Completed,08:30:00
TXN00002868,ACC0000257,06-Jul-23,Debit,2818.66,Mobile,Purchase,939.42,Completed,13:33:00
TXN00004350,ACC0000263,27-Nov-24,Debit,10209.86,Mobile,Purchase,495.6,Pending,14:09:00
TXN00004442,ACC0000272,21-Jan-24,Debit,2670.35,Mobile,Purchase,20746.67,Completed,15:54:00
TXN00001169,ACC0000280,22-Jun-24,Debit,2502.2,Mobile,Purchase,1971.1,Completed,10:28:00
TXN00004800,ACC0000281,03-Dec-17,Debit,7418.32,Mobile,Purchase,13658.91,Failed,21:41:00
TXN00001960,ACC0000282,24-Mar-24,Debit,3534.67,Mobile,Purchase,5,Failed,18:05:00
TXN00004497,ACC0000313,14-Mar-22,Debit,6289.26,Mobile,Purchase,2861.57,Pending,21:01:00
TXN00002908,ACC0000338,29-Nov-23,Debit,11797.18,Mobile,Purchase,15.14,Failed,08:05:00
TXN00003469,ACC0000343,07-Feb-24,Debit,6617.81,Mobile,Purchase,21911.63,Pending,18:06:00
TXN00004816,ACC0000344,13-Oct-22,Debit,7080.27,Mobile,Purchase,28337.95,Failed,09:50:00
TXN00000132,ACC0000361,01-May-22,Debit,5997.54,Mobile,Purchase,591.51,Pending,11:23:00
TXN00000218,ACC0000370,11-Apr-22,Debit,6690.61,Mobile,Purchase,42417.5,Completed,13:37:00
TXN00002518,ACC0000378,31-Jul-22,Debit,5921.9,Mobile,Purchase,12835.63,Failed,09:33:00
TXN00000975,ACC0000380,15-Mar-23,Debit,12018.25,Mobile,Purchase,17364.41,Pending,20:00:00
TXN00002297,ACC0000381,29-Aug-22,Debit,12242.99,Mobile,Purchase,58842.12,Completed,18:44:00
TXN00003128,ACC0000396,28-Jun-23,Debit,1318.25,Mobile,Purchase,40794.35,Pending,12:35:00
TXN00000572,ACC0000400,14-Nov-23,Debit,5108.04,Mobile,Purchase,15657.97,Completed,11:39:00
TXN00000475,ACC0000407,15-Oct-23,Debit,9648.87,Mobile,Purchase,5293.79,Completed,17:59:00
TXN00001340,ACC0000409,25-Apr-24,Debit,1492.17,Mobile,Purchase,919.15,Failed,09:10:00
TXN00002683,ACC0000419,09-Feb-22,Debit,1306.65,Mobile,Purchase,8925.51,Completed,11:42:00
TXN00001624,ACC0000426,29-Aug-24,Debit,10286.92,Mobile,Purchase,108.02,Pending,20:47:00
TXN00003450,ACC0000439,02-Jan-24,Debit,2994.26,Mobile,Purchase,3925.52,Completed,10:02:00
TXN00001838,ACC0000442,14-Nov-23,Debit,6221.25,Mobile,Purchase,98.86,Failed,22:11:00
TXN00003527,ACC0000444,17-Nov-23,Debit,8458.79,Mobile,Purchase,5490.48,Pending,17:53:00
TXN00004554,ACC0000450,21-Sep-24,Debit,12007.18,Mobile,Purchase,25045.94,Completed,22:26:00
TXN00004577,ACC0000463,06-Mar-22,Debit,6407.89,Mobile,Purchase,4304.25,Pending,10:46:00
TXN00004308,ACC0000465,19-Aug-24,Debit,489.69,Mobile,Purchase,218.67,Completed,21:38:00
TXN00002724,ACC0000465,07-Nov-24,Debit,4010.97,Mobile,Purchase,1808.35,Completed,16:54:00
TXN00001319,ACC0000466,11-Dec-22,Debit,10638.59,Mobile,Purchase,2121.9,Failed,16:37:00
TXN00003262,ACC0000493,01-Jan-23,Debit,5546.42,Mobile,Purchase,53328.18,Pending,14:22:00
TXN00000274,ACC0000495,04-Dec-22,Debit,9440.15,Mobile,Purchase,6359.31,Completed,09:51:00
TXN00000028,ACC0000506,28-Aug-24,Debit,8304.74,Mobile,Purchase,50625.51,Completed,19:56:00
TXN00000676,ACC0000512,12-Mar-22,Debit,6180.4,Mobile,Purchase,8242.29,Completed,12:28:00
TXN00001706,ACC0000529,10-Nov-23,Debit,11870.36,Mobile,Purchase,5281.83,Failed,18:31:00
TXN00000694,ACC0000534,09-Nov-23,Debit,3322.38,Mobile,Purchase,14012.28,Completed,13:42:00
TXN00002374,ACC0000567,13-Jun-24,Debit,4575.53,Mobile,Purchase,37777.15,Pending,15:56:00
TXN00002008,ACC0000579,08-Jun-23,Debit,10533.99,Mobile,Purchase,14560.2,Failed,12:47:00
TXN00001879,ACC0000580,08-Jun-24,Debit,9274.91,Mobile,Purchase,412.07,Failed,22:06:00
TXN00000970,ACC0000598,24-Feb-23,Debit,6311.72,Mobile,Purchase,2688.2,Pending,15:49:00
TXN00000246,ACC0000606,02-Apr-23,Debit,11420.34,Mobile,Purchase,14940.25,Pending,17:18:00
TXN00004963,ACC0000609,30-Nov-24,Debit,2999.94,Mobile,Purchase,20444.61,Completed,15:37:00
TXN00001900,ACC0000614,12-Jun-24,Debit,10321.11,Mobile,Purchase,24646.98,Completed,21:39:00
TXN00002083,ACC0000626,21-Jul-23,Debit,11819.16,Mobile,Purchase,16164.25,Pending,13:04:00
TXN00001643,ACC0000630,14-Feb-23,Debit,3576.33,Mobile,Purchase,12548.51,Pending,10:36:00
TXN00003528,ACC0000633,20-Oct-23,Debit,3224.36,Mobile,Purchase,44280.96,Failed,09:24:00
TXN00002326,ACC0000642,22-Apr-23,Debit,4972.21,Mobile,Purchase,8856.38,Pending,08:36:00
TXN00002395,ACC0000648,04-Dec-22,Debit,193.56,Mobile,Purchase,46535.51,Pending,17:49:00
TXN00004983,ACC0000656,22-Jun-23,Debit,5719.53,Mobile,Purchase,7042.87,Completed,15:34:00
TXN00000625,ACC0000661,14-Oct-22,Debit,13483.29,Mobile,Purchase,28654.44,Completed,15:05:00
TXN00003955,ACC0000674,07-Apr-22,Debit,11867.23,Mobile,Purchase,4464.3,Pending,22:05:00
TXN00004971,ACC0000678,10-Oct-24,Debit,3593.33,Mobile,Purchase,59292.46,Failed,16:32:00
TXN00000591,ACC0000698,11-Feb-22,Debit,2847.22,Mobile,Purchase,14684.35,Pending,22:36:00
TXN00001268,ACC0000698,07-Apr-22,Debit,3325.74,Mobile,Purchase,11358.61,Completed,17:45:00
TXN00003145,ACC0000698,17-Feb-24,Debit,10243.24,Mobile,Purchase,182.28,Pending,11:22:00
TXN00000128,ACC0000009,04-Jul-24,Transfer,3837.21,Mobile,Investment,4678.9,Failed,10:07:00
TXN00004636,ACC0000056,29-Apr-23,Transfer,9001.62,Mobile,Investment,31246.49,Completed,18:44:00
TXN00000137,ACC0000061,15-Mar-24,Transfer,6157.88,Mobile,Investment,2731.54,Failed,09:03:00
TXN00000680,ACC0000093,12-Jul-23,Transfer,7335.53,Mobile,Investment,53256.58,Completed,12:07:00
TXN00000080,ACC0000095,11-Apr-23,Transfer,2852.74,Mobile,Investment,13693.24,Failed,22:43:00
TXN00000919,ACC0000114,03-Jun-24,Transfer,9171.35,Mobile,Investment,2766.07,Completed,17:35:00
TXN00004416,ACC0000118,20-Jun-23,Transfer,2214.64,Mobile,Investment,7574.33,Failed,09:26:00
TXN00002186,ACC0000148,28-Jul-23,Transfer,7750.65,Mobile,Investment,64621.4,Failed,15:27:00
TXN00004249,ACC0000150,19-Aug-23,Transfer,2542.88,Mobile,Investment,14513.06,Failed,16:14:00
TXN00000079,ACC0000152,07-Mar-24,Transfer,3399.84,Mobile,Investment,75648.68,Completed,16:05:00
TXN00002189,ACC0000169,02-Apr-24,Transfer,14370.61,Mobile,Investment,24092.21,Failed,17:14:00
TXN00001430,ACC0000170,04-Sep-23,Transfer,4746.28,Mobile,Investment,3702.12,Failed,17:18:00
TXN00003237,ACC0000171,11-Aug-24,Transfer,11080.63,Mobile,Investment,13839.58,Pending,20:53:00
TXN00003327,ACC0000175,03-Aug-23,Transfer,1714.99,Mobile,Investment,27156.9,Completed,19:51:00
TXN00000563,ACC0000191,24-Feb-24,Transfer,6879.09,Mobile,Investment,33097.02,Failed,18:22:00
TXN00000145,ACC0000206,22-Jun-22,Transfer,4256.28,Mobile,Investment,19311.06,Completed,19:33:00
TXN00002044,ACC0000230,25-Mar-22,Transfer,1944.95,Mobile,Investment,61338.25,Completed,10:10:00
TXN00003542,ACC0000230,20-Apr-22,Transfer,13973.34,Mobile,Investment,61338.25,Failed,11:30:00
TXN00002107,ACC0000232,04-Oct-22,Transfer,8907.11,Mobile,Investment,2939.29,Pending,22:42:00
TXN00002783,ACC0000236,16-Aug-24,Transfer,4165.74,Mobile,Investment,11909.92,Completed,18:57:00
TXN00001671,ACC0000237,27-Jan-24,Transfer,10934.66,Mobile,Investment,66213.07,Pending,17:31:00
TXN00001908,ACC0000245,27-Mar-22,Transfer,13609.15,Mobile,Investment,6288.71,Failed,21:56:00
TXN00002424,ACC0000254,01-Nov-23,Transfer,6870.24,Mobile,Investment,22746.26,Completed,22:08:00
TXN00004567,ACC0000264,26-Aug-22,Transfer,12108.77,Mobile,Investment,55809.46,Failed,13:04:00
TXN00000167,ACC0000264,29-Sep-22,Transfer,10243.83,Mobile,Investment,45565.63,Completed,22:30:00
TXN00004777,ACC0000277,11-Jun-24,Transfer,7668.1,Mobile,Investment,22113.86,Failed,19:07:00
TXN00000693,ACC0000290,02-Aug-23,Transfer,6626.12,Mobile,Investment,1111.37,Failed,09:59:00
TXN00001472,ACC0000312,17-Sep-24,Transfer,170.45,Mobile,Investment,2740.65,Pending,10:13:00
TXN00000321,ACC0000337,12-Nov-23,Transfer,7597.39,Mobile,Investment,39804.26,Pending,13:55:00
TXN00001801,ACC0000340,14-Jul-24,Transfer,12620.47,Mobile,Investment,15670.89,Pending,09:19:00
TXN00004262,ACC0000352,06-Jan-23,Transfer,691.17,Mobile,Investment,31495.77,Pending,13:39:00
TXN00001599,ACC0000373,28-Dec-23,Transfer,2518.05,Mobile,Investment,46180.34,Completed,21:51:00
TXN00003561,ACC0000379,04-Feb-24,Transfer,2897.91,Mobile,Investment,19640.69,Failed,21:25:00
TXN00002807,ACC0000381,06-Jan-23,Transfer,14411.02,Mobile,Investment,44431.1,Completed,21:21:00
TXN00001656,ACC0000401,23-Dec-23,Transfer,5714.11,Mobile,Investment,0,Failed,11:18:00
TXN00000216,ACC0000416,18-Mar-24,Transfer,11662.58,Mobile,Investment,131.23,Pending,21:21:00
TXN00003398,ACC0000417,03-Mar-23,Transfer,13673.12,Mobile,Investment,6589.43,Failed,17:32:00
TXN00002202,ACC0000421,29-Jul-23,Transfer,12509.15,Mobile,Investment,9960.14,Completed,09:20:00
TXN00002264,ACC0000422,19-Oct-23,Transfer,8825.89,Mobile,Investment,39329.43,Failed,11:15:00
TXN00001853,ACC0000422,10-Jan-24,Transfer,12601.14,Mobile,Investment,39329.43,Pending,11:21:00
TXN00001025,ACC0000422,12-Jun-24,Transfer,12332.81,Mobile,Investment,43087.26,Pending,12:41:00
TXN00001817,ACC0000425,11-May-24,Transfer,5780.66,Mobile,Investment,4247.74,Completed,21:12:00
TXN00004582,ACC0000446,03-Mar-24,Transfer,7309.09,Mobile,Investment,18760.44,Failed,19:58:00
TXN00004209,ACC0000456,16-Sep-24,Transfer,14515.13,Mobile,Investment,12639.73,Pending,22:42:00
TXN00004069,ACC0000479,07-Sep-23,Transfer,14469.34,Mobile,Investment,30481.14,Completed,10:19:00
TXN00002086,ACC0000501,05-Mar-24,Transfer,12714.15,Mobile,Investment,45848.53,Pending,15:07:00
TXN00000607,ACC0000507,24-Aug-24,Transfer,5861.51,Mobile,Investment,170.73,Pending,20:03:00
TXN00004836,ACC0000508,08-Sep-22,Transfer,10883.69,Mobile,Investment,29651.82,Completed,11:14:00
TXN00004849,ACC0000517,13-Feb-24,Transfer,339.82,Mobile,Investment,41804.59,Pending,15:52:00
TXN00001640,ACC0000524,19-Feb-24,Transfer,370.58,Mobile,Investment,30151.48,Pending,10:49:00
TXN00004062,ACC0000537,09-Jun-22,Transfer,12984.07,Mobile,Investment,10938.76,Completed,13:20:00
TXN00004822,ACC0000552,05-Aug-23,Transfer,13971.63,Mobile,Investment,32525.6,Completed,14:52:00
TXN00001067,ACC0000585,18-Jan-24,Transfer,11043.49,Mobile,Investment,6200.08,Completed,08:50:00
TXN00000969,ACC0000588,30-Aug-23,Transfer,1467.62,Mobile,Investment,16165.27,Completed,11:27:00
TXN00000257,ACC0000592,27-Feb-23,Transfer,6540.98,Mobile,Investment,26420.44,Pending,21:36:00
TXN00001637,ACC0000594,09-Mar-23,Transfer,13453.86,Mobile,Investment,34403.72,Completed,14:07:00
TXN00003412,ACC0000594,05-Aug-23,Transfer,1252.75,Mobile,Investment,34403.72,Failed,21:44:00
TXN00001508,ACC0000616,22-Jul-24,Transfer,3842.94,Mobile,Investment,9100.87,Completed,13:08:00
TXN00000949,ACC0000626,04-Sep-24,Transfer,4242.4,Mobile,Investment,16164.25,Pending,14:43:00
TXN00000290,ACC0000637,31-May-24,Transfer,12085.5,Mobile,Investment,46616.78,Completed,12:32:00
TXN00001389,ACC0000639,30-Dec-22,Transfer,2260.77,Mobile,Investment,14375.61,Pending,09:45:00
TXN00004267,ACC0000642,19-Sep-23,Transfer,4333.11,Mobile,Investment,8856.38,Failed,11:35:00
TXN00004426,ACC0000645,12-Apr-23,Transfer,7278.34,Mobile,Investment,4258.57,Failed,15:07:00
TXN00000199,ACC0000653,23-Apr-23,Transfer,365.73,Mobile,Investment,2257.24,Failed,15:11:00
TXN00003683,ACC0000660,02-Dec-24,Transfer,13275.92,Mobile,Investment,2434.71,Failed,08:11:00
TXN00003698,ACC0000662,08-Nov-24,Transfer,1705.47,Mobile,Investment,1958.56,Pending,14:54:00
TXN00004964,ACC0000677,22-Nov-24,Transfer,3824.46,Mobile,Investment,1355.95,Completed,22:43:00
TXN00004618,ACC0000681,30-Nov-23,Transfer,3346.96,Mobile,Investment,196.56,Completed,11:13:00
TXN00001705,ACC0000004,06-Apr-24,Transfer,6925.25,Mobile,Rent,3554.08,Pending,11:40:00
TXN00004752,ACC0000016,15-Mar-24,Transfer,10307.77,Mobile,Rent,52988.94,Pending,16:07:00
TXN00003196,ACC0000024,16-Dec-24,Transfer,7750.49,Mobile,Rent,5,Failed,14:06:00
TXN00002774,ACC0000039,02-Apr-23,Transfer,2856.21,Mobile,Rent,46012.78,Pending,08:43:00
TXN00004244,ACC0000041,27-May-22,Transfer,7269.07,Mobile,Rent,1758.43,Pending,10:11:00
TXN00001934,ACC0000054,28-Jan-22,Transfer,1335.85,Mobile,Rent,30392.47,Pending,08:27:00
TXN00000300,ACC0000064,10-Oct-24,Transfer,122.9,Mobile,Rent,96.29,Completed,14:56:00
TXN00001722,ACC0000065,05-Jan-23,Transfer,7379.84,Mobile,Rent,4889.24,Completed,22:35:00
TXN00004942,ACC0000078,06-Dec-24,Transfer,8735.77,Mobile,Rent,703.18,Pending,16:58:00
TXN00003056,ACC0000081,24-Jun-24,Transfer,5564.95,Mobile,Rent,2818.85,Pending,18:26:00
TXN00001221,ACC0000083,15-Feb-23,Transfer,8952.74,Mobile,Rent,51103.25,Failed,10:41:00
TXN00000627,ACC0000086,04-Jan-24,Transfer,12797.36,Mobile,Rent,30110.9,Failed,20:59:00
TXN00003216,ACC0000114,24-Apr-24,Transfer,4505.93,Mobile,Rent,11937.42,Failed,21:57:00
TXN00002661,ACC0000121,05-Jun-24,Transfer,6118.61,Mobile,Rent,44404.57,Pending,10:17:00
TXN00004104,ACC0000171,26-Jul-22,Transfer,1699.16,Mobile,Rent,4088.41,Completed,16:33:00
TXN00004540,ACC0000189,28-Aug-24,Transfer,13724.39,Mobile,Rent,38421.79,Pending,11:14:00
TXN00000748,ACC0000200,30-May-23,Transfer,10557.56,Mobile,Rent,35500.67,Failed,20:12:00
TXN00003613,ACC0000238,11-Jan-22,Transfer,7336.83,Mobile,Rent,23637.57,Failed,15:15:00
TXN00004135,ACC0000248,10-Oct-23,Transfer,8291.02,Mobile,Rent,4762.67,Completed,15:14:00
TXN00002096,ACC0000252,26-Jan-23,Transfer,2516.79,Mobile,Rent,3514.53,Completed,14:51:00
TXN00004227,ACC0000272,02-Jul-22,Transfer,8281.05,Mobile,Rent,20150.49,Pending,10:44:00
TXN00004917,ACC0000274,04-Jun-23,Transfer,13645.58,Mobile,Rent,4523.13,Failed,20:40:00
TXN00000656,ACC0000291,08-Sep-24,Transfer,4811.1,Mobile,Rent,802.28,Completed,16:50:00
TXN00000107,ACC0000292,25-Aug-23,Transfer,12358.44,Mobile,Rent,8010.76,Pending,11:52:00
TXN00002130,ACC0000296,08-Dec-24,Transfer,14709.61,Mobile,Rent,32298.85,Pending,13:01:00
TXN00004846,ACC0000313,22-Nov-22,Transfer,13124.27,Mobile,Rent,506.51,Failed,09:17:00
TXN00003547,ACC0000320,20-Sep-24,Transfer,12980.4,Mobile,Rent,17631.69,Failed,08:07:00
TXN00000678,ACC0000340,30-Nov-24,Transfer,9031.04,Mobile,Rent,10647.51,Failed,12:03:00
TXN00001528,ACC0000364,12-Jul-24,Transfer,7385.04,Mobile,Rent,34373.54,Completed,16:00:00
TXN00000265,ACC0000365,26-Jun-23,Transfer,6585.74,Mobile,Rent,8868.8,Pending,08:42:00
TXN00002523,ACC0000367,09-Dec-23,Transfer,13651.99,Mobile,Rent,31902.47,Failed,13:50:00
TXN00002481,ACC0000374,09-Aug-22,Transfer,10801.21,Mobile,Rent,71917.83,Pending,18:32:00
TXN00004764,ACC0000379,29-Apr-22,Transfer,13142.22,Mobile,Rent,13353.42,Pending,14:54:00
TXN00002563,ACC0000388,02-Apr-23,Transfer,10879.58,Mobile,Rent,34244.99,Pending,08:50:00
TXN00003522,ACC0000395,16-Nov-22,Transfer,8838.63,Mobile,Rent,36659.75,Failed,20:53:00
TXN00000491,ACC0000403,13-Dec-24,Transfer,5668.54,Mobile,Rent,54764.95,Failed,18:45:00
TXN00000219,ACC0000407,07-Jun-23,Transfer,12865.73,Mobile,Rent,3012.11,Pending,11:32:00
TXN00003548,ACC0000410,02-Feb-24,Transfer,13044.78,Mobile,Rent,42046.33,Pending,19:02:00
TXN00003020,ACC0000423,14-Oct-22,Transfer,278.3,Mobile,Rent,45.53,Completed,19:19:00
TXN00000215,ACC0000428,29-Oct-24,Transfer,11705.96,Mobile,Rent,19526.82,Pending,19:15:00
TXN00003723,ACC0000447,01-Jun-24,Transfer,11796.92,Mobile,Rent,16306.69,Failed,08:34:00
TXN00004594,ACC0000452,07-Apr-24,Transfer,330.97,Mobile,Rent,14363.02,Failed,20:56:00
TXN00004529,ACC0000453,23-Aug-22,Transfer,6845.67,Mobile,Rent,31498,Failed,22:20:00
TXN00003165,ACC0000462,11-Jul-22,Transfer,13495.71,Mobile,Rent,31357.18,Pending,09:26:00
TXN00003710,ACC0000462,28-Dec-24,Transfer,9030.04,Mobile,Rent,18910.15,Failed,13:22:00
TXN00003202,ACC0000468,07-Feb-24,Transfer,2346.18,Mobile,Rent,274.58,Completed,18:11:00
TXN00000822,ACC0000484,12-Sep-23,Transfer,12907.93,Mobile,Rent,9815.98,Failed,12:34:00
TXN00001243,ACC0000488,12-Oct-22,Transfer,6829.5,Mobile,Rent,1128.59,Pending,13:10:00
TXN00000176,ACC0000491,09-Jan-22,Transfer,2423.37,Mobile,Rent,55050.98,Pending,16:09:00
TXN00004359,ACC0000506,06-Jul-22,Transfer,3631.07,Mobile,Rent,48896.78,Pending,12:54:00
TXN00002915,ACC0000511,17-Aug-24,Transfer,223.3,Mobile,Rent,3016.59,Failed,19:48:00
TXN00003756,ACC0000523,18-May-22,Transfer,6494.92,Mobile,Rent,35979.86,Failed,15:23:00
TXN00004932,ACC0000538,29-Apr-24,Transfer,13442.64,Mobile,Rent,1351.18,Pending,21:22:00
TXN00001895,ACC0000539,02-Feb-22,Transfer,11210.93,Mobile,Rent,7847.5,Failed,17:48:00
TXN00000273,ACC0000542,02-Dec-22,Transfer,11049.97,Mobile,Rent,17702.32,Pending,13:12:00
TXN00001177,ACC0000554,05-Apr-22,Transfer,10730.17,Mobile,Rent,18587.9,Failed,13:48:00
TXN00002129,ACC0000555,21-Sep-22,Transfer,3637.47,Mobile,Rent,18462.8,Failed,17:13:00
TXN00000358,ACC0000565,06-Feb-23,Transfer,1831.63,Mobile,Rent,13766.32,Completed,15:19:00
TXN00001336,ACC0000582,24-Mar-23,Transfer,9829.96,Mobile,Rent,10509.47,Failed,16:34:00
TXN00003347,ACC0000615,07-Aug-23,Transfer,11337.39,Mobile,Rent,52522.79,Failed,16:13:00
TXN00002160,ACC0000624,08-Jul-24,Transfer,11960.52,Mobile,Rent,4967.26,Completed,22:23:00
TXN00004839,ACC0000643,25-Jun-23,Transfer,2893.89,Mobile,Rent,24990.96,Pending,20:51:00
TXN00000652,ACC0000645,15-Mar-24,Transfer,14603.78,Mobile,Rent,4258.57,Failed,17:13:00
TXN00003705,ACC0000652,27-Jan-22,Transfer,14992.14,Mobile,Rent,44951.47,Pending,13:07:00
TXN00001108,ACC0000652,01-Dec-24,Transfer,9024.64,Mobile,Rent,30754.41,Pending,12:20:00
TXN00000303,ACC0000657,09-Jan-22,Transfer,5582,Mobile,Rent,36779.55,Completed,11:23:00
TXN00004557,ACC0000673,12-Oct-23,Transfer,7164.81,Mobile,Rent,25547.1,Completed,10:08:00
TXN00001354,ACC0000678,17-Feb-24,Transfer,3480.17,Mobile,Rent,59292.46,Completed,19:58:00
TXN00004466,ACC0000686,12-Mar-23,Transfer,9519.27,Mobile,Rent,28699.05,Failed,08:49:00
TXN00000577,ACC0000692,25-Nov-24,Transfer,522.18,Mobile,Rent,1481.57,Failed,11:47:00
TXN00004166,ACC0000694,22-Aug-24,Transfer,729.02,Mobile,Rent,490.65,Completed,10:07:00
TXN00003727,ACC0000699,21-Aug-23,Transfer,14648.42,Mobile,Rent,1092.51,Failed,11:05:00
TXN00002515,ACC0000004,04-Jun-22,Transfer,5963.5,Mobile,Transfer,10466.83,Pending,17:25:00
TXN00003724,ACC0000006,21-Dec-23,Transfer,13235.83,Mobile,Transfer,3739.86,Failed,14:27:00
TXN00004818,ACC0000009,27-Aug-24,Transfer,4318.12,Mobile,Transfer,360.78,Completed,13:46:00
TXN00004109,ACC0000028,01-Sep-24,Transfer,8051.45,Mobile,Transfer,4786.93,Failed,20:07:00
TXN00002128,ACC0000041,21-May-22,Transfer,10381.65,Mobile,Transfer,1758.43,Pending,19:46:00
TXN00003325,ACC0000044,26-Feb-23,Transfer,9563.15,Mobile,Transfer,14140.14,Completed,12:15:00
TXN00002864,ACC0000050,26-Jul-23,Transfer,7565.06,Mobile,Transfer,23213.07,Completed,15:04:00
TXN00002620,ACC0000054,02-Feb-23,Transfer,11298.41,Mobile,Transfer,30392.47,Failed,14:08:00
TXN00002159,ACC0000056,01-Dec-22,Transfer,7078.92,Mobile,Transfer,40248.11,Completed,22:11:00
TXN00004313,ACC0000070,30-May-24,Transfer,11163.18,Mobile,Transfer,19502.91,Failed,20:10:00
TXN00000713,ACC0000075,16-May-24,Transfer,1002.77,Mobile,Transfer,964.14,Completed,20:26:00
TXN00002089,ACC0000078,15-Feb-24,Transfer,5521.59,Mobile,Transfer,2564.75,Completed,10:14:00
TXN00002090,ACC0000091,29-Feb-24,Transfer,7508.21,Mobile,Transfer,9561.41,Completed,13:11:00
TXN00002940,ACC0000096,06-Oct-24,Transfer,6899.11,Mobile,Transfer,53274.06,Completed,13:14:00
TXN00002094,ACC0000118,25-Mar-24,Transfer,1019.8,Mobile,Transfer,764.81,Completed,12:24:00
TXN00000542,ACC0000145,05-Feb-24,Transfer,9112.88,Mobile,Transfer,13851.74,Pending,17:28:00
TXN00001516,ACC0000149,19-Jan-23,Transfer,4069.24,Mobile,Transfer,13156.24,Completed,09:14:00
TXN00003484,ACC0000152,26-Oct-24,Transfer,709.16,Mobile,Transfer,71196.87,Completed,17:18:00
TXN00003043,ACC0000171,18-Feb-23,Transfer,2509.35,Mobile,Transfer,1579.06,Completed,15:32:00
TXN00003483,ACC0000184,28-Jul-23,Transfer,2989.8,Mobile,Transfer,916.46,Failed,21:11:00
TXN00004605,ACC0000187,11-Dec-24,Transfer,257.42,Mobile,Transfer,28056.26,Pending,20:45:00
TXN00004072,ACC0000189,30-Mar-24,Transfer,6961.68,Mobile,Transfer,38421.79,Completed,10:13:00
TXN00003063,ACC0000190,29-Feb-24,Transfer,1996.23,Mobile,Transfer,1850.22,Pending,08:33:00
TXN00001617,ACC0000192,01-Aug-23,Transfer,10088.71,Mobile,Transfer,993.01,Pending,11:06:00
TXN00000412,ACC0000205,28-Jun-23,Transfer,6010.18,Mobile,Transfer,2738.43,Completed,20:05:00
TXN00000402,ACC0000209,12-Apr-24,Transfer,2796.45,Mobile,Transfer,18122.41,Failed,18:56:00
TXN00002053,ACC0000211,22-Dec-24,Transfer,77.55,Mobile,Transfer,37026.75,Completed,17:47:00
TXN00002786,ACC0000226,17-Apr-24,Transfer,6283.46,Mobile,Transfer,926.69,Pending,18:32:00
TXN00002991,ACC0000233,22-Jun-24,Transfer,13640.53,Mobile,Transfer,53834.26,Failed,11:22:00
TXN00003804,ACC0000234,06-Feb-23,Transfer,8271.43,Mobile,Transfer,7015.75,Failed,18:31:00
TXN00003830,ACC0000241,09-Jan-22,Transfer,14094.34,Mobile,Transfer,1685.23,Pending,15:07:00
TXN00000892,ACC0000244,20-Oct-22,Transfer,7400.79,Mobile,Transfer,11571.25,Pending,08:33:00
TXN00001663,ACC0000268,22-Jun-23,Transfer,7585.9,Mobile,Transfer,57584.93,Failed,21:33:00
TXN00002184,ACC0000284,13-Jun-23,Transfer,4024.04,Mobile,Transfer,27573.66,Completed,15:16:00
TXN00002775,ACC0000289,09-Oct-22,Transfer,5403.95,Mobile,Transfer,5695.43,Completed,17:58:00
TXN00002170,ACC0000322,12-Dec-23,Transfer,10943.71,Mobile,Transfer,236.96,Failed,19:18:00
TXN00001013,ACC0000325,18-Sep-24,Transfer,8421,Mobile,Transfer,49111.64,Failed,17:33:00
TXN00000909,ACC0000331,10-Jul-23,Transfer,1616.79,Mobile,Transfer,1077.88,Completed,19:08:00
TXN00002910,ACC0000352,27-Feb-23,Transfer,1280.32,Mobile,Transfer,31495.77,Pending,13:25:00
TXN00002359,ACC0000383,01-Jan-23,Transfer,11915.88,Mobile,Transfer,9908.48,Completed,10:53:00
TXN00002065,ACC0000403,28-Aug-23,Transfer,11348.81,Mobile,Transfer,54764.95,Failed,14:21:00
TXN00001881,ACC0000406,21-Aug-23,Transfer,4821.93,Mobile,Transfer,34529.97,Pending,09:35:00
TXN00004793,ACC0000416,26-Aug-23,Transfer,13112.45,Mobile,Transfer,131.23,Failed,09:50:00
TXN00001474,ACC0000424,12-Jul-24,Transfer,4625.03,Mobile,Transfer,5746.34,Completed,20:44:00
TXN00003293,ACC0000428,16-Jun-22,Transfer,5602.71,Mobile,Transfer,30040.65,Failed,16:20:00
TXN00000527,ACC0000428,25-Jan-23,Transfer,1206.92,Mobile,Transfer,27182.34,Pending,09:53:00
TXN00001454,ACC0000437,04-Jun-23,Transfer,14335.79,Mobile,Transfer,394.03,Completed,22:22:00
TXN00002519,ACC0000441,10-Jul-22,Transfer,2842.74,Mobile,Transfer,33189.1,Pending,19:45:00
TXN00002753,ACC0000445,25-Nov-22,Transfer,11534.16,Mobile,Transfer,6393.82,Failed,19:11:00
TXN00003910,ACC0000452,15-Jan-22,Transfer,452.71,Mobile,Transfer,14363.02,Pending,19:37:00
TXN00003784,ACC0000484,02-Jul-24,Transfer,7845.67,Mobile,Transfer,1970.31,Completed,20:05:00
TXN00004790,ACC0000486,08-Feb-24,Transfer,10090.98,Mobile,Transfer,22796.86,Completed,20:56:00
TXN00001168,ACC0000488,11-Sep-22,Transfer,14251.87,Mobile,Transfer,1128.59,Completed,13:01:00
TXN00000978,ACC0000505,11-May-23,Transfer,10784.74,Mobile,Transfer,61362.35,Pending,18:34:00
TXN00001535,ACC0000515,11-Feb-24,Transfer,465.81,Mobile,Transfer,35630.17,Completed,08:12:00
TXN00002485,ACC0000519,26-Jun-24,Transfer,131.96,Mobile,Transfer,64487.64,Completed,14:46:00
TXN00002693,ACC0000527,28-Dec-22,Transfer,1381.01,Mobile,Transfer,5319.21,Completed,09:25:00
TXN00001852,ACC0000541,23-Oct-22,Transfer,227.45,Mobile,Transfer,15855.08,Failed,11:06:00
TXN00004795,ACC0000547,29-Jul-22,Transfer,8008.42,Mobile,Transfer,57538.14,Failed,19:54:00
TXN00003983,ACC0000548,08-Aug-24,Transfer,3714.02,Mobile,Transfer,3347.97,Failed,18:15:00
TXN00000879,ACC0000552,24-Jun-22,Transfer,5059.4,Mobile,Transfer,28845.9,Pending,11:50:00
TXN00002302,ACC0000562,02-Jul-24,Transfer,11764.27,Mobile,Transfer,31698.96,Completed,11:58:00
TXN00004875,ACC0000564,02-Nov-24,Transfer,10722.53,Mobile,Transfer,469.56,Failed,16:25:00
TXN00001383,ACC0000570,03-Nov-23,Transfer,1133.9,Mobile,Transfer,981.58,Failed,11:52:00
TXN00002237,ACC0000571,15-Feb-24,Transfer,4169.73,Mobile,Transfer,5428.9,Failed,16:17:00
TXN00004233,ACC0000572,22-Jun-20,Transfer,12258.48,Mobile,Transfer,5845.88,Completed,18:39:00
TXN00003106,ACC0000615,08-May-24,Transfer,6883.64,Mobile,Transfer,52522.79,Pending,21:23:00
TXN00001274,ACC0000627,25-Feb-24,Transfer,8020.17,Mobile,Transfer,3625.98,Completed,11:26:00
TXN00001401,ACC0000632,10-Apr-24,Transfer,13399.33,Mobile,Transfer,27805.52,Completed,13:28:00
TXN00004868,ACC0000638,13-Aug-24,Transfer,4508.08,Mobile,Transfer,9771.43,Pending,19:25:00
TXN00004679,ACC0000651,19-Oct-22,Transfer,932.07,Mobile,Transfer,19549.63,Failed,12:46:00
TXN00004141,ACC0000653,22-Nov-22,Transfer,6255.97,Mobile,Transfer,6192.73,Failed,15:24:00
TXN00001227,ACC0000658,28-Jun-23,Transfer,8750.94,Mobile,Transfer,22285.12,Pending,11:32:00
TXN00000979,ACC0000669,26-Oct-22,Transfer,13362.85,Mobile,Transfer,1112.46,Completed,15:22:00
TXN00000804,ACC0000676,07-Dec-24,Transfer,61.68,Mobile,Transfer,17.11,Completed,11:44:00
TXN00004612,ACC0000678,06-Apr-24,Transfer,4702.93,Mobile,Transfer,59292.46,Pending,17:13:00
TXN00004355,ACC0000686,28-Oct-23,Transfer,4426.25,Mobile,Transfer,28699.05,Failed,08:09:00
TXN00002228,ACC0000699,28-Jan-22,Transfer,13006.97,Mobile,Transfer,7365,Pending,22:10:00
TXN00002234,ACC0000014,30-Nov-22,Credit,6463.6,Mobile,Salary,18662.13,Pending,14:54:00
TXN00004852,ACC0000046,12-Sep-24,Credit,12880.27,Mobile,Salary,39099.69,Pending,17:18:00
TXN00002964,ACC0000050,08-Jan-23,Credit,5270.76,Mobile,Salary,30778.13,Failed,09:42:00
TXN00003034,ACC0000051,20-Oct-23,Credit,11003.46,Mobile,Salary,22074.69,Failed,13:18:00
TXN00003324,ACC0000052,07-Oct-24,Credit,3076.92,Mobile,Salary,35590.22,Failed,15:18:00
TXN00002757,ACC0000060,09-Oct-24,Credit,7073.63,Mobile,Salary,46063.19,Completed,18:04:00
TXN00003998,ACC0000063,15-Jul-21,Credit,11135.86,Mobile,Salary,4035.59,Pending,11:30:00
TXN00000872,ACC0000086,25-Sep-23,Credit,7582.67,Mobile,Salary,30110.9,Pending,22:08:00
TXN00000008,ACC0000091,03-Jul-22,Credit,943.22,Mobile,Salary,18163.21,Pending,17:01:00
TXN00000803,ACC0000102,27-Sep-23,Credit,10666.69,Mobile,Salary,3302.15,Pending,13:39:00
TXN00003284,ACC0000105,24-May-24,Credit,11100.44,Mobile,Salary,51201.52,Failed,15:00:00
TXN00004160,ACC0000113,10-Jan-24,Credit,1845.53,Mobile,Salary,41182.07,Failed,21:36:00
TXN00004513,ACC0000114,17-Aug-24,Credit,4421.45,Mobile,Salary,2766.07,Failed,21:50:00
TXN00000505,ACC0000133,03-Oct-23,Credit,8413.11,Mobile,Salary,2033.54,Failed,15:41:00
TXN00004591,ACC0000133,13-Sep-24,Credit,10582.84,Mobile,Salary,10936.02,Completed,18:26:00
TXN00000911,ACC0000144,08-May-24,Credit,12944.58,Mobile,Salary,27521.88,Failed,18:06:00
TXN00002610,ACC0000160,04-Jan-18,Credit,2756.66,Mobile,Salary,53171.21,Pending,13:02:00
TXN00002983,ACC0000162,13-May-23,Credit,4160.28,Mobile,Salary,42971.93,Completed,12:39:00
TXN00001918,ACC0000170,19-Jun-24,Credit,6016.05,Mobile,Salary,9718.17,Completed,20:29:00
TXN00002274,ACC0000171,29-Nov-23,Credit,9291.75,Mobile,Salary,1579.06,Pending,18:12:00
TXN00000204,ACC0000174,26-Dec-23,Credit,12505.29,Mobile,Salary,1313.53,Pending,21:46:00
TXN00000118,ACC0000199,31-Jul-23,Credit,4589.09,Mobile,Salary,73287.46,Failed,15:36:00
TXN00002131,ACC0000201,17-May-24,Credit,11151.7,Mobile,Salary,3550.59,Pending,12:19:00
TXN00000908,ACC0000204,25-Feb-24,Credit,12418.84,Mobile,Salary,54586.88,Completed,18:21:00
TXN00001945,ACC0000222,29-Aug-22,Credit,8066.78,Mobile,Salary,5349.33,Pending,15:27:00
TXN00004362,ACC0000225,21-Feb-24,Credit,11090.78,Mobile,Salary,18586.03,Completed,22:26:00
TXN00004179,ACC0000229,20-Jul-24,Credit,4392.37,Mobile,Salary,25731.91,Completed,22:33:00
TXN00003474,ACC0000244,24-Jun-23,Credit,9668.65,Mobile,Salary,11571.25,Pending,14:43:00
TXN00004391,ACC0000259,05-Apr-22,Credit,2544.24,Mobile,Salary,7636.75,Pending,20:06:00
TXN00000046,ACC0000266,30-Sep-23,Credit,10762.09,Mobile,Salary,53602.77,Completed,21:00:00
TXN00001586,ACC0000272,15-Dec-23,Credit,13731.18,Mobile,Salary,25345.02,Pending,13:17:00
TXN00001955,ACC0000285,11-Feb-22,Credit,9082.09,Mobile,Salary,53202.1,Failed,22:50:00
TXN00002492,ACC0000288,06-Feb-16,Credit,2220.65,Mobile,Salary,5280.71,Pending,09:44:00
TXN00000494,ACC0000302,29-Sep-24,Credit,11717.61,Mobile,Salary,66181.97,Completed,13:39:00
TXN00002891,ACC0000303,16-May-24,Credit,8810.08,Mobile,Salary,9259.35,Completed,13:34:00
TXN00004190,ACC0000325,01-Mar-24,Credit,12490.81,Mobile,Salary,39756.92,Completed,12:44:00
TXN00001278,ACC0000352,30-Jun-24,Credit,7788.38,Mobile,Salary,52345.34,Completed,12:31:00
TXN00001912,ACC0000357,02-Sep-22,Credit,3902.67,Mobile,Salary,29224.02,Pending,13:22:00
TXN00000984,ACC0000370,02-Jul-24,Credit,12695.69,Mobile,Salary,42417.5,Failed,22:13:00
TXN00002493,ACC0000375,29-Apr-24,Credit,4728.12,Mobile,Salary,39301.46,Completed,12:32:00
TXN00002495,ACC0000378,24-Apr-22,Credit,8960.2,Mobile,Salary,12835.63,Completed,21:34:00
TXN00000266,ACC0000381,19-Aug-22,Credit,11376.53,Mobile,Salary,58856.54,Pending,14:00:00
TXN00000185,ACC0000385,01-Feb-23,Credit,3218.75,Mobile,Salary,29353.11,Failed,14:40:00
TXN00002558,ACC0000402,13-Nov-23,Credit,10232.02,Mobile,Salary,64916.18,Completed,08:00:00
TXN00001092,ACC0000431,12-Jun-24,Credit,7395.91,Mobile,Salary,9389.08,Pending,15:14:00
TXN00000841,ACC0000441,18-Mar-24,Credit,8306.38,Mobile,Salary,28207.33,Pending,19:06:00
TXN00003954,ACC0000443,21-May-24,Credit,10518.46,Mobile,Salary,19534.36,Completed,09:57:00
TXN00001130,ACC0000444,29-Feb-24,Credit,3287.19,Mobile,Salary,8777.67,Completed,20:00:00
TXN00001191,ACC0000465,15-Sep-24,Credit,5600.65,Mobile,Salary,5819.32,Completed,08:46:00
TXN00002764,ACC0000470,06-Aug-24,Credit,11185.75,Mobile,Salary,1114.31,Failed,10:21:00
TXN00000286,ACC0000471,18-Sep-24,Credit,5987.58,Mobile,Salary,48830.17,Failed,19:28:00
TXN00003968,ACC0000475,09-Apr-24,Credit,6850.73,Mobile,Salary,8756.12,Failed,10:26:00
TXN00003692,ACC0000475,15-Sep-24,Credit,12024.61,Mobile,Salary,8756.12,Failed,09:50:00
TXN00003746,ACC0000481,02-Apr-24,Credit,554.25,Mobile,Salary,8909.22,Pending,09:40:00
TXN00004944,ACC0000484,06-Sep-23,Credit,8944.97,Mobile,Salary,9815.98,Failed,13:08:00
TXN00003829,ACC0000489,04-Jul-24,Credit,8882.93,Mobile,Salary,532.58,Pending,08:44:00
TXN00003346,ACC0000492,13-May-24,Credit,5987.72,Mobile,Salary,27594.36,Completed,11:47:00
TXN00003629,ACC0000492,07-Dec-24,Credit,8549.43,Mobile,Salary,34248.04,Completed,22:07:00
TXN00000770,ACC0000494,24-Jul-24,Credit,12557.53,Mobile,Salary,499.65,Pending,15:31:00
TXN00000544,ACC0000496,15-Nov-23,Credit,12779.85,Mobile,Salary,8545.18,Pending,19:50:00
TXN00001961,ACC0000509,06-Jan-24,Credit,4415.15,Mobile,Salary,34242.04,Failed,15:31:00
TXN00001078,ACC0000511,04-Aug-23,Credit,10801.53,Mobile,Salary,3016.59,Pending,09:09:00
TXN00003557,ACC0000519,30-Jul-24,Credit,7014.96,Mobile,Salary,71502.6,Completed,13:59:00
TXN00004347,ACC0000521,14-Sep-22,Credit,11758.59,Mobile,Salary,36082.34,Failed,21:25:00
TXN00001549,ACC0000522,22-Nov-23,Credit,6917.55,Mobile,Salary,41972.3,Pending,22:39:00
TXN00004245,ACC0000534,19-Aug-23,Credit,3680.33,Mobile,Salary,19709.86,Pending,10:34:00
TXN00000549,ACC0000545,11-Jul-23,Credit,14764.03,Mobile,Salary,32972.01,Failed,09:11:00
TXN00004079,ACC0000552,19-Apr-23,Credit,6719.94,Mobile,Salary,46497.23,Completed,08:20:00
TXN00002639,ACC0000553,08-Sep-23,Credit,14031.83,Mobile,Salary,67150.59,Completed,11:44:00
TXN00001072,ACC0000564,09-Apr-23,Credit,889.27,Mobile,Salary,2254.22,Completed,19:36:00
TXN00000147,ACC0000566,14-Jun-23,Credit,9317.36,Mobile,Salary,26467.11,Failed,10:50:00
TXN00000500,ACC0000587,13-Dec-22,Credit,14397.82,Mobile,Salary,13929.62,Failed,19:07:00
TXN00001349,ACC0000588,08-Aug-23,Credit,12939.81,Mobile,Salary,17632.89,Failed,13:38:00
TXN00001539,ACC0000589,03-Apr-22,Credit,11092.87,Mobile,Salary,10065.39,Pending,15:07:00
TXN00004696,ACC0000599,09-Jul-22,Credit,7586.34,Mobile,Salary,22529.93,Failed,21:13:00
TXN00001214,ACC0000600,03-Jun-24,Credit,1851.55,Mobile,Salary,44078.34,Pending,17:29:00
TXN00003070,ACC0000606,15-Feb-24,Credit,6573.37,Mobile,Salary,8008.01,Pending,13:00:00
TXN00001031,ACC0000615,08-Oct-24,Credit,611.3,Mobile,Salary,52522.79,Pending,10:05:00
TXN00004912,ACC0000619,08-Aug-24,Credit,10556,Mobile,Salary,25380.84,Completed,12:40:00
TXN00003411,ACC0000627,29-Apr-24,Credit,4554.69,Mobile,Salary,3625.98,Failed,12:49:00
TXN00001100,ACC0000632,13-Apr-23,Credit,12356.83,Mobile,Salary,51688.84,Failed,14:10:00
TXN00003670,ACC0000632,18-Sep-23,Credit,11933.67,Mobile,Salary,41204.85,Failed,14:51:00
TXN00004468,ACC0000635,09-Oct-24,Credit,10354.15,Mobile,Salary,30206.74,Pending,15:31:00
TXN00000327,ACC0000635,27-Nov-24,Credit,6478.48,Mobile,Salary,36685.22,Completed,18:25:00
TXN00000994,ACC0000637,22-Aug-24,Credit,4262.82,Mobile,Salary,46616.78,Pending,18:58:00
TXN00004163,ACC0000640,17-Mar-22,Credit,11454.94,Mobile,Salary,65731.97,Completed,15:40:00
TXN00002175,ACC0000645,29-Dec-23,Credit,5411.41,Mobile,Salary,4258.57,Failed,15:46:00
TXN00002060,ACC0000647,11-Aug-24,Credit,7539.2,Mobile,Salary,45434.12,Completed,20:41:00
TXN00000552,ACC0000648,17-Feb-24,Credit,14252.12,Mobile,Salary,60787.63,Completed,15:03:00
TXN00000322,ACC0000648,27-Oct-24,Credit,7888.31,Mobile,Salary,37141.75,Failed,20:25:00
TXN00000442,ACC0000651,12-Aug-23,Credit,9.1,Mobile,Salary,19549.63,Pending,16:23:00
TXN00003155,ACC0000651,29-Dec-23,Credit,6241.38,Mobile,Salary,19549.63,Pending,20:56:00
TXN00000166,ACC0000652,26-Jul-23,Credit,2210.29,Mobile,Salary,41508.85,Completed,08:08:00
TXN00001642,ACC0000658,28-Feb-24,Credit,5801.73,Mobile,Salary,15513.97,Pending,13:30:00
TXN00001382,ACC0000664,04-Jul-24,Credit,12788.07,Mobile,Salary,61636.78,Completed,13:59:00
TXN00004834,ACC0000670,01-Sep-22,Credit,9490.96,Mobile,Salary,1308.89,Pending,19:13:00
TXN00004598,ACC0000675,16-Oct-24,Credit,11837.3,Mobile,Salary,39006.44,Failed,11:35:00
TXN00001156,ACC0000682,27-May-23,Credit,13830.84,Mobile,Salary,20581.56,Completed,13:03:00
TXN00002320,ACC0000684,03-Jan-23,Credit,4729.48,Mobile,Salary,7441.41,Failed,15:33:00
TXN00004269,ACC0000688,24-Aug-23,Credit,3721.34,Mobile,Salary,39868.01,Pending,19:09:00
TXN00000468,ACC0000694,10-Dec-24,Credit,6291.13,Mobile,Salary,6781.78,Completed,08:12:00
TXN00000243,ACC0000007,03-Mar-24,Credit,12232.83,Mobile,Investment,11165.25,Failed,16:53:00
TXN00002542,ACC0000015,18-Sep-22,Credit,4386.15,Mobile,Investment,45633.19,Completed,13:42:00
TXN00004068,ACC0000023,24-Mar-22,Credit,9118.13,Mobile,Investment,6888.54,Failed,18:53:00
TXN00003421,ACC0000026,06-Nov-23,Credit,7181.35,Mobile,Investment,15202.82,Pending,12:28:00
TXN00003871,ACC0000029,13-Jun-23,Credit,5782.38,Mobile,Investment,22441.01,Pending,17:29:00
TXN00002672,ACC0000033,26-Feb-24,Credit,798.5,Mobile,Investment,14760.77,Failed,22:53:00
TXN00000512,ACC0000045,15-Aug-22,Credit,4954.59,Mobile,Investment,36092.82,Failed,10:28:00
TXN00002012,ACC0000062,11-Jun-24,Credit,12632.6,Mobile,Investment,5,Failed,17:47:00
TXN00003632,ACC0000063,01-Apr-19,Credit,3240.09,Mobile,Investment,4035.59,Pending,19:08:00
TXN00003306,ACC0000068,08-Jun-23,Credit,8070.26,Mobile,Investment,28054.45,Failed,13:06:00
TXN00002706,ACC0000081,06-Jul-22,Credit,539.44,Mobile,Investment,15211.48,Completed,18:14:00
TXN00002916,ACC0000090,09-Sep-24,Credit,10472.55,Mobile,Investment,10688.27,Completed,22:54:00
TXN00000378,ACC0000103,16-Aug-24,Credit,9929.6,Mobile,Investment,34623.46,Failed,12:16:00
TXN00004848,ACC0000104,21-Jun-22,Credit,3162.29,Mobile,Investment,4874.48,Completed,19:39:00
TXN00000930,ACC0000107,12-Nov-24,Credit,5121.22,Mobile,Investment,34098.81,Pending,20:29:00
TXN00002279,ACC0000128,28-Jul-24,Credit,4174.91,Mobile,Investment,78.91,Pending,17:02:00
TXN00001012,ACC0000145,12-Sep-22,Credit,6289.25,Mobile,Investment,13851.74,Completed,14:34:00
TXN00002242,ACC0000165,27-Jan-23,Credit,12780.46,Mobile,Investment,33464.31,Completed,12:57:00
TXN00004809,ACC0000168,22-Jul-22,Credit,1927.8,Mobile,Investment,20515.24,Completed,14:17:00
TXN00003449,ACC0000178,08-Nov-24,Credit,13955.44,Mobile,Investment,151.13,Failed,20:20:00
TXN00002325,ACC0000181,06-Feb-24,Credit,7524.43,Mobile,Investment,0,Failed,08:14:00
TXN00003575,ACC0000184,16-Aug-24,Credit,4472.26,Mobile,Investment,4632.88,Completed,17:49:00
TXN00001355,ACC0000185,17-Oct-22,Credit,8663.42,Mobile,Investment,61942.97,Completed,18:59:00
TXN00002419,ACC0000187,05-Jul-22,Credit,11857.03,Mobile,Investment,28056.26,Pending,13:12:00
TXN00002135,ACC0000194,18-Feb-23,Credit,2107.91,Mobile,Investment,66756.52,Failed,21:49:00
TXN00000087,ACC0000204,29-Jul-24,Credit,12597.65,Mobile,Investment,59974.4,Pending,11:20:00
TXN00004854,ACC0000205,21-Jan-24,Credit,748.12,Mobile,Investment,2738.43,Failed,13:19:00
TXN00000671,ACC0000210,26-Mar-24,Credit,11735,Mobile,Investment,88390.83,Completed,12:14:00
TXN00001973,ACC0000218,10-Feb-24,Credit,12952.76,Mobile,Investment,9760.99,Failed,08:37:00
TXN00000536,ACC0000220,07-Sep-22,Credit,541.72,Mobile,Investment,51763.97,Failed,20:42:00
TXN00004216,ACC0000221,08-Jun-22,Credit,10523.93,Mobile,Investment,26591.42,Pending,13:42:00
TXN00001294,ACC0000224,08-Dec-24,Credit,1036.91,Mobile,Investment,276.51,Pending,18:53:00
TXN00001195,ACC0000233,24-Oct-23,Credit,8678.91,Mobile,Investment,53834.26,Failed,15:00:00
TXN00004036,ACC0000237,19-Mar-23,Credit,14682.59,Mobile,Investment,66213.07,Completed,15:01:00
TXN00000826,ACC0000238,19-Dec-22,Credit,6093.08,Mobile,Investment,23637.57,Failed,13:39:00
TXN00004241,ACC0000249,11-Mar-23,Credit,5600.57,Mobile,Investment,1350.69,Failed,13:22:00
TXN00004604,ACC0000253,07-Apr-23,Credit,13609.81,Mobile,Investment,71822.32,Completed,22:30:00
TXN00003222,ACC0000259,25-Apr-23,Credit,9741.83,Mobile,Investment,17378.58,Completed,13:07:00
TXN00004098,ACC0000272,14-Mar-23,Credit,5194.53,Mobile,Investment,25345.02,Completed,11:34:00
TXN00000818,ACC0000272,02-Oct-23,Credit,10325.13,Mobile,Investment,25345.02,Failed,10:57:00
TXN00000644,ACC0000275,20-Jul-23,Credit,1702.46,Mobile,Investment,68089.28,Completed,20:21:00
TXN00003466,ACC0000279,02-Jun-22,Credit,13873.71,Mobile,Investment,24642.5,Completed,08:33:00
TXN00002387,ACC0000308,08-May-23,Credit,6824.81,Mobile,Investment,27190.68,Failed,15:49:00
TXN00002600,ACC0000318,26-Jan-24,Credit,13902.29,Mobile,Investment,31576.12,Pending,09:26:00
TXN00002459,ACC0000323,17-Jul-23,Credit,1011.13,Mobile,Investment,48804.76,Failed,16:14:00
TXN00004821,ACC0000329,25-Jul-24,Credit,5889.35,Mobile,Investment,20100.89,Pending,13:41:00
TXN00002479,ACC0000330,08-Mar-24,Credit,9510.77,Mobile,Investment,15096.15,Pending,08:39:00
TXN00000430,ACC0000334,16-Mar-22,Credit,14988.72,Mobile,Investment,75094.95,Failed,18:10:00
TXN00004828,ACC0000341,11-Aug-23,Credit,3109.57,Mobile,Investment,8375.49,Pending,17:02:00
TXN00000223,ACC0000342,12-Jun-21,Credit,13947.16,Mobile,Investment,72664.58,Completed,13:25:00
TXN00004499,ACC0000368,04-May-24,Credit,12007.78,Mobile,Investment,12279.5,Completed,22:49:00
TXN00001360,ACC0000372,20-Jul-24,Credit,6740.34,Mobile,Investment,14607.59,Failed,19:41:00
TXN00000262,ACC0000377,05-Apr-24,Credit,1289.92,Mobile,Investment,86.42,Failed,16:41:00
TXN00000146,ACC0000380,01-Aug-22,Credit,13604.08,Mobile,Investment,17364.41,Completed,21:12:00
TXN00004477,ACC0000397,10-Jul-23,Credit,13162.55,Mobile,Investment,21816.37,Completed,09:48:00
TXN00000434,ACC0000398,21-Feb-22,Credit,12774.54,Mobile,Investment,23575.88,Failed,17:45:00
TXN00004263,ACC0000409,20-Dec-23,Credit,1133.38,Mobile,Investment,919.15,Failed,16:36:00
TXN00003559,ACC0000415,26-Jan-23,Credit,11872.01,Mobile,Investment,20294.91,Completed,22:38:00
TXN00004076,ACC0000415,07-Feb-23,Credit,5598.87,Mobile,Investment,20294.91,Pending,18:16:00
TXN00003678,ACC0000426,26-Nov-22,Credit,13405.12,Mobile,Investment,17331.81,Pending,12:52:00
TXN00000696,ACC0000432,02-Dec-24,Credit,10137.8,Mobile,Investment,6806.83,Failed,16:34:00
TXN00003367,ACC0000438,03-Feb-22,Credit,8664.98,Mobile,Investment,29250.3,Pending,21:26:00
TXN00001678,ACC0000443,15-Nov-24,Credit,8392.66,Mobile,Investment,23410.24,Completed,09:49:00
TXN00003331,ACC0000455,09-May-22,Credit,5141.22,Mobile,Investment,2653.61,Pending,19:30:00
TXN00004616,ACC0000460,22-Jul-22,Credit,10283.68,Mobile,Investment,19145.74,Completed,11:41:00
TXN00000701,ACC0000470,02-Aug-23,Credit,2545.07,Mobile,Investment,2731.6,Failed,15:32:00
TXN00003987,ACC0000521,07-Mar-22,Credit,4396.02,Mobile,Investment,36082.34,Completed,15:34:00
TXN00000929,ACC0000533,06-Jun-23,Credit,13976.41,Mobile,Investment,10760.71,Failed,15:04:00
TXN00001425,ACC0000551,02-Dec-24,Credit,14300.21,Mobile,Investment,14277.36,Pending,14:43:00
TXN00003405,ACC0000555,12-Mar-22,Credit,7288.93,Mobile,Investment,18462.8,Completed,21:25:00
TXN00001951,ACC0000559,03-Feb-24,Credit,7829.56,Mobile,Investment,49004.34,Pending,19:15:00
TXN00002631,ACC0000562,13-Jun-22,Credit,14468.93,Mobile,Investment,54325.8,Failed,22:25:00
TXN00004070,ACC0000565,03-Apr-22,Credit,9258.05,Mobile,Investment,15597.95,Completed,10:16:00
TXN00001119,ACC0000569,20-Dec-23,Credit,3554.97,Mobile,Investment,54407.61,Pending,12:08:00
TXN00000370,ACC0000576,11-Apr-22,Credit,7127.74,Mobile,Investment,22618.04,Completed,21:12:00
TXN00003725,ACC0000581,30-Jan-23,Credit,14847.17,Mobile,Investment,14847.17,Completed,14:06:00
TXN00001436,ACC0000582,08-Jun-23,Credit,6201.05,Mobile,Investment,17615.23,Failed,14:43:00
TXN00004937,ACC0000583,28-Aug-23,Credit,5922.44,Mobile,Investment,13018.98,Failed,14:28:00
TXN00001006,ACC0000588,29-Sep-23,Credit,10721.48,Mobile,Investment,16165.27,Failed,21:55:00
TXN00003655,ACC0000589,12-Nov-23,Credit,9099.33,Mobile,Investment,9377.72,Completed,11:29:00
TXN00001907,ACC0000596,14-Aug-24,Credit,13696.76,Mobile,Investment,23417.59,Completed,14:34:00
TXN00002057,ACC0000612,24-Apr-23,Credit,9551.37,Mobile,Investment,14442.67,Completed,18:41:00
TXN00002101,ACC0000614,25-Jan-24,Credit,14395.04,Mobile,Investment,43910.45,Pending,12:34:00
TXN00004931,ACC0000616,22-Dec-24,Credit,7619.6,Mobile,Investment,22852.88,Completed,08:06:00
TXN00004315,ACC0000622,26-Aug-23,Credit,8026.16,Mobile,Investment,60730.09,Completed,20:28:00
TXN00004650,ACC0000636,07-Sep-22,Credit,11423.8,Mobile,Investment,30525.48,Pending,22:07:00
TXN00003646,ACC0000671,09-Jul-24,Credit,14876.29,Mobile,Investment,291.98,Failed,17:18:00
TXN00002126,ACC0000678,14-Dec-23,Credit,14806.67,Mobile,Investment,62772.63,Completed,08:19:00
TXN00002041,ACC0000682,05-Jul-23,Credit,10760.91,Mobile,Investment,31342.47,Completed,11:12:00
TXN00003246,ACC0000026,16-Feb-22,Credit,7316.33,Mobile,Refund,15202.82,Pending,18:09:00
TXN00000098,ACC0000027,29-Jan-22,Credit,2508.12,Mobile,Refund,5963.79,Completed,20:10:00
TXN00003280,ACC0000046,20-Mar-24,Credit,10360.31,Mobile,Refund,27962.93,Failed,19:22:00
TXN00003429,ACC0000072,12-Apr-22,Credit,6797.03,Mobile,Refund,10375.63,Completed,11:48:00
TXN00002828,ACC0000077,15-Dec-24,Credit,1264.08,Mobile,Refund,1264.08,Completed,12:22:00
TXN00004842,ACC0000080,26-Apr-22,Credit,6696.33,Mobile,Refund,8044.1,Failed,19:15:00
TXN00001646,ACC0000088,20-Mar-22,Credit,5469.43,Mobile,Refund,10218.71,Completed,16:39:00
TXN00002071,ACC0000090,02-Feb-22,Credit,10146.72,Mobile,Refund,2694.6,Failed,11:59:00
TXN00000428,ACC0000091,22-Feb-22,Credit,12194.46,Mobile,Refund,18163.21,Completed,09:22:00
TXN00000153,ACC0000094,01-Sep-22,Credit,8254.54,Mobile,Refund,30098,Completed,08:24:00
TXN00001991,ACC0000107,28-Oct-24,Credit,4393.33,Mobile,Refund,34098.81,Failed,11:08:00
TXN00001292,ACC0000112,21-Nov-22,Credit,2928.52,Mobile,Refund,7365.32,Completed,22:24:00
TXN00001995,ACC0000112,08-Jun-23,Credit,13242.31,Mobile,Refund,20607.63,Completed,19:44:00
TXN00003978,ACC0000118,21-Jun-23,Credit,10277.74,Mobile,Refund,7574.33,Failed,19:41:00
TXN00002333,ACC0000127,04-Aug-24,Credit,4575.22,Mobile,Refund,12128.84,Pending,09:56:00
TXN00004707,ACC0000130,10-Jun-22,Credit,1133.64,Mobile,Refund,27798.54,Completed,21:00:00
TXN00001326,ACC0000134,20-Oct-22,Credit,12244.66,Mobile,Refund,4160.21,Failed,21:50:00
TXN00002157,ACC0000136,10-Jul-24,Credit,14223.55,Mobile,Refund,12004.73,Pending,10:34:00
TXN00002164,ACC0000146,19-Dec-22,Credit,27.61,Mobile,Refund,55952.61,Completed,22:12:00
TXN00000880,ACC0000146,07-Nov-23,Credit,3319.71,Mobile,Refund,55277.15,Failed,08:03:00
TXN00003916,ACC0000158,06-Jan-23,Credit,1076.16,Mobile,Refund,570.35,Failed,21:30:00
TXN00000306,ACC0000162,05-Apr-22,Credit,14431.87,Mobile,Refund,32806.05,Pending,19:04:00
TXN00001914,ACC0000162,30-Jul-22,Credit,4000.19,Mobile,Refund,36806.24,Completed,09:41:00
TXN00000499,ACC0000162,18-Oct-22,Credit,2005.41,Mobile,Refund,38811.65,Completed,08:14:00
TXN00000130,ACC0000164,26-Jul-21,Credit,12753.13,Mobile,Refund,0,Failed,11:51:00
TXN00001330,ACC0000166,21-Feb-23,Credit,3570.86,Mobile,Refund,45387.45,Failed,10:32:00
TXN00002625,ACC0000173,30-Aug-22,Credit,10130.65,Mobile,Refund,23648.78,Completed,11:31:00
TXN00003465,ACC0000173,29-Dec-24,Credit,3652.19,Mobile,Refund,26309.32,Completed,08:36:00
TXN00002792,ACC0000176,14-Dec-24,Credit,11207.23,Mobile,Refund,19321.94,Pending,14:55:00
TXN00002062,ACC0000177,05-Jun-24,Credit,4741.99,Mobile,Refund,725.8,Pending,22:30:00
TXN00003136,ACC0000179,05-Jun-23,Credit,12982.35,Mobile,Refund,9719.14,Failed,14:54:00
TXN00002653,ACC0000189,29-Dec-23,Credit,5261.87,Mobile,Refund,45383.47,Failed,22:01:00
TXN00003891,ACC0000207,30-Oct-23,Credit,12709.44,Mobile,Refund,36660.09,Completed,12:09:00
TXN00002787,ACC0000209,02-Jan-24,Credit,3642.17,Mobile,Refund,18122.41,Pending,16:51:00
TXN00003139,ACC0000226,13-Apr-22,Credit,6474.79,Mobile,Refund,5272.86,Failed,18:29:00
TXN00000332,ACC0000228,03-Apr-23,Credit,2780.89,Mobile,Refund,3380.85,Pending,14:59:00
TXN00001002,ACC0000232,07-Jul-24,Credit,5046.21,Mobile,Refund,11057.48,Failed,19:59:00
TXN00000867,ACC0000252,08-May-24,Credit,5942.2,Mobile,Refund,3514.53,Pending,09:39:00
TXN00001372,ACC0000276,03-Sep-22,Credit,9549.48,Mobile,Refund,4515.69,Pending,08:48:00
TXN00004531,ACC0000276,29-Jan-23,Credit,2122.97,Mobile,Refund,4515.69,Failed,20:49:00
TXN00000831,ACC0000279,02-Nov-22,Credit,10379.31,Mobile,Refund,24642.5,Failed,21:59:00
TXN00003024,ACC0000279,29-Jul-23,Credit,1648.72,Mobile,Refund,24642.5,Failed,15:43:00
TXN00000530,ACC0000284,31-Dec-23,Credit,8554.8,Mobile,Refund,37038.69,Completed,11:16:00
TXN00001462,ACC0000285,09-May-24,Credit,3312.12,Mobile,Refund,42994.17,Failed,13:32:00
TXN00003127,ACC0000296,22-Oct-24,Credit,5194.74,Mobile,Refund,32708.58,Failed,11:36:00
TXN00003948,ACC0000300,02-Feb-22,Credit,1321.61,Mobile,Refund,12418.71,Pending,19:23:00
TXN00002532,ACC0000302,26-Sep-22,Credit,10397.78,Mobile,Refund,65158.13,Failed,15:01:00
TXN00000660,ACC0000310,08-Jun-22,Credit,13012.21,Mobile,Refund,44559.87,Pending,20:21:00
TXN00003896,ACC0000314,22-Feb-24,Credit,3604.3,Mobile,Refund,5839.17,Pending,11:56:00
TXN00003971,ACC0000315,06-Nov-24,Credit,12779.87,Mobile,Refund,1600.69,Pending,12:32:00
TXN00003098,ACC0000328,31-Dec-23,Credit,1452.55,Mobile,Refund,24532.1,Failed,16:20:00
TXN00000227,ACC0000328,19-Jun-24,Credit,11375.77,Mobile,Refund,24532.1,Pending,17:46:00
TXN00002992,ACC0000350,19-Nov-23,Credit,2113.29,Mobile,Refund,3151.99,Pending,22:36:00
TXN00000710,ACC0000359,19-Jan-22,Credit,7959.96,Mobile,Refund,27723.67,Pending,18:38:00
TXN00001065,ACC0000359,02-Nov-23,Credit,5973.23,Mobile,Refund,25467.35,Failed,21:21:00
TXN00004223,ACC0000375,07-Mar-24,Credit,4952.67,Mobile,Refund,34573.34,Pending,18:02:00
TXN00003986,ACC0000388,17-Jun-22,Credit,14124.95,Mobile,Refund,20352.69,Pending,19:02:00
TXN00004878,ACC0000394,22-Apr-23,Credit,6690.8,Mobile,Refund,65249.29,Completed,22:07:00
TXN00000655,ACC0000394,24-Sep-24,Credit,2211.72,Mobile,Refund,67461.01,Completed,11:13:00
TXN00001964,ACC0000410,04-Dec-23,Credit,8496.54,Mobile,Refund,45082.79,Pending,17:40:00
TXN00004446,ACC0000414,25-Nov-24,Credit,6522.09,Mobile,Refund,27888.97,Completed,14:28:00
TXN00001913,ACC0000422,27-Sep-23,Credit,9123.98,Mobile,Refund,39329.43,Failed,09:45:00
TXN00004990,ACC0000440,08-Dec-23,Credit,1090,Mobile,Refund,14000.94,Pending,22:20:00
TXN00002564,ACC0000450,23-May-24,Credit,9707.56,Mobile,Refund,37053.12,Completed,20:26:00
TXN00003931,ACC0000453,04-Dec-22,Credit,13147.94,Mobile,Refund,44645.94,Completed,20:14:00
TXN00000497,ACC0000454,08-Aug-22,Credit,1192.06,Mobile,Refund,60225.69,Completed,08:33:00
TXN00002200,ACC0000454,02-Oct-24,Credit,6377.46,Mobile,Refund,50250.59,Pending,16:15:00
TXN00002818,ACC0000455,18-Apr-23,Credit,14575.84,Mobile,Refund,16219.63,Failed,13:00:00
TXN00000159,ACC0000456,15-Mar-23,Credit,700.91,Mobile,Refund,23457.34,Completed,19:11:00
TXN00004425,ACC0000459,30-Dec-23,Credit,10177.07,Mobile,Refund,13940.22,Completed,20:30:00
TXN00004958,ACC0000475,27-Dec-23,Credit,8872.33,Mobile,Refund,8756.12,Failed,09:40:00
TXN00001975,ACC0000477,12-May-24,Credit,3429.73,Mobile,Refund,18448.32,Pending,19:48:00
TXN00000814,ACC0000478,03-Jun-24,Credit,3023.73,Mobile,Refund,3708.02,Failed,18:40:00
TXN00002439,ACC0000481,30-Jun-23,Credit,11392.55,Mobile,Refund,8909.22,Failed,08:10:00
TXN00002027,ACC0000498,20-Jan-22,Credit,2387.47,Mobile,Refund,48874.42,Completed,18:50:00
TXN00002867,ACC0000505,20-Dec-24,Credit,5722.82,Mobile,Refund,48185.4,Failed,18:47:00
TXN00000396,ACC0000513,24-May-23,Credit,2819.61,Mobile,Refund,20603.29,Pending,11:38:00
TXN00004320,ACC0000526,09-Feb-22,Credit,10044.02,Mobile,Refund,31009.23,Completed,14:51:00
TXN00004369,ACC0000535,22-Apr-24,Credit,2265.54,Mobile,Refund,13666.59,Completed,12:34:00
TXN00004702,ACC0000537,12-Mar-24,Credit,10628.07,Mobile,Refund,23949.37,Completed,12:37:00
TXN00003800,ACC0000539,10-May-24,Credit,11079.79,Mobile,Refund,7847.5,Pending,15:20:00
TXN00002143,ACC0000541,01-Nov-22,Credit,944.93,Mobile,Refund,15855.08,Failed,16:04:00
TXN00001434,ACC0000543,19-Jun-24,Credit,2981.06,Mobile,Refund,19627.07,Completed,09:07:00
TXN00001649,ACC0000550,21-Feb-23,Credit,2338.96,Mobile,Refund,27563.1,Failed,12:19:00
TXN00000791,ACC0000554,10-May-24,Credit,8758.16,Mobile,Refund,37229.52,Failed,12:27:00
TXN00003578,ACC0000556,25-Jan-23,Credit,11965.47,Mobile,Refund,22226.34,Pending,22:00:00
TXN00004788,ACC0000557,09-Jan-22,Credit,2221.79,Mobile,Refund,9516.65,Pending,08:17:00
TXN00000152,ACC0000562,05-Aug-24,Credit,639.9,Mobile,Refund,32338.86,Completed,18:29:00
TXN00002458,ACC0000562,03-Dec-24,Credit,5162.81,Mobile,Refund,32338.86,Failed,12:55:00
TXN00003760,ACC0000568,22-Jul-22,Credit,12259.56,Mobile,Refund,27021.01,Completed,18:13:00
TXN00003371,ACC0000573,07-Mar-22,Credit,14710.55,Mobile,Refund,46051.74,Pending,21:42:00
TXN00003443,ACC0000576,30-Apr-24,Credit,3442.76,Mobile,Refund,35612.13,Completed,17:27:00
TXN00001048,ACC0000585,18-Sep-22,Credit,4877.22,Mobile,Refund,19195.96,Failed,17:51:00
TXN00004380,ACC0000593,05-Nov-23,Credit,11643.54,Mobile,Refund,31296.37,Completed,14:52:00
TXN00003879,ACC0000595,17-Aug-22,Credit,14156.89,Mobile,Refund,16902.22,Failed,17:47:00
TXN00004461,ACC0000600,17-Jun-24,Credit,2806.05,Mobile,Refund,44078.34,Pending,22:35:00
TXN00003351,ACC0000609,11-Oct-22,Credit,1011.99,Mobile,Refund,20397.85,Pending,12:54:00
TXN00002146,ACC0000618,02-Jan-23,Credit,5770.54,Mobile,Refund,47175.68,Completed,16:58:00
TXN00000588,ACC0000632,08-Apr-23,Credit,6895.96,Mobile,Refund,51688.84,Failed,22:05:00
TXN00004766,ACC0000635,27-Sep-24,Credit,11829.91,Mobile,Refund,30206.74,Completed,10:39:00
TXN00004635,ACC0000638,13-Oct-22,Credit,3290.7,Mobile,Refund,9771.43,Pending,22:23:00
TXN00004713,ACC0000643,22-Jul-22,Credit,4159.46,Mobile,Refund,20180.31,Pending,10:33:00
TXN00002330,ACC0000643,03-Sep-23,Credit,11192.74,Mobile,Refund,36183.7,Completed,16:44:00
TXN00004738,ACC0000664,27-Apr-22,Credit,5496.71,Mobile,Refund,58534.48,Pending,13:48:00
TXN00004118,ACC0000665,31-May-22,Credit,14485.12,Mobile,Refund,7483.76,Failed,08:14:00
TXN00004736,ACC0000674,03-Jul-23,Credit,12308.15,Mobile,Refund,4464.3,Pending,10:02:00
TXN00002746,ACC0000681,05-Jan-22,Credit,14943.43,Mobile,Refund,21164.16,Failed,13:58:00
TXN00001681,ACC0000695,21-Jun-23,Credit,11338.93,Mobile,Refund,2149.54,Failed,19:03:00
TXN00003612,ACC0000001,15-Oct-22,Debit,2898.67,Pos,Purchase,45795.94,Pending,09:27:00
TXN00003117,ACC0000004,18-Apr-23,Debit,8415.06,Pos,Purchase,2051.77,Completed,20:00:00
TXN00004660,ACC0000034,10-Oct-23,Debit,8871.36,Pos,Purchase,1463.11,Completed,12:50:00
TXN00004182,ACC0000047,27-Jan-24,Debit,677.51,Pos,Purchase,76240.75,Pending,10:39:00
TXN00003956,ACC0000055,26-Mar-24,Debit,937.95,Pos,Purchase,11548.63,Pending,19:32:00
TXN00004991,ACC0000060,29-Feb-24,Debit,3960.84,Pos,Purchase,38989.56,Failed,20:41:00
TXN00002697,ACC0000068,10-Mar-24,Debit,6999.15,Pos,Purchase,21055.3,Completed,18:35:00
TXN00004953,ACC0000073,30-Jan-22,Debit,11070.62,Pos,Purchase,3107.52,Failed,22:01:00
TXN00002681,ACC0000075,20-Dec-24,Debit,260.7,Pos,Purchase,3010.43,Pending,15:26:00
TXN00001524,ACC0000076,18-May-23,Debit,14838.5,Pos,Purchase,73738.41,Pending,08:08:00
TXN00004084,ACC0000083,18-Mar-24,Debit,14971.63,Pos,Purchase,30620,Completed,09:05:00
TXN00003785,ACC0000088,30-Jun-24,Debit,10281.45,Pos,Purchase,16045.52,Failed,18:10:00
TXN00002907,ACC0000092,07-Dec-23,Debit,2047.24,Pos,Purchase,2335.43,Completed,12:16:00
TXN00003045,ACC0000104,13-Oct-23,Debit,1468.42,Pos,Purchase,19178.81,Failed,17:02:00
TXN00000319,ACC0000106,31-Dec-22,Debit,9384.91,Pos,Purchase,1329.16,Pending,19:51:00
TXN00003626,ACC0000109,17-Jun-22,Debit,9574.14,Pos,Purchase,3007.51,Pending,19:23:00
TXN00004186,ACC0000124,13-Feb-23,Debit,10861.9,Pos,Purchase,28369.9,Failed,17:55:00
TXN00004685,ACC0000125,26-Jan-24,Debit,6271.89,Pos,Purchase,23319.73,Failed,21:45:00
TXN00002300,ACC0000139,24-Oct-24,Debit,11993.57,Pos,Purchase,26916.04,Failed,15:41:00
TXN00004411,ACC0000143,18-Dec-24,Debit,4431.62,Pos,Purchase,4071.45,Completed,14:41:00
TXN00002172,ACC0000153,11-Jul-23,Debit,13688.21,Pos,Purchase,10664.35,Failed,13:13:00
TXN00003818,ACC0000158,08-Jan-22,Debit,7330.32,Pos,Purchase,570.35,Pending,16:35:00
TXN00000883,ACC0000168,25-May-24,Debit,5141.95,Pos,Purchase,2142.59,Completed,12:51:00
TXN00000448,ACC0000172,28-Nov-22,Debit,8130.61,Pos,Purchase,8087.59,Pending,10:34:00
TXN00000874,ACC0000185,22-Sep-22,Debit,7994.64,Pos,Purchase,67327.75,Pending,13:13:00
TXN00002628,ACC0000188,27-Aug-22,Debit,11308.09,Pos,Purchase,28500.6,Failed,20:21:00
TXN00002897,ACC0000188,04-Nov-22,Debit,3448.04,Pos,Purchase,28500.6,Pending,14:41:00
TXN00002580,ACC0000194,21-Oct-24,Debit,6332.63,Pos,Purchase,50402.21,Completed,14:12:00
TXN00001386,ACC0000208,15-Jan-22,Debit,2868.7,Pos,Purchase,4088.87,Completed,09:57:00
TXN00000101,ACC0000213,31-Aug-22,Debit,2205.41,Pos,Purchase,11629.39,Pending,20:24:00
TXN00003039,ACC0000214,25-Sep-22,Debit,2433.9,Pos,Purchase,4010.44,Pending,10:28:00
TXN00001217,ACC0000221,27-Jun-24,Debit,13789.15,Pos,Purchase,12802.27,Completed,11:32:00
TXN00004305,ACC0000236,01-Oct-24,Debit,10769.04,Pos,Purchase,1140.88,Completed,20:26:00
TXN00003467,ACC0000242,19-Nov-22,Debit,5094.07,Pos,Purchase,7057.36,Failed,18:47:00
TXN00001726,ACC0000247,27-Dec-22,Debit,10056.89,Pos,Purchase,42500.23,Pending,16:57:00
TXN00000267,ACC0000249,26-Oct-24,Debit,559.16,Pos,Purchase,791.53,Completed,22:10:00
TXN00003822,ACC0000252,27-Aug-22,Debit,14801.61,Pos,Purchase,6031.32,Pending,08:55:00
TXN00001952,ACC0000270,13-Nov-24,Debit,2975.25,Pos,Purchase,31751.88,Failed,09:45:00
TXN00001099,ACC0000273,05-Apr-22,Debit,3415.47,Pos,Purchase,45287.46,Pending,21:52:00
TXN00001054,ACC0000287,24-Apr-24,Debit,2222.09,Pos,Purchase,272.1,Completed,18:26:00
TXN00003534,ACC0000291,22-May-23,Debit,8202.16,Pos,Purchase,5613.38,Completed,18:50:00
TXN00000890,ACC0000293,21-Mar-24,Debit,14780.07,Pos,Purchase,50165.9,Pending,16:42:00
TXN00001369,ACC0000296,13-Nov-24,Debit,409.73,Pos,Purchase,32298.85,Completed,20:45:00
TXN00002504,ACC0000306,19-Nov-20,Debit,139.75,Pos,Purchase,4077.16,Pending,21:32:00
TXN00002923,ACC0000309,09-Jan-24,Debit,12871.33,Pos,Purchase,11791.63,Failed,12:54:00
TXN00002691,ACC0000312,25-Oct-24,Debit,10899.72,Pos,Purchase,2740.65,Pending,08:45:00
TXN00000720,ACC0000320,14-Jun-23,Debit,12052.87,Pos,Purchase,7214.29,Failed,22:10:00
TXN00003341,ACC0000321,04-Dec-22,Debit,2495.23,Pos,Purchase,1116.09,Failed,10:05:00
TXN00004400,ACC0000334,26-Apr-22,Debit,5825.98,Pos,Purchase,75094.95,Failed,21:22:00
TXN00001634,ACC0000340,28-Sep-24,Debit,8105.97,Pos,Purchase,10647.51,Failed,20:23:00
TXN00004202,ACC0000341,17-Sep-23,Debit,13229.52,Pos,Purchase,8375.49,Failed,09:54:00
TXN00003869,ACC0000381,31-Dec-22,Debit,12103.04,Pos,Purchase,58842.12,Failed,21:10:00
TXN00002236,ACC0000395,15-Aug-22,Debit,3454.47,Pos,Purchase,36659.75,Failed,13:16:00
TXN00001267,ACC0000400,21-May-23,Debit,7390.71,Pos,Purchase,20766.01,Failed,13:21:00
TXN00003383,ACC0000408,03-Feb-22,Debit,8190.22,Pos,Purchase,11848.9,Pending,19:08:00
TXN00004663,ACC0000409,10-Jun-22,Debit,9002.61,Pos,Purchase,5075.09,Failed,08:57:00
TXN00000746,ACC0000419,01-Aug-22,Debit,1000.43,Pos,Purchase,8925.51,Pending,13:08:00
TXN00003164,ACC0000424,14-Jun-24,Debit,7407.86,Pos,Purchase,10371.37,Completed,22:22:00
TXN00001443,ACC0000432,24-Jun-22,Debit,8777.46,Pos,Purchase,6806.83,Completed,20:09:00
TXN00000127,ACC0000447,20-Dec-24,Debit,4053.87,Pos,Purchase,12252.82,Completed,13:58:00
TXN00002455,ACC0000454,22-Sep-23,Debit,8171.42,Pos,Purchase,50250.59,Pending,12:28:00
TXN00004550,ACC0000459,25-Mar-22,Debit,137.48,Pos,Purchase,10948.1,Failed,18:02:00
TXN00001373,ACC0000460,03-Jun-23,Debit,6719.42,Pos,Purchase,12426.32,Completed,08:49:00
TXN00000922,ACC0000465,23-Jul-23,Debit,2195.95,Pos,Purchase,708.36,Pending,13:52:00
TXN00000462,ACC0000465,06-Aug-24,Debit,14456.78,Pos,Purchase,708.36,Failed,08:16:00
TXN00003116,ACC0000472,16-Apr-24,Debit,6955.43,Pos,Purchase,23537.74,Failed,11:55:00
TXN00003969,ACC0000473,29-Aug-24,Debit,1901.84,Pos,Purchase,24249.24,Completed,11:30:00
TXN00000398,ACC0000493,01-Jan-23,Debit,14047.64,Pos,Purchase,53328.18,Completed,09:32:00
TXN00004786,ACC0000496,15-May-23,Debit,13585.08,Pos,Purchase,8545.18,Completed,14:35:00
TXN00000013,ACC0000498,07-Jun-24,Debit,11226.13,Pos,Purchase,28837.26,Failed,18:18:00
TXN00004271,ACC0000500,02-Apr-24,Debit,5627.68,Pos,Purchase,28946.34,Failed,20:46:00
TXN00002760,ACC0000508,04-Feb-23,Debit,13757.19,Pos,Purchase,20072.63,Failed,18:21:00
TXN00000741,ACC0000511,05-May-23,Debit,6211.73,Pos,Purchase,5070.4,Failed,18:32:00
TXN00001702,ACC0000527,11-Feb-22,Debit,9163.92,Pos,Purchase,11219.09,Failed,16:10:00
TXN00001615,ACC0000531,16-Nov-22,Debit,7260.4,Pos,Purchase,30382.04,Completed,11:16:00
TXN00001176,ACC0000532,11-Apr-22,Debit,6870.27,Pos,Purchase,73076.53,Completed,08:17:00
TXN00003485,ACC0000534,06-Nov-23,Debit,2375.2,Pos,Purchase,17334.66,Completed,10:26:00
TXN00001398,ACC0000535,05-Nov-24,Debit,6085.65,Pos,Purchase,13108.83,Failed,18:16:00
TXN00003201,ACC0000536,01-Jul-22,Debit,6247.42,Pos,Purchase,28999.96,Completed,11:59:00
TXN00003205,ACC0000537,09-Jun-23,Debit,3433.45,Pos,Purchase,7505.31,Completed,15:15:00
TXN00003261,ACC0000545,06-Feb-23,Debit,1003.86,Pos,Purchase,38459.37,Pending,08:07:00
TXN00001652,ACC0000546,11-Aug-23,Debit,13075.12,Pos,Purchase,45408.25,Pending,19:12:00
TXN00002487,ACC0000563,20-Dec-23,Debit,3554.39,Pos,Purchase,3070.21,Pending,20:09:00
TXN00002150,ACC0000577,21-Jul-22,Debit,8833.82,Pos,Purchase,13905.63,Failed,20:22:00
TXN00004873,ACC0000589,14-Jul-22,Debit,1264.97,Pos,Purchase,10065.39,Pending,08:55:00
TXN00004140,ACC0000591,10-Jun-23,Debit,3707.13,Pos,Purchase,28497.94,Completed,11:34:00
TXN00002743,ACC0000591,28-Aug-23,Debit,11527.71,Pos,Purchase,24497.62,Pending,18:11:00
TXN00003686,ACC0000597,19-Jun-23,Debit,294.55,Pos,Purchase,32926.77,Failed,08:21:00
TXN00002565,ACC0000609,24-Mar-24,Debit,7596.23,Pos,Purchase,20397.85,Pending,10:27:00
TXN00003669,ACC0000610,10-Aug-22,Debit,11154.71,Pos,Purchase,50749.94,Failed,10:10:00
TXN00002352,ACC0000613,17-Oct-23,Debit,13454.46,Pos,Purchase,27400.48,Completed,21:50:00
TXN00000131,ACC0000614,29-Dec-24,Debit,5259.96,Pos,Purchase,49695.23,Failed,09:28:00
TXN00002294,ACC0000618,17-Dec-22,Debit,928.01,Pos,Purchase,41405.14,Failed,15:27:00
TXN00000836,ACC0000636,30-Jun-24,Debit,7716.87,Pos,Purchase,30525.48,Failed,08:23:00
TXN00002692,ACC0000665,02-Oct-23,Debit,13765.78,Pos,Purchase,7483.76,Pending,18:25:00
TXN00000205,ACC0000665,04-Apr-24,Debit,7030.53,Pos,Purchase,5529.26,Failed,09:22:00
TXN00002206,ACC0000666,15-Oct-22,Debit,12076.34,Pos,Purchase,55102.39,Failed,20:25:00
TXN00003662,ACC0000666,29-Dec-22,Debit,196.67,Pos,Purchase,55102.39,Failed,14:04:00
TXN00004639,ACC0000688,08-Jan-23,Debit,1838.97,Pos,Purchase,41830.1,Failed,13:24:00
TXN00004965,ACC0000692,22-Aug-24,Debit,6211.79,Pos,Purchase,1481.57,Completed,09:47:00
TXN00002204,ACC0000694,28-Nov-23,Debit,4489.51,Pos,Purchase,1219.67,Completed,19:25:00
TXN00003022,ACC0000001,31-Jul-24,Debit,3217.78,Pos,Rent,38653.84,Completed,15:02:00
TXN00004832,ACC0000003,01-Oct-24,Debit,6856.05,Pos,Rent,12133.2,Completed,09:23:00
TXN00003543,ACC0000006,19-Jul-23,Debit,7468.43,Pos,Rent,3739.86,Completed,22:58:00
TXN00000685,ACC0000010,22-Mar-23,Debit,6553.43,Pos,Rent,19698.13,Pending,08:35:00
TXN00000220,ACC0000011,24-Oct-24,Debit,5763.75,Pos,Rent,341.33,Failed,19:47:00
TXN00004935,ACC0000016,20-Jul-23,Debit,4546.46,Pos,Rent,57562.78,Pending,11:34:00
TXN00002572,ACC0000016,07-Nov-23,Debit,294.77,Pos,Rent,57562.78,Pending,20:12:00
TXN00004799,ACC0000021,17-Oct-24,Debit,4393.87,Pos,Rent,385.99,Failed,10:16:00
TXN00003265,ACC0000025,15-Jan-23,Debit,14246.62,Pos,Rent,13579.35,Pending,22:37:00
TXN00003119,ACC0000033,17-Apr-24,Debit,9037.93,Pos,Rent,14760.77,Failed,10:34:00
TXN00004757,ACC0000035,24-Apr-24,Debit,14851.84,Pos,Rent,924.81,Failed,14:56:00
TXN00003671,ACC0000036,13-Dec-23,Debit,12090.37,Pos,Rent,11.96,Pending,19:52:00
TXN00000489,ACC0000045,28-May-23,Debit,9347.88,Pos,Rent,50721.25,Pending,19:41:00
TXN00002929,ACC0000048,22-Aug-22,Debit,5362.92,Pos,Rent,4089.94,Completed,19:50:00
TXN00001450,ACC0000052,13-Aug-24,Debit,12933.11,Pos,Rent,23334.68,Pending,09:06:00
TXN00000323,ACC0000057,29-Apr-22,Debit,7890.53,Pos,Rent,8696.47,Pending,15:32:00
TXN00003373,ACC0000092,10-Aug-22,Debit,8317,Pos,Rent,4382.67,Completed,21:08:00
TXN00001074,ACC0000093,22-Jun-24,Debit,2123.03,Pos,Rent,51133.55,Completed,15:34:00
TXN00002244,ACC0000110,17-May-22,Debit,2536.79,Pos,Rent,36778.18,Completed,08:44:00
TXN00000160,ACC0000114,18-Nov-24,Debit,7751.66,Pos,Rent,2766.07,Pending,09:21:00
TXN00000670,ACC0000123,02-Oct-24,Debit,1593.07,Pos,Rent,61029.21,Completed,09:41:00
TXN00002654,ACC0000162,14-Aug-23,Debit,12388.47,Pos,Rent,30583.46,Completed,15:09:00
TXN00002423,ACC0000172,04-Feb-24,Debit,1411.06,Pos,Rent,8087.59,Pending,08:56:00
TXN00000547,ACC0000204,22-Feb-25,Debit,6709.7,Pos,Rent,59974.4,Pending,20:56:00
TXN00003388,ACC0000214,21-Sep-23,Debit,2394.86,Pos,Rent,1615.58,Completed,13:38:00
TXN00002104,ACC0000241,19-Apr-22,Debit,1131.78,Pos,Rent,553.45,Completed,11:46:00
TXN00002952,ACC0000248,12-Feb-22,Debit,9378.44,Pos,Rent,7395.22,Completed,08:30:00
TXN00002270,ACC0000256,30-Mar-23,Debit,10853.39,Pos,Rent,40030.69,Failed,14:01:00
TXN00004703,ACC0000275,16-May-23,Debit,1104.57,Pos,Rent,66386.82,Pending,14:42:00
TXN00002761,ACC0000279,22-Jan-22,Debit,4471,Pos,Rent,10768.79,Failed,16:20:00
TXN00001936,ACC0000281,14-Feb-18,Debit,2162.49,Pos,Rent,13286.93,Failed,14:14:00
TXN00003733,ACC0000282,21-Oct-22,Debit,4933.64,Pos,Rent,5,Completed,17:45:00
TXN00003131,ACC0000300,23-Nov-22,Debit,12484.65,Pos,Rent,10252.37,Failed,20:00:00
TXN00004108,ACC0000307,04-Feb-24,Debit,14528.32,Pos,Rent,20537.22,Failed,22:45:00
TXN00001310,ACC0000316,09-Oct-24,Debit,3473.28,Pos,Rent,4769.21,Completed,13:18:00
TXN00001413,ACC0000332,26-Nov-23,Debit,2077.31,Pos,Rent,33235.55,Completed,10:30:00
TXN00002718,ACC0000334,05-Oct-22,Debit,6799.37,Pos,Rent,75094.95,Failed,11:34:00
TXN00003211,ACC0000335,09-Jan-24,Debit,14431.11,Pos,Rent,28861.99,Failed,11:58:00
TXN00000492,ACC0000337,15-Apr-23,Debit,5952.59,Pos,Rent,39804.26,Failed,17:35:00
TXN00001825,ACC0000363,16-Aug-22,Debit,10852.2,Pos,Rent,53046.97,Failed,10:38:00
TXN00001804,ACC0000378,07-Dec-23,Debit,2628.81,Pos,Rent,1179.03,Failed,22:28:00
TXN00000228,ACC0000387,11-Jul-23,Debit,6532.89,Pos,Rent,79199.99,Pending,21:37:00
TXN00000811,ACC0000412,08-Jun-24,Debit,11192.33,Pos,Rent,24197.32,Pending,18:32:00
TXN00001536,ACC0000416,22-Oct-24,Debit,8731.63,Pos,Rent,131.23,Pending,19:08:00
TXN00004261,ACC0000418,19-May-22,Debit,8052.65,Pos,Rent,3417.09,Failed,17:37:00
TXN00001020,ACC0000430,13-Feb-22,Debit,758.51,Pos,Rent,20589.06,Pending,21:26:00
TXN00000138,ACC0000433,13-Dec-24,Debit,14649.67,Pos,Rent,3197.25,Failed,13:20:00
TXN00004928,ACC0000443,16-Jun-24,Debit,6174.41,Pos,Rent,19534.36,Failed,13:51:00
TXN00003317,ACC0000444,23-Oct-23,Debit,6588.92,Pos,Rent,5490.48,Failed,20:34:00
TXN00001365,ACC0000451,14-Jun-24,Debit,8109.76,Pos,Rent,18197.82,Pending,17:43:00
TXN00001170,ACC0000457,15-Nov-24,Debit,9290.03,Pos,Rent,21.61,Failed,21:39:00
TXN00001066,ACC0000478,01-Mar-23,Debit,14102.8,Pos,Rent,32719.82,Failed,15:27:00
TXN00004611,ACC0000478,19-Feb-24,Debit,14949.76,Pos,Rent,3708.02,Completed,20:23:00
TXN00004760,ACC0000483,11-Mar-24,Debit,7604.38,Pos,Rent,34802.68,Pending,15:03:00
TXN00001789,ACC0000486,16-Aug-24,Debit,4110.46,Pos,Rent,22796.86,Pending,14:07:00
TXN00001531,ACC0000487,02-Feb-24,Debit,8334.34,Pos,Rent,4466.48,Pending,12:51:00
TXN00000762,ACC0000488,21-Aug-22,Debit,9461.7,Pos,Rent,12742.89,Failed,22:55:00
TXN00001628,ACC0000489,22-Jan-24,Debit,5425.65,Pos,Rent,532.58,Completed,19:31:00
TXN00003598,ACC0000490,23-Sep-24,Debit,4285.56,Pos,Rent,5050.68,Completed,16:37:00
TXN00003440,ACC0000491,05-May-22,Debit,6024.36,Pos,Rent,55050.98,Pending,21:27:00
TXN00001503,ACC0000525,19-Sep-23,Debit,2673.36,Pos,Rent,14398.84,Pending,19:58:00
TXN00001240,ACC0000531,25-Jun-23,Debit,7981.2,Pos,Rent,30382.04,Pending,09:50:00
TXN00003052,ACC0000533,09-Mar-23,Debit,2846.29,Pos,Rent,15413.05,Pending,21:27:00
TXN00000454,ACC0000534,08-Mar-23,Debit,14537.2,Pos,Rent,19709.86,Completed,10:49:00
TXN00003658,ACC0000543,20-Jul-22,Debit,4967.04,Pos,Rent,13503.59,Completed,16:44:00
TXN00000470,ACC0000546,09-Jun-23,Debit,2342.61,Pos,Rent,45408.25,Completed,17:39:00
TXN00001453,ACC0000550,09-Mar-24,Debit,5682.96,Pos,Rent,21880.14,Completed,15:14:00
TXN00001857,ACC0000559,16-Nov-24,Debit,14294.75,Pos,Rent,36139.54,Failed,22:28:00
TXN00003501,ACC0000562,09-Feb-24,Debit,11028.45,Pos,Rent,43463.23,Pending,18:10:00
TXN00001667,ACC0000572,20-Jul-22,Debit,6394.7,Pos,Rent,5,Failed,16:11:00
TXN00001836,ACC0000575,21-Feb-22,Debit,5538.12,Pos,Rent,63666.4,Pending,14:47:00
TXN00000460,ACC0000580,01-Feb-22,Debit,11886.94,Pos,Rent,4159.12,Completed,14:03:00
TXN00004575,ACC0000581,13-Aug-23,Debit,10078.43,Pos,Rent,15482.83,Pending,22:20:00
TXN00002831,ACC0000581,15-Nov-23,Debit,8467.32,Pos,Rent,15482.83,Pending,20:13:00
TXN00004988,ACC0000585,02-Jun-24,Debit,1065.75,Pos,Rent,7893.23,Pending,15:33:00
TXN00004681,ACC0000589,17-Jul-23,Debit,822.51,Pos,Rent,278.39,Completed,19:27:00
TXN00003778,ACC0000601,18-Oct-23,Debit,11982.19,Pos,Rent,22753.62,Pending,21:44:00
TXN00004817,ACC0000610,30-Sep-24,Debit,11712.02,Pos,Rent,39037.92,Completed,10:24:00
TXN00002353,ACC0000622,26-Jan-23,Debit,2748.01,Pos,Rent,52703.93,Failed,09:33:00
TXN00002975,ACC0000622,04-Jan-24,Debit,8365.98,Pos,Rent,52364.11,Completed,14:11:00
TXN00000531,ACC0000627,30-Aug-24,Debit,441.87,Pos,Rent,446.46,Completed,12:47:00
TXN00002710,ACC0000630,16-Nov-22,Debit,12935.93,Pos,Rent,12548.51,Failed,17:53:00
TXN00001375,ACC0000647,09-Apr-24,Debit,4058.24,Pos,Rent,37894.92,Failed,16:30:00
TXN00000397,ACC0000650,18-Aug-24,Debit,10278.64,Pos,Rent,9546.51,Failed,11:42:00
TXN00001198,ACC0000659,08-Apr-22,Debit,3576.14,Pos,Rent,48886.09,Completed,17:23:00
TXN00001894,ACC0000659,14-May-22,Debit,3543.76,Pos,Rent,48886.09,Pending,13:39:00
TXN00004943,ACC0000662,04-Apr-23,Debit,14453.93,Pos,Rent,5045.29,Pending,19:18:00
TXN00004530,ACC0000664,17-Nov-23,Debit,3612.89,Pos,Rent,48848.71,Pending,11:13:00
TXN00003737,ACC0000666,27-Oct-22,Debit,13658.36,Pos,Rent,55102.39,Failed,16:57:00
TXN00002660,ACC0000673,28-Sep-22,Debit,4015.74,Pos,Rent,32711.91,Completed,19:09:00
TXN00003380,ACC0000675,07-Apr-24,Debit,7187.39,Pos,Rent,45707.74,Pending,08:08:00
TXN00004651,ACC0000677,11-May-23,Debit,3239.36,Pos,Rent,1300.53,Completed,18:38:00
TXN00000256,ACC0000679,01-Sep-24,Debit,6812.11,Pos,Rent,16039.56,Completed,14:22:00
TXN00003668,ACC0000022,29-Jun-24,Debit,2579.92,Pos,Utility,49184.16,Pending,11:18:00
TXN00001111,ACC0000028,26-Jul-22,Debit,11095.21,Pos,Utility,10263.08,Pending,18:52:00
TXN00000605,ACC0000029,27-Mar-24,Debit,6638.2,Pos,Utility,15802.81,Completed,20:45:00
TXN00001173,ACC0000031,24-Dec-23,Debit,386.02,Pos,Utility,24176.25,Pending,16:16:00
TXN00000069,ACC0000041,02-Apr-22,Debit,3761.23,Pos,Utility,3516.88,Completed,19:48:00
TXN00003635,ACC0000049,15-Apr-23,Debit,5578.47,Pos,Utility,11907.1,Failed,22:50:00
TXN00002404,ACC0000050,29-Aug-23,Debit,12093.79,Pos,Utility,11119.28,Completed,13:12:00
TXN00004559,ACC0000053,18-Feb-24,Debit,12050.7,Pos,Utility,59565.41,Completed,14:32:00
TXN00004292,ACC0000055,25-Apr-22,Debit,298.7,Pos,Utility,26424.43,Completed,10:15:00
TXN00002744,ACC0000061,05-Jul-23,Debit,5392.36,Pos,Utility,2731.54,Failed,09:57:00
TXN00001362,ACC0000062,21-Mar-22,Debit,14431.82,Pos,Utility,7635.36,Completed,16:20:00
TXN00002394,ACC0000122,05-Dec-24,Debit,2446.58,Pos,Utility,55395.23,Pending,19:08:00
TXN00002884,ACC0000137,09-May-23,Debit,14183.03,Pos,Utility,17858.11,Pending,20:38:00
TXN00002433,ACC0000140,14-Mar-23,Debit,6287.58,Pos,Utility,727.64,Failed,18:09:00
TXN00002835,ACC0000146,07-Jan-24,Debit,4510.18,Pos,Utility,55277.15,Failed,18:42:00
TXN00000819,ACC0000150,14-Sep-23,Debit,14057.66,Pos,Utility,14513.06,Failed,17:51:00
TXN00004585,ACC0000158,23-Oct-24,Debit,13666.98,Pos,Utility,570.35,Pending,14:16:00
TXN00003448,ACC0000164,27-Apr-20,Debit,12918.89,Pos,Utility,0,Completed,17:22:00
TXN00004737,ACC0000171,16-Nov-23,Debit,9187.25,Pos,Utility,1579.06,Pending,16:16:00
TXN00003881,ACC0000177,15-Jan-23,Debit,884.38,Pos,Utility,725.8,Completed,18:20:00
TXN00000445,ACC0000182,28-Dec-22,Debit,1311.98,Pos,Utility,43772.64,Completed,15:48:00
TXN00000647,ACC0000199,04-Aug-23,Debit,13344.55,Pos,Utility,73287.46,Failed,11:38:00
TXN00001558,ACC0000209,20-Dec-23,Debit,10667.85,Pos,Utility,18122.41,Pending,20:02:00
TXN00003149,ACC0000211,26-Sep-24,Debit,14413.08,Pos,Utility,43290.89,Completed,12:24:00
TXN00004966,ACC0000218,04-Aug-23,Debit,3512.37,Pos,Utility,5,Completed,12:09:00
TXN00001971,ACC0000219,27-Sep-22,Debit,6588.24,Pos,Utility,43171.58,Pending,22:55:00
TXN00004002,ACC0000222,06-Apr-24,Debit,4286.33,Pos,Utility,1063,Completed,10:15:00
TXN00002386,ACC0000241,24-May-20,Debit,7619.46,Pos,Utility,5083.43,Pending,13:49:00
TXN00002017,ACC0000245,20-Nov-21,Debit,9315.51,Pos,Utility,6288.71,Pending,18:22:00
TXN00002516,ACC0000249,09-Aug-24,Debit,679.09,Pos,Utility,1350.69,Pending,08:12:00
TXN00000910,ACC0000257,31-Jul-24,Debit,272.72,Pos,Utility,128.51,Completed,09:50:00
TXN00001619,ACC0000262,03-Jun-23,Debit,9130.23,Pos,Utility,0,Pending,16:59:00
TXN00004772,ACC0000268,28-Jul-24,Debit,2134.48,Pos,Utility,45889.69,Failed,16:19:00
TXN00004827,ACC0000278,31-Jan-23,Debit,14790.71,Pos,Utility,4783.68,Pending,18:51:00
TXN00000759,ACC0000293,18-Apr-24,Debit,10175.48,Pos,Utility,39990.42,Completed,22:21:00
TXN00001247,ACC0000295,16-Jul-22,Debit,9156.48,Pos,Utility,13536.04,Pending,17:34:00
TXN00003061,ACC0000313,18-May-24,Debit,12514.35,Pos,Utility,270.51,Failed,14:06:00
TXN00000048,ACC0000324,27-Mar-24,Debit,5783.76,Pos,Utility,8369.04,Failed,20:25:00
TXN00000248,ACC0000328,26-Dec-24,Debit,7272.46,Pos,Utility,17259.64,Completed,13:33:00
TXN00003932,ACC0000338,18-Jan-22,Debit,8035.98,Pos,Utility,214.23,Pending,09:14:00
TXN00001189,ACC0000347,08-Jan-23,Debit,6282.82,Pos,Utility,8188.52,Completed,14:59:00
TXN00002703,ACC0000350,14-Sep-22,Debit,6894.7,Pos,Utility,3151.99,Pending,09:14:00
TXN00004600,ACC0000350,23-Jul-24,Debit,5432.86,Pos,Utility,3151.99,Pending,18:28:00
TXN00003996,ACC0000352,09-Aug-22,Debit,4362.1,Pos,Utility,31495.77,Failed,12:56:00
TXN00002401,ACC0000355,31-Aug-24,Debit,8342.38,Pos,Utility,25637.83,Failed,17:12:00
TXN00004156,ACC0000366,21-Feb-24,Debit,6817.66,Pos,Utility,37701.52,Pending,16:54:00
TXN00004389,ACC0000375,28-Jul-24,Debit,1033.47,Pos,Utility,34684.2,Pending,09:19:00
TXN00003509,ACC0000381,27-Apr-22,Debit,7633.9,Pos,Utility,58856.54,Failed,20:57:00
TXN00004322,ACC0000385,13-Dec-22,Debit,3403.18,Pos,Utility,29353.11,Completed,10:21:00
TXN00000060,ACC0000390,15-Jun-24,Debit,12101.74,Pos,Utility,38993.45,Failed,20:37:00
TXN00000690,ACC0000393,27-Mar-23,Debit,3338.85,Pos,Utility,11076.99,Completed,12:24:00
TXN00002711,ACC0000416,14-Jun-22,Debit,9765.67,Pos,Utility,429.81,Pending,16:18:00
TXN00000054,ACC0000420,20-Aug-23,Debit,3684.33,Pos,Utility,26658.01,Completed,16:21:00
TXN00000156,ACC0000428,08-Jan-22,Debit,5812.78,Pos,Utility,31628.13,Failed,10:01:00
TXN00002336,ACC0000429,07-Dec-22,Debit,8908.38,Pos,Utility,16095.01,Failed,08:35:00
TXN00003834,ACC0000430,05-May-22,Debit,1526.57,Pos,Utility,19062.49,Completed,15:34:00
TXN00001073,ACC0000430,27-Nov-24,Debit,982.53,Pos,Utility,19062.49,Pending,20:54:00
TXN00002026,ACC0000433,09-Jan-22,Debit,14434.74,Pos,Utility,17007.41,Failed,11:19:00
TXN00003316,ACC0000435,31-Aug-22,Debit,2046.59,Pos,Utility,16249.72,Completed,08:38:00
TXN00001754,ACC0000442,11-Aug-23,Debit,3953.66,Pos,Utility,98.86,Pending,09:01:00
TXN00002052,ACC0000446,11-Jul-24,Debit,458.32,Pos,Utility,18302.12,Completed,12:06:00
TXN00003082,ACC0000446,16-Dec-24,Debit,12932.73,Pos,Utility,18302.12,Failed,17:12:00
TXN00002263,ACC0000461,23-Oct-22,Debit,2157.33,Pos,Utility,29754.11,Failed,12:46:00
TXN00004205,ACC0000474,03-Jan-24,Debit,4106.81,Pos,Utility,8447.28,Pending,08:25:00
TXN00001675,ACC0000475,07-Mar-24,Debit,9817.43,Pos,Utility,8756.12,Failed,10:07:00
TXN00003147,ACC0000489,31-Oct-22,Debit,9860.61,Pos,Utility,28391.84,Failed,16:23:00
TXN00003604,ACC0000512,03-Dec-23,Debit,1707.57,Pos,Utility,8242.29,Pending,12:19:00
TXN00001287,ACC0000521,08-Aug-23,Debit,2938.32,Pos,Utility,25867.87,Pending,21:56:00
TXN00001562,ACC0000526,17-Oct-22,Debit,1236.67,Pos,Utility,29772.56,Completed,08:01:00
TXN00004678,ACC0000532,31-Mar-23,Debit,4813.75,Pos,Utility,64213.88,Pending,14:17:00
TXN00002592,ACC0000548,03-Nov-23,Debit,12048.04,Pos,Utility,3347.97,Failed,12:41:00
TXN00004221,ACC0000552,28-Sep-23,Debit,12576.92,Pos,Utility,32525.6,Failed,22:01:00
TXN00004326,ACC0000557,20-Mar-22,Debit,13338.32,Pos,Utility,9516.65,Pending,19:06:00
TXN00002296,ACC0000590,30-May-23,Debit,7941.09,Pos,Utility,678.8,Failed,17:00:00
TXN00004193,ACC0000598,03-Oct-23,Debit,1818.43,Pos,Utility,869.77,Completed,22:41:00
TXN00004351,ACC0000623,09-Apr-24,Debit,12451.08,Pos,Utility,4456.44,Failed,16:26:00
TXN00000149,ACC0000633,04-Dec-24,Debit,6426.12,Pos,Utility,36578.82,Completed,18:08:00
TXN00004457,ACC0000648,17-Oct-23,Debit,2417.44,Pos,Utility,46535.51,Pending,08:19:00
TXN00000116,ACC0000663,22-Jul-23,Debit,5924.36,Pos,Utility,1472.8,Completed,19:07:00
TXN00001352,ACC0000665,29-Nov-22,Debit,2145.55,Pos,Utility,7483.76,Pending,15:46:00
TXN00003913,ACC0000666,12-May-24,Debit,5266.06,Pos,Utility,55102.39,Pending,19:58:00
TXN00002934,ACC0000668,09-Dec-22,Debit,7093.67,Pos,Utility,59598.69,Failed,18:17:00
TXN00001937,ACC0000669,08-Sep-23,Debit,8283.36,Pos,Utility,2734.19,Failed,18:10:00
TXN00004815,ACC0000686,29-Jan-23,Debit,3147.95,Pos,Utility,28699.05,Pending,10:09:00
TXN00003814,ACC0000687,22-Jun-24,Debit,11004.73,Pos,Utility,378.75,Pending,18:03:00
TXN00001579,ACC0000688,02-Apr-23,Debit,7892.28,Pos,Utility,41830.1,Failed,22:23:00
TXN00002477,ACC0000688,08-Apr-23,Debit,1962.09,Pos,Utility,39868.01,Completed,08:06:00
TXN00000951,ACC0000015,13-Nov-22,Transfer,2722.7,Wire Transfer,Transfer,42910.49,Completed,20:44:00
TXN00003904,ACC0000037,19-Mar-23,Transfer,13799.5,Wire Transfer,Transfer,41083.25,Failed,18:46:00
TXN00002517,ACC0000051,26-Feb-23,Transfer,6699.88,Wire Transfer,Transfer,8911.82,Failed,15:11:00
TXN00002530,ACC0000060,01-Oct-23,Transfer,941.29,Wire Transfer,Transfer,39325.28,Completed,08:34:00
TXN00001805,ACC0000061,05-Mar-24,Transfer,14250.22,Wire Transfer,Transfer,2731.54,Pending,11:21:00
TXN00001001,ACC0000073,04-Dec-24,Transfer,2360.8,Wire Transfer,Transfer,17981.44,Pending,17:19:00
TXN00002890,ACC0000077,06-Dec-22,Transfer,14187.87,Wire Transfer,Transfer,0,Completed,17:48:00
TXN00000779,ACC0000084,12-Nov-23,Transfer,311.35,Wire Transfer,Transfer,37205.51,Completed,16:50:00
TXN00004496,ACC0000098,11-Jan-24,Transfer,7154.21,Wire Transfer,Transfer,48453.43,Pending,08:13:00
TXN00004602,ACC0000103,07-Sep-24,Transfer,7778.78,Wire Transfer,Transfer,23321.04,Completed,08:58:00
TXN00000525,ACC0000113,20-Sep-23,Transfer,3624.58,Wire Transfer,Transfer,41182.07,Completed,14:15:00
TXN00001878,ACC0000113,07-Jan-24,Transfer,3536.94,Wire Transfer,Transfer,41182.07,Pending,11:59:00
TXN00001281,ACC0000133,16-Mar-23,Transfer,8411.15,Wire Transfer,Transfer,2033.54,Pending,10:29:00
TXN00001180,ACC0000175,15-Nov-23,Transfer,2118.41,Wire Transfer,Transfer,13294.57,Completed,20:50:00
TXN00004458,ACC0000196,25-Oct-22,Transfer,6157.42,Wire Transfer,Transfer,29892.21,Completed,15:02:00
TXN00001402,ACC0000196,27-Nov-23,Transfer,10303.76,Wire Transfer,Transfer,36293.84,Pending,13:40:00
TXN00004258,ACC0000207,02-Aug-24,Transfer,7774.91,Wire Transfer,Transfer,36660.09,Failed,17:27:00
TXN00001890,ACC0000242,14-Dec-24,Transfer,6419.65,Wire Transfer,Transfer,7057.36,Failed,12:56:00
TXN00003480,ACC0000244,24-Jan-23,Transfer,994.16,Wire Transfer,Transfer,11571.25,Failed,17:01:00
TXN00001625,ACC0000246,18-Apr-23,Transfer,5079.81,Wire Transfer,Transfer,0,Pending,17:41:00
TXN00001566,ACC0000259,22-Mar-22,Transfer,8462.46,Wire Transfer,Transfer,7636.75,Failed,18:00:00
TXN00001162,ACC0000274,30-Jul-22,Transfer,324.42,Wire Transfer,Transfer,4523.13,Failed,21:34:00
TXN00004791,ACC0000299,16-Aug-22,Transfer,6445.64,Wire Transfer,Transfer,5069.78,Failed,19:55:00
TXN00004479,ACC0000303,02-Apr-24,Transfer,666.33,Wire Transfer,Transfer,6727.16,Failed,20:17:00
TXN00001552,ACC0000305,22-Apr-23,Transfer,3344.57,Wire Transfer,Transfer,9903.99,Completed,11:04:00
TXN00002144,ACC0000326,13-Nov-23,Transfer,11209.5,Wire Transfer,Transfer,59041.64,Failed,20:45:00
TXN00004130,ACC0000329,01-May-23,Transfer,10414.45,Wire Transfer,Transfer,20100.89,Failed,22:07:00
TXN00003863,ACC0000344,28-Nov-23,Transfer,1161.13,Wire Transfer,Transfer,40511.13,Completed,15:26:00
TXN00000361,ACC0000365,24-Jul-23,Transfer,3202.99,Wire Transfer,Transfer,8868.8,Failed,18:40:00
TXN00000196,ACC0000365,22-Jul-24,Transfer,2963.28,Wire Transfer,Transfer,5905.52,Completed,08:42:00
TXN00002124,ACC0000366,05-Jan-24,Transfer,952.18,Wire Transfer,Transfer,37701.52,Failed,22:08:00
TXN00000095,ACC0000393,23-Oct-23,Transfer,3836.07,Wire Transfer,Transfer,11076.99,Pending,19:13:00
TXN00001499,ACC0000396,17-Aug-23,Transfer,7541.82,Wire Transfer,Transfer,33252.53,Completed,11:07:00
TXN00001429,ACC0000397,15-May-23,Transfer,11464.12,Wire Transfer,Transfer,291.44,Pending,09:40:00
TXN00001664,ACC0000404,07-Sep-24,Transfer,3937.65,Wire Transfer,Transfer,33731.3,Completed,10:57:00
TXN00001864,ACC0000405,28-Nov-24,Transfer,9540.43,Wire Transfer,Transfer,19057.24,Pending,09:39:00
TXN00001076,ACC0000406,24-Aug-24,Transfer,7831.11,Wire Transfer,Transfer,16892.41,Completed,14:23:00
TXN00001137,ACC0000410,09-Apr-24,Transfer,12552.54,Wire Transfer,Transfer,42046.33,Failed,13:05:00
TXN00004230,ACC0000424,25-Sep-23,Transfer,14421.97,Wire Transfer,Transfer,17779.23,Pending,20:14:00
TXN00003012,ACC0000427,05-Mar-22,Transfer,9689.99,Wire Transfer,Transfer,4348.37,Completed,14:44:00
TXN00004385,ACC0000438,27-Nov-22,Transfer,5282.86,Wire Transfer,Transfer,37774.87,Failed,22:52:00
TXN00004465,ACC0000445,17-Jun-23,Transfer,9437.18,Wire Transfer,Transfer,6393.82,Failed,14:34:00
TXN00004955,ACC0000446,20-Nov-23,Transfer,13931.94,Wire Transfer,Transfer,18760.44,Failed,13:17:00
TXN00004472,ACC0000463,02-Jun-23,Transfer,3798.66,Wire Transfer,Transfer,505.59,Completed,10:54:00
TXN00002016,ACC0000474,24-Aug-22,Transfer,1671.22,Wire Transfer,Transfer,19118.56,Completed,21:23:00
TXN00002303,ACC0000485,06-May-24,Transfer,1774.09,Wire Transfer,Transfer,16086.98,Pending,08:08:00
TXN00002142,ACC0000498,22-Sep-24,Transfer,10457.51,Wire Transfer,Transfer,28837.26,Pending,17:19:00
TXN00002506,ACC0000547,14-Mar-22,Transfer,1034.47,Wire Transfer,Transfer,51106.86,Completed,10:48:00
TXN00001050,ACC0000557,23-Sep-24,Transfer,7821.97,Wire Transfer,Transfer,9516.65,Pending,14:32:00
TXN00003631,ACC0000558,17-Apr-24,Transfer,686.56,Wire Transfer,Transfer,218.5,Completed,16:11:00
TXN00004191,ACC0000570,22-Apr-24,Transfer,3737.01,Wire Transfer,Transfer,981.58,Pending,08:52:00
TXN00004272,ACC0000577,02-Oct-22,Transfer,12499.21,Wire Transfer,Transfer,13905.63,Pending,19:14:00
TXN00003268,ACC0000583,14-Dec-23,Transfer,443.69,Wire Transfer,Transfer,13018.98,Pending,20:11:00
TXN00002005,ACC0000597,11-Aug-24,Transfer,7068.28,Wire Transfer,Transfer,20232.11,Pending,11:16:00
TXN00000502,ACC0000603,17-Jan-18,Transfer,13824.22,Wire Transfer,Transfer,41265.01,Pending,08:45:00
TXN00000513,ACC0000608,28-Jun-23,Transfer,14210.04,Wire Transfer,Transfer,13345.73,Failed,16:25:00
TXN00003343,ACC0000613,24-May-22,Transfer,10321.92,Wire Transfer,Transfer,31567.38,Pending,10:54:00
TXN00002341,ACC0000616,30-Aug-23,Transfer,12812.93,Wire Transfer,Transfer,12943.81,Completed,17:04:00
TXN00000946,ACC0000618,13-Jun-22,Transfer,4959.25,Wire Transfer,Transfer,49395.98,Pending,08:44:00
TXN00004440,ACC0000621,28-Jul-23,Transfer,14458.13,Wire Transfer,Transfer,43125.18,Completed,20:21:00
TXN00000851,ACC0000645,10-Jul-22,Transfer,4720.71,Wire Transfer,Transfer,4258.57,Completed,20:24:00
TXN00001196,ACC0000653,22-Oct-22,Transfer,1082.35,Wire Transfer,Transfer,6192.73,Completed,12:49:00
TXN00001880,ACC0000666,03-Jun-22,Transfer,12021.43,Wire Transfer,Transfer,55102.39,Failed,08:41:00
TXN00002114,ACC0000666,11-Oct-22,Transfer,5270.4,Wire Transfer,Transfer,55102.39,Pending,13:28:00
TXN00001812,ACC0000693,09-Aug-22,Transfer,9175.7,Wire Transfer,Transfer,4827.55,Failed,12:28:00
TXN00001948,ACC0000010,19-Sep-24,Transfer,1812.53,Wire Transfer,Rent,8886.73,Failed,19:34:00
TXN00000735,ACC0000038,24-Aug-24,Transfer,3406,Wire Transfer,Rent,11317.73,Pending,21:41:00
TXN00003338,ACC0000039,20-Mar-23,Transfer,8533,Wire Transfer,Rent,46012.78,Completed,11:53:00
TXN00000135,ACC0000040,06-Jan-24,Transfer,2719.85,Wire Transfer,Rent,29915.45,Completed,08:41:00
TXN00001185,ACC0000041,14-Jun-22,Transfer,880.75,Wire Transfer,Rent,877.68,Completed,17:49:00
TXN00000094,ACC0000061,09-Mar-22,Transfer,8248.44,Wire Transfer,Rent,15447.6,Pending,19:06:00
TXN00001886,ACC0000061,02-Oct-22,Transfer,14292.27,Wire Transfer,Rent,15447.6,Failed,12:52:00
TXN00001581,ACC0000065,06-Apr-23,Transfer,2092.14,Wire Transfer,Rent,1122.39,Completed,20:42:00
TXN00003928,ACC0000077,19-Jun-24,Transfer,458.51,Wire Transfer,Rent,0,Pending,14:00:00
TXN00003263,ACC0000084,27-Sep-24,Transfer,9568.38,Wire Transfer,Rent,13112.37,Completed,19:43:00
TXN00002362,ACC0000094,04-Oct-23,Transfer,4096.97,Wire Transfer,Rent,25471.13,Completed,16:07:00
TXN00001290,ACC0000117,17-Dec-23,Transfer,1176.37,Wire Transfer,Rent,56663.46,Pending,14:10:00
TXN00004501,ACC0000137,17-Jun-24,Transfer,4311.13,Wire Transfer,Rent,20344.47,Failed,22:13:00
TXN00004675,ACC0000143,16-May-24,Transfer,1851.7,Wire Transfer,Rent,8503.07,Failed,22:33:00
TXN00003419,ACC0000144,07-Jun-22,Transfer,14899.97,Wire Transfer,Rent,25328.74,Pending,16:15:00
TXN00002995,ACC0000147,16-Jul-23,Transfer,4099.78,Wire Transfer,Rent,39579.96,Completed,18:36:00
TXN00000005,ACC0000157,29-Apr-24,Transfer,3142.68,Wire Transfer,Rent,1523.11,Failed,09:30:00
TXN00000950,ACC0000193,12-Nov-24,Transfer,2315.91,Wire Transfer,Rent,60571.6,Failed,17:55:00
TXN00001205,ACC0000201,24-May-24,Transfer,2843.86,Wire Transfer,Rent,706.73,Completed,15:52:00
TXN00000190,ACC0000206,17-Jun-23,Transfer,8375.14,Wire Transfer,Rent,13333.18,Pending,18:33:00
TXN00002139,ACC0000214,29-Jul-24,Transfer,12565.55,Wire Transfer,Rent,1615.58,Failed,14:34:00
TXN00001009,ACC0000226,13-Mar-23,Transfer,6097.4,Wire Transfer,Rent,8271.6,Completed,18:20:00
TXN00004396,ACC0000226,23-Apr-23,Transfer,7344.91,Wire Transfer,Rent,926.69,Completed,11:57:00
TXN00003266,ACC0000231,17-Nov-23,Transfer,756.12,Wire Transfer,Rent,4134.47,Failed,11:33:00
TXN00000241,ACC0000244,30-Jun-22,Transfer,4867.06,Wire Transfer,Rent,12793.74,Completed,08:45:00
TXN00001980,ACC0000259,24-Nov-23,Transfer,5073.7,Wire Transfer,Rent,17378.58,Failed,12:46:00
TXN00003959,ACC0000271,25-Sep-24,Transfer,2391.51,Wire Transfer,Rent,47177.83,Failed,12:38:00
TXN00000828,ACC0000273,24-Sep-23,Transfer,2423.66,Wire Transfer,Rent,42091.26,Failed,20:01:00
TXN00000182,ACC0000284,27-Mar-23,Transfer,13031.63,Wire Transfer,Rent,31597.7,Pending,09:19:00
TXN00002456,ACC0000295,20-Jun-22,Transfer,516.57,Wire Transfer,Rent,13536.04,Completed,20:13:00
TXN00000924,ACC0000297,11-Jul-23,Transfer,5100.43,Wire Transfer,Rent,670.22,Pending,22:03:00
TXN00000827,ACC0000299,03-Apr-23,Transfer,1527.78,Wire Transfer,Rent,878.52,Completed,08:58:00
TXN00004491,ACC0000303,20-Apr-24,Transfer,6277.89,Wire Transfer,Rent,449.27,Completed,17:40:00
TXN00003666,ACC0000319,02-Mar-22,Transfer,3604.9,Wire Transfer,Rent,15430.4,Failed,14:19:00
TXN00002460,ACC0000331,17-Nov-22,Transfer,14433.38,Wire Transfer,Rent,6835.28,Pending,13:07:00
TXN00002048,ACC0000334,18-Sep-24,Transfer,7220.1,Wire Transfer,Rent,65996.7,Pending,10:04:00
TXN00004019,ACC0000341,27-Aug-22,Transfer,6547.52,Wire Transfer,Rent,8375.49,Pending,16:24:00
TXN00003949,ACC0000342,24-Nov-23,Transfer,3628.81,Wire Transfer,Rent,72664.58,Failed,15:35:00
TXN00001537,ACC0000353,23-Jul-22,Transfer,11250.2,Wire Transfer,Rent,26499.62,Pending,22:59:00
TXN00000790,ACC0000354,11-Sep-23,Transfer,13790.12,Wire Transfer,Rent,30609.17,Pending,08:45:00
TXN00002813,ACC0000371,01-Jan-22,Transfer,12282.63,Wire Transfer,Rent,14527.51,Pending,15:13:00
TXN00004874,ACC0000374,06-Jun-23,Transfer,8339.78,Wire Transfer,Rent,71917.83,Pending,16:08:00
TXN00003170,ACC0000384,22-Mar-23,Transfer,9796.62,Wire Transfer,Rent,13517.15,Failed,17:56:00
TXN00003790,ACC0000409,04-Apr-22,Transfer,13004.53,Wire Transfer,Rent,5075.09,Failed,09:18:00
TXN00004486,ACC0000410,26-Jan-24,Transfer,3036.46,Wire Transfer,Rent,42046.33,Completed,12:32:00
TXN00001029,ACC0000437,21-Sep-23,Transfer,2481.63,Wire Transfer,Rent,394.03,Failed,12:10:00
TXN00001089,ACC0000453,13-Jun-22,Transfer,8763.14,Wire Transfer,Rent,31498,Pending,12:07:00
TXN00003707,ACC0000454,18-Oct-22,Transfer,9975.1,Wire Transfer,Rent,50250.59,Completed,22:09:00
TXN00003981,ACC0000457,12-Dec-23,Transfer,2900.58,Wire Transfer,Rent,1254.85,Completed,17:46:00
TXN00001772,ACC0000457,16-Jan-24,Transfer,444.79,Wire Transfer,Rent,41.21,Completed,12:05:00
TXN00001564,ACC0000457,18-Sep-24,Transfer,19.6,Wire Transfer,Rent,21.61,Completed,13:44:00
TXN00004266,ACC0000459,24-Oct-22,Transfer,3948.06,Wire Transfer,Rent,7000.04,Completed,21:22:00
TXN00000968,ACC0000462,02-Sep-24,Transfer,6694.35,Wire Transfer,Rent,18910.15,Completed,22:41:00
TXN00000545,ACC0000475,14-Feb-23,Transfer,1458.88,Wire Transfer,Rent,8756.12,Pending,21:50:00
TXN00002046,ACC0000488,23-Nov-22,Transfer,1002.07,Wire Transfer,Rent,126.52,Completed,15:21:00
TXN00000278,ACC0000499,02-Jul-23,Transfer,6942.47,Wire Transfer,Rent,43428.72,Failed,08:21:00
TXN00002163,ACC0000509,27-Feb-24,Transfer,2193.65,Wire Transfer,Rent,32048.39,Completed,10:30:00
TXN00001222,ACC0000524,11-Oct-23,Transfer,5138.33,Wire Transfer,Rent,24814.97,Pending,09:10:00
TXN00004177,ACC0000530,18-Apr-23,Transfer,5933.65,Wire Transfer,Rent,24538.15,Pending,13:44:00
TXN00001742,ACC0000542,09-Apr-24,Transfer,1460,Wire Transfer,Rent,23907.1,Pending,22:30:00
TXN00004677,ACC0000544,14-Jan-24,Transfer,14882.42,Wire Transfer,Rent,30149.96,Failed,15:30:00
TXN00002267,ACC0000551,07-Aug-22,Transfer,9010.49,Wire Transfer,Rent,14277.36,Pending,22:21:00
TXN00000704,ACC0000563,06-Sep-23,Transfer,8982.63,Wire Transfer,Rent,16529.61,Pending,17:02:00
TXN00002723,ACC0000570,24-Jul-23,Transfer,925.87,Wire Transfer,Rent,5181.74,Failed,12:58:00
TXN00001607,ACC0000572,03-Aug-20,Transfer,941.28,Wire Transfer,Rent,4904.6,Completed,13:34:00
TXN00000293,ACC0000587,19-Nov-24,Transfer,10120.69,Wire Transfer,Rent,26156.11,Pending,20:12:00
TXN00003089,ACC0000595,28-Nov-24,Transfer,12525.28,Wire Transfer,Rent,14028.26,Completed,21:17:00
TXN00001740,ACC0000597,16-Nov-23,Transfer,14166.28,Wire Transfer,Rent,18760.49,Completed,22:58:00
TXN00001297,ACC0000603,06-Jun-18,Transfer,14866.64,Wire Transfer,Rent,41265.01,Pending,09:30:00
TXN00002222,ACC0000616,29-Aug-24,Transfer,2187.17,Wire Transfer,Rent,9100.87,Pending,16:09:00
TXN00002675,ACC0000637,26-Sep-24,Transfer,8001.71,Wire Transfer,Rent,38615.07,Completed,08:51:00
TXN00000876,ACC0000638,16-Mar-23,Transfer,4853.26,Wire Transfer,Rent,9771.43,Pending,12:43:00
TXN00001677,ACC0000643,27-May-24,Transfer,2794.07,Wire Transfer,Rent,14451,Pending,14:21:00
TXN00004405,ACC0000674,04-Dec-23,Transfer,471.71,Wire Transfer,Rent,4464.3,Failed,17:39:00
TXN00004746,ACC0000681,27-May-22,Transfer,7111.58,Wire Transfer,Rent,14052.58,Completed,08:46:00
TXN00004741,ACC0000685,22-Jan-23,Transfer,3226.44,Wire Transfer,Rent,41273.2,Completed,15:29:00
TXN00001657,ACC0000687,29-Mar-24,Transfer,2300.61,Wire Transfer,Rent,378.75,Pending,22:35:00
TXN00004373,ACC0000690,14-Sep-22,Transfer,9494.82,Wire Transfer,Rent,47392.31,Failed,21:30:00
TXN00002191,ACC0000005,22-Mar-24,Transfer,13745.27,Wire Transfer,Investment,35567.63,Completed,11:24:00
TXN00001229,ACC0000009,09-Oct-24,Transfer,14530.07,Wire Transfer,Investment,360.78,Pending,21:15:00
TXN00002316,ACC0000016,23-Feb-24,Transfer,4573.84,Wire Transfer,Investment,52988.94,Completed,11:38:00
TXN00001824,ACC0000018,09-Jul-24,Transfer,10889.31,Wire Transfer,Investment,8355.85,Pending,20:31:00
TXN00003250,ACC0000020,05-Oct-22,Transfer,2413.52,Wire Transfer,Investment,13683.95,Pending,15:36:00
TXN00002543,ACC0000039,03-Feb-23,Transfer,3355.78,Wire Transfer,Investment,54545.78,Failed,15:31:00
TXN00004360,ACC0000047,15-May-24,Transfer,11328.13,Wire Transfer,Investment,61480.13,Failed,19:10:00
TXN00003642,ACC0000066,25-Oct-22,Transfer,1159.37,Wire Transfer,Investment,55228.07,Pending,10:17:00
TXN00000894,ACC0000066,12-Sep-23,Transfer,1320.6,Wire Transfer,Investment,55228.07,Pending,12:44:00
TXN00001055,ACC0000081,28-Feb-23,Transfer,12392.63,Wire Transfer,Investment,2818.85,Completed,15:39:00
TXN00000096,ACC0000081,03-Aug-24,Transfer,2069.46,Wire Transfer,Investment,749.39,Completed,21:32:00
TXN00002524,ACC0000087,20-Feb-23,Transfer,14196.9,Wire Transfer,Investment,6571.66,Completed,12:34:00
TXN00004310,ACC0000090,19-Dec-24,Transfer,13377.08,Wire Transfer,Investment,10688.27,Failed,16:20:00
TXN00003397,ACC0000092,10-Sep-22,Transfer,13501.76,Wire Transfer,Investment,4382.67,Failed,09:15:00
TXN00001232,ACC0000095,17-Sep-24,Transfer,14091.64,Wire Transfer,Investment,13693.24,Pending,21:29:00
TXN00003386,ACC0000123,01-Dec-22,Transfer,10816.23,Wire Transfer,Investment,62622.28,Failed,20:19:00
TXN00001572,ACC0000142,09-Mar-22,Transfer,13485.69,Wire Transfer,Investment,52673.13,Completed,21:56:00
TXN00001788,ACC0000156,24-Jun-23,Transfer,9858.7,Wire Transfer,Investment,40426.03,Pending,21:55:00
TXN00002520,ACC0000163,15-Jan-24,Transfer,1776.04,Wire Transfer,Investment,8737.54,Completed,18:02:00
TXN00004902,ACC0000166,09-Jan-24,Transfer,14477.5,Wire Transfer,Investment,45387.45,Failed,21:41:00
TXN00000981,ACC0000184,12-Jul-23,Transfer,170.09,Wire Transfer,Investment,916.46,Failed,16:22:00
TXN00003695,ACC0000195,27-Aug-24,Transfer,4780.91,Wire Transfer,Investment,1570.23,Completed,13:45:00
TXN00000566,ACC0000197,12-Feb-23,Transfer,9299.07,Wire Transfer,Investment,45107.44,Pending,11:52:00
TXN00000340,ACC0000204,11-Dec-24,Transfer,14627.15,Wire Transfer,Investment,59974.4,Pending,20:26:00
TXN00001778,ACC0000205,17-Oct-22,Transfer,5412.73,Wire Transfer,Investment,8748.61,Completed,17:30:00
TXN00000387,ACC0000220,03-Feb-24,Transfer,1699.49,Wire Transfer,Investment,64482.63,Failed,16:22:00
TXN00002400,ACC0000225,25-Oct-24,Transfer,11434.54,Wire Transfer,Investment,7151.49,Completed,20:54:00
TXN00003755,ACC0000227,22-Oct-22,Transfer,13631.67,Wire Transfer,Investment,41129.4,Pending,22:11:00
TXN00004312,ACC0000234,26-Jul-24,Transfer,9094.45,Wire Transfer,Investment,579.56,Pending,18:49:00
TXN00000727,ACC0000264,05-Mar-24,Transfer,14937.94,Wire Transfer,Investment,45565.63,Pending,22:32:00
TXN00004297,ACC0000269,28-Jul-22,Transfer,13499.76,Wire Transfer,Investment,13593.94,Completed,19:12:00
TXN00002259,ACC0000269,19-Mar-23,Transfer,11483.7,Wire Transfer,Investment,2110.24,Completed,17:40:00
TXN00002811,ACC0000276,27-Apr-22,Transfer,11827.86,Wire Transfer,Investment,5735.52,Pending,18:50:00
TXN00000333,ACC0000277,19-Jun-24,Transfer,12175.57,Wire Transfer,Investment,22113.86,Pending,09:59:00
TXN00001658,ACC0000281,27-Jun-22,Transfer,13473.73,Wire Transfer,Investment,436.7,Failed,22:57:00
TXN00001437,ACC0000284,13-Jan-23,Transfer,1369.48,Wire Transfer,Investment,32734.48,Completed,16:16:00
TXN00002246,ACC0000286,12-Dec-22,Transfer,14578.3,Wire Transfer,Investment,1732.67,Failed,08:11:00
TXN00001922,ACC0000287,26-Feb-24,Transfer,2520.4,Wire Transfer,Investment,2494.19,Completed,19:46:00
TXN00002188,ACC0000305,17-Nov-23,Transfer,6630.86,Wire Transfer,Investment,9903.99,Pending,10:08:00
TXN00000829,ACC0000309,29-Sep-24,Transfer,3937.35,Wire Transfer,Investment,11791.63,Pending,11:30:00
TXN00001114,ACC0000315,21-Feb-23,Transfer,11423.4,Wire Transfer,Investment,1600.69,Failed,19:07:00
TXN00003506,ACC0000318,01-May-24,Transfer,3039.72,Wire Transfer,Investment,28163.04,Completed,11:01:00
TXN00001859,ACC0000327,27-Mar-23,Transfer,11614.66,Wire Transfer,Investment,18531.77,Completed,13:02:00
TXN00002808,ACC0000331,08-Jun-23,Transfer,4140.61,Wire Transfer,Investment,2694.67,Completed,11:07:00
TXN00001000,ACC0000336,25-Jul-24,Transfer,3135.21,Wire Transfer,Investment,4266.16,Pending,20:24:00
TXN00001118,ACC0000356,14-Dec-23,Transfer,11249.82,Wire Transfer,Investment,1924.24,Completed,16:11:00
TXN00004783,ACC0000383,07-Feb-22,Transfer,10649.1,Wire Transfer,Investment,21824.36,Pending,19:06:00
TXN00003713,ACC0000385,08-Sep-22,Transfer,808.12,Wire Transfer,Investment,28127.39,Pending,19:19:00
TXN00001027,ACC0000401,11-Aug-24,Transfer,9886.74,Wire Transfer,Investment,0,Failed,18:32:00
TXN00002573,ACC0000405,15-Mar-23,Transfer,9873.63,Wire Transfer,Investment,32427.4,Pending,11:21:00
TXN00002650,ACC0000406,31-Jan-24,Transfer,11631.51,Wire Transfer,Investment,24723.52,Pending,13:25:00
TXN00002193,ACC0000429,16-Feb-23,Transfer,7945.8,Wire Transfer,Investment,16095.01,Failed,16:44:00
TXN00000236,ACC0000432,08-Nov-24,Transfer,9525.49,Wire Transfer,Investment,6806.83,Pending,11:25:00
TXN00001709,ACC0000434,09-May-24,Transfer,825.99,Wire Transfer,Investment,385.76,Completed,12:56:00
TXN00000407,ACC0000435,16-Jul-24,Transfer,3887.36,Wire Transfer,Investment,29268.11,Pending,22:11:00
TXN00004100,ACC0000449,02-Jul-24,Transfer,12254.33,Wire Transfer,Investment,33785.75,Failed,20:30:00
TXN00000629,ACC0000469,08-Jun-23,Transfer,14823.54,Wire Transfer,Investment,10987.29,Failed,11:02:00
TXN00004545,ACC0000509,18-Sep-24,Transfer,3763.45,Wire Transfer,Investment,38795.3,Completed,22:55:00
TXN00003185,ACC0000512,14-Jan-22,Transfer,5995.25,Wire Transfer,Investment,14422.69,Failed,12:30:00
TXN00004924,ACC0000552,15-Oct-23,Transfer,640.32,Wire Transfer,Investment,32525.6,Pending,18:15:00
TXN00000558,ACC0000565,23-Mar-23,Transfer,7302.85,Wire Transfer,Investment,6463.47,Completed,15:57:00
TXN00002368,ACC0000565,21-Jan-24,Transfer,6830.77,Wire Transfer,Investment,15262.82,Failed,19:17:00
TXN00003134,ACC0000570,27-Dec-24,Transfer,206.56,Wire Transfer,Investment,31.67,Completed,18:01:00
TXN00002471,ACC0000594,20-Jul-23,Transfer,10216.98,Wire Transfer,Investment,34403.72,Pending,12:52:00
TXN00002733,ACC0000594,01-Apr-24,Transfer,11466.81,Wire Transfer,Investment,34403.72,Failed,19:29:00
TXN00000897,ACC0000597,07-Jun-23,Transfer,4700.81,Wire Transfer,Investment,32926.77,Failed,21:20:00
TXN00004374,ACC0000614,30-Sep-24,Transfer,4701.05,Wire Transfer,Investment,49695.23,Failed,14:12:00
TXN00003862,ACC0000615,15-Jun-24,Transfer,4609.55,Wire Transfer,Investment,52522.79,Pending,16:53:00
TXN00002589,ACC0000624,20-Dec-23,Transfer,6692.99,Wire Transfer,Investment,10624.88,Pending,13:24:00
TXN00004395,ACC0000625,01-Oct-22,Transfer,13483.5,Wire Transfer,Investment,9701.71,Pending,19:57:00
TXN00001563,ACC0000625,25-Jan-24,Transfer,13021.96,Wire Transfer,Investment,9897.53,Pending,21:10:00
TXN00002922,ACC0000635,14-Jun-23,Transfer,7931.41,Wire Transfer,Investment,18376.83,Completed,21:46:00
TXN00000386,ACC0000636,15-Feb-22,Transfer,10883.37,Wire Transfer,Investment,30525.48,Pending,18:36:00
TXN00004207,ACC0000642,31-Jan-23,Transfer,13006.01,Wire Transfer,Investment,8856.38,Completed,20:32:00
TXN00004489,ACC0000644,20-Jan-22,Transfer,7575.86,Wire Transfer,Investment,14935.26,Failed,17:46:00
TXN00002327,ACC0000654,23-Mar-24,Transfer,12911.39,Wire Transfer,Investment,43308.58,Failed,16:35:00
TXN00000884,ACC0000655,23-Nov-22,Transfer,11148.96,Wire Transfer,Investment,1272.76,Failed,18:01:00
TXN00001418,ACC0000655,20-Aug-23,Transfer,7641.28,Wire Transfer,Investment,1272.76,Failed,14:37:00
TXN00003021,ACC0000660,18-Mar-22,Transfer,11493.08,Wire Transfer,Investment,2434.71,Completed,19:20:00
TXN00000511,ACC0000664,16-Feb-24,Transfer,2542.59,Wire Transfer,Investment,48848.71,Pending,18:08:00
TXN00004620,ACC0000665,08-Jan-23,Transfer,1263.79,Wire Transfer,Investment,7483.76,Failed,09:37:00
TXN00000738,ACC0000003,06-Apr-23,Atm Withdrawal,9462.25,Atm,Utility,28104.41,Completed,10:59:00
TXN00003391,ACC0000003,20-Dec-24,Atm Withdrawal,4274.18,Atm,Utility,7859.02,Completed,09:14:00
TXN00001570,ACC0000010,19-Nov-23,Atm Withdrawal,362.54,Atm,Utility,19335.59,Completed,14:27:00
TXN00001542,ACC0000014,29-Nov-22,Atm Withdrawal,14430.81,Atm,Utility,18662.13,Completed,10:20:00
TXN00003160,ACC0000020,06-Feb-24,Atm Withdrawal,6657.12,Atm,Utility,6281.18,Completed,17:54:00
TXN00003110,ACC0000022,12-Jun-23,Atm Withdrawal,1361.6,Atm,Utility,50019.9,Completed,16:51:00
TXN00004670,ACC0000036,16-May-22,Atm Withdrawal,9844.91,Atm,Utility,6083.29,Completed,21:44:00
TXN00004982,ACC0000039,10-Jul-22,Atm Withdrawal,237.57,Atm,Utility,54545.78,Completed,14:58:00
TXN00003988,ACC0000042,25-Feb-23,Atm Withdrawal,7586.77,Atm,Utility,9727.28,Completed,21:54:00
TXN00003066,ACC0000046,25-Nov-24,Atm Withdrawal,4755.84,Atm,Utility,34343.85,Completed,11:40:00
TXN00000012,ACC0000050,22-Aug-22,Atm Withdrawal,6467.66,Atm,Utility,30778.13,Completed,12:59:00
TXN00000752,ACC0000056,27-Sep-22,Atm Withdrawal,1534.37,Atm,Utility,47327.03,Completed,22:03:00
TXN00000249,ACC0000057,26-Sep-24,Atm Withdrawal,12862.34,Atm,Utility,10596.94,Completed,08:17:00
TXN00002847,ACC0000058,04-Dec-22,Atm Withdrawal,11033.54,Atm,Utility,14875.8,Completed,14:04:00
TXN00000062,ACC0000062,23-Oct-23,Atm Withdrawal,7630.36,Atm,Utility,5,Completed,10:04:00
TXN00004565,ACC0000080,29-Dec-22,Atm Withdrawal,3423.15,Atm,Utility,4620.95,Completed,19:37:00
TXN00003847,ACC0000085,10-Jul-24,Atm Withdrawal,954.64,Atm,Utility,1236.02,Completed,11:55:00
TXN00002451,ACC0000109,19-Feb-22,Atm Withdrawal,3026.58,Atm,Utility,3007.51,Completed,14:26:00
TXN00000242,ACC0000111,19-Oct-22,Atm Withdrawal,2828.7,Atm,Utility,12726.12,Completed,20:07:00
TXN00004682,ACC0000121,13-Jan-24,Atm Withdrawal,6236.76,Atm,Utility,44404.57,Completed,20:16:00
TXN00003313,ACC0000149,08-Jan-23,Atm Withdrawal,7274.56,Atm,Utility,17225.48,Completed,18:04:00
TXN00000728,ACC0000151,03-Nov-24,Atm Withdrawal,67.82,Atm,Utility,65.73,Completed,21:14:00
TXN00002802,ACC0000165,20-Sep-24,Atm Withdrawal,11084.13,Atm,Utility,22380.18,Completed,17:49:00
TXN00004125,ACC0000182,28-Jul-23,Atm Withdrawal,4837.28,Atm,Utility,38935.36,Completed,14:49:00
TXN00001184,ACC0000191,13-Oct-23,Atm Withdrawal,7116.61,Atm,Utility,33097.02,Completed,08:52:00
TXN00004431,ACC0000195,06-Nov-24,Atm Withdrawal,187.63,Atm,Utility,50.25,Completed,08:00:00
TXN00001186,ACC0000225,16-Jan-24,Atm Withdrawal,8873,Atm,Utility,7495.25,Completed,12:13:00
TXN00004622,ACC0000243,04-Dec-24,Atm Withdrawal,6134.23,Atm,Utility,2788.24,Completed,10:17:00
TXN00001686,ACC0000245,05-Jun-22,Atm Withdrawal,2768.85,Atm,Utility,3519.86,Completed,16:35:00
TXN00004279,ACC0000255,02-Jan-24,Atm Withdrawal,9819.9,Atm,Utility,2703.89,Completed,11:17:00
TXN00001676,ACC0000258,10-Dec-22,Atm Withdrawal,2669.07,Atm,Utility,15634.75,Completed,11:27:00
TXN00002430,ACC0000262,24-Mar-22,Atm Withdrawal,11862.69,Atm,Utility,0,Completed,11:06:00
TXN00001135,ACC0000265,04-Feb-23,Atm Withdrawal,8590.17,Atm,Utility,24770.01,Completed,15:47:00
TXN00000425,ACC0000268,05-Feb-24,Atm Withdrawal,13110.51,Atm,Utility,44474.42,Completed,22:01:00
TXN00004483,ACC0000276,29-Aug-22,Atm Withdrawal,1219.83,Atm,Utility,4515.69,Completed,15:40:00
TXN00003573,ACC0000284,22-Oct-22,Atm Withdrawal,14440.34,Atm,Utility,36653.08,Completed,16:33:00
TXN00003748,ACC0000298,30-Sep-23,Atm Withdrawal,8660.73,Atm,Utility,11919.56,Completed,22:44:00
TXN00002151,ACC0000301,14-May-24,Atm Withdrawal,1262.51,Atm,Utility,183,Completed,10:06:00
TXN00003999,ACC0000305,16-Apr-22,Atm Withdrawal,2823.7,Atm,Utility,13248.56,Completed,15:52:00
TXN00002331,ACC0000310,16-Jan-23,Atm Withdrawal,7757.15,Atm,Utility,36802.72,Completed,09:14:00
TXN00002624,ACC0000317,26-Aug-24,Atm Withdrawal,13744.56,Atm,Utility,28472.12,Completed,10:48:00
TXN00002832,ACC0000318,25-Nov-24,Atm Withdrawal,11432.1,Atm,Utility,17227.74,Completed,16:39:00
TXN00001480,ACC0000324,31-Oct-22,Atm Withdrawal,10018.15,Atm,Utility,3168.56,Completed,08:38:00
TXN00002851,ACC0000333,27-Aug-22,Atm Withdrawal,3434.98,Atm,Utility,240.84,Completed,21:20:00
TXN00003688,ACC0000359,29-Apr-23,Atm Withdrawal,2256.32,Atm,Utility,25467.35,Completed,13:06:00
TXN00001008,ACC0000367,20-Aug-24,Atm Withdrawal,56.48,Atm,Utility,27457.43,Completed,17:22:00
TXN00004201,ACC0000380,31-May-23,Atm Withdrawal,6235.06,Atm,Utility,10127.57,Completed,18:01:00
TXN00002281,ACC0000388,12-Aug-24,Atm Withdrawal,6957.22,Atm,Utility,15175.57,Completed,21:05:00
TXN00004936,ACC0000397,19-Nov-23,Atm Withdrawal,98.58,Atm,Utility,21717.79,Completed,18:54:00
TXN00002106,ACC0000416,07-Jan-22,Atm Withdrawal,5065.31,Atm,Utility,1708.59,Completed,13:48:00
TXN00000200,ACC0000416,12-Apr-23,Atm Withdrawal,298.58,Atm,Utility,131.23,Completed,17:32:00
TXN00000222,ACC0000426,21-May-23,Atm Withdrawal,10530.18,Atm,Utility,6801.63,Completed,13:21:00
TXN00001630,ACC0000446,04-May-23,Atm Withdrawal,7578.12,Atm,Utility,18760.44,Completed,20:30:00
TXN00001553,ACC0000466,01-Nov-23,Atm Withdrawal,1131.01,Atm,Utility,990.89,Completed,11:27:00
TXN00004624,ACC0000473,18-Feb-24,Atm Withdrawal,4180.55,Atm,Utility,26151.08,Completed,13:05:00
TXN00001505,ACC0000478,21-Dec-23,Atm Withdrawal,14062.04,Atm,Utility,18657.78,Completed,09:11:00
TXN00003289,ACC0000482,16-Nov-22,Atm Withdrawal,12868.48,Atm,Utility,0,Completed,15:55:00
TXN00001269,ACC0000512,01-Jan-22,Atm Withdrawal,8523,Atm,Utility,14422.69,Completed,21:37:00
TXN00002658,ACC0000515,20-May-23,Atm Withdrawal,3834.26,Atm,Utility,36095.98,Completed,13:19:00
TXN00003392,ACC0000552,22-Mar-24,Atm Withdrawal,3431.47,Atm,Utility,32026.06,Completed,18:21:00
TXN00000313,ACC0000555,09-Jun-23,Atm Withdrawal,11410.08,Atm,Utility,7052.72,Completed,15:03:00
TXN00004578,ACC0000564,16-Mar-23,Atm Withdrawal,1498.66,Atm,Utility,1364.95,Completed,08:44:00
TXN00002994,ACC0000565,01-Dec-24,Atm Withdrawal,3469.04,Atm,Utility,15507.79,Completed,19:15:00
TXN00003245,ACC0000575,11-Aug-22,Atm Withdrawal,5688.18,Atm,Utility,57978.22,Completed,10:49:00
TXN00004075,ACC0000583,22-Jul-24,Atm Withdrawal,2868.34,Atm,Utility,10150.64,Completed,22:56:00
TXN00003228,ACC0000584,07-Aug-22,Atm Withdrawal,3855.05,Atm,Utility,1429.63,Completed,09:46:00
TXN00001150,ACC0000585,27-Jan-24,Atm Withdrawal,3820.51,Atm,Utility,2379.57,Completed,22:50:00
TXN00004474,ACC0000589,26-Aug-22,Atm Withdrawal,8964.49,Atm,Utility,1100.9,Completed,21:00:00
TXN00004349,ACC0000604,29-May-24,Atm Withdrawal,13011.52,Atm,Utility,17402.83,Completed,20:48:00
TXN00003803,ACC0000611,01-Feb-22,Atm Withdrawal,1778.93,Atm,Utility,8589.09,Completed,10:43:00
TXN00000314,ACC0000616,09-May-23,Atm Withdrawal,9978.45,Atm,Utility,25756.74,Completed,15:03:00
TXN00004032,ACC0000617,16-May-22,Atm Withdrawal,5754.82,Atm,Utility,40962.04,Completed,10:03:00
TXN00004185,ACC0000631,08-Sep-23,Atm Withdrawal,3468.4,Atm,Utility,282.6,Completed,21:37:00
TXN00004534,ACC0000633,09-Jul-24,Atm Withdrawal,14800.5,Atm,Utility,35184.47,Completed,08:55:00
TXN00003008,ACC0000653,15-Feb-22,Atm Withdrawal,4509.04,Atm,Utility,7275.08,Completed,10:38:00
TXN00000065,ACC0000656,26-Jul-23,Atm Withdrawal,5631.75,Atm,Utility,1317.17,Completed,09:41:00
TXN00001513,ACC0000672,20-Nov-24,Atm Withdrawal,738.36,Atm,Utility,33822.15,Completed,08:37:00
TXN00004586,ACC0000679,05-Feb-24,Atm Withdrawal,14717.31,Atm,Utility,37420.11,Completed,10:09:00
TXN00001097,ACC0000684,03-Nov-23,Atm Withdrawal,12687.57,Atm,Utility,5312.11,Completed,10:35:00
TXN00003076,ACC0000685,30-Dec-24,Atm Withdrawal,7257.14,Atm,Utility,49285.23,Completed,21:37:00
TXN00001598,ACC0000695,21-Dec-23,Atm Withdrawal,1206.91,Atm,Utility,942.63,Completed,17:58:00
TXN00000609,ACC0000699,17-Nov-23,Atm Withdrawal,738.36,Atm,Utility,354.15,Completed,15:03:00
TXN00002656,ACC0000026,16-Nov-22,Atm Withdrawal,14491.13,Atm,Utility,15202.82,Pending,12:14:00
TXN00003772,ACC0000026,07-Jun-23,Atm Withdrawal,6519.9,Atm,Utility,15202.82,Pending,21:35:00
TXN00000923,ACC0000038,11-Feb-23,Atm Withdrawal,14856.57,Atm,Utility,9639.54,Pending,14:05:00
TXN00000689,ACC0000044,01-Nov-24,Atm Withdrawal,2456.9,Atm,Utility,14140.14,Pending,17:04:00
TXN00004404,ACC0000050,02-Oct-22,Atm Withdrawal,14923.42,Atm,Utility,30778.13,Pending,08:10:00
TXN00001091,ACC0000064,19-Nov-24,Atm Withdrawal,4761.02,Atm,Utility,96.29,Pending,10:30:00
TXN00001555,ACC0000071,27-Jul-24,Atm Withdrawal,13640.52,Atm,Utility,62840.98,Pending,11:43:00
TXN00003186,ACC0000074,25-Jun-23,Atm Withdrawal,139.53,Atm,Utility,48905.35,Pending,18:24:00
TXN00000899,ACC0000098,05-Dec-22,Atm Withdrawal,13139.62,Atm,Utility,55377.75,Pending,16:03:00
TXN00004009,ACC0000103,25-Apr-24,Atm Withdrawal,3555.49,Atm,Utility,34623.46,Pending,19:47:00
TXN00001187,ACC0000108,15-Nov-22,Atm Withdrawal,2965.28,Atm,Utility,10764.07,Pending,16:51:00
TXN00001323,ACC0000108,24-May-23,Atm Withdrawal,1506.53,Atm,Utility,7489.82,Pending,20:43:00
TXN00002064,ACC0000113,11-May-23,Atm Withdrawal,674.64,Atm,Utility,44806.65,Pending,18:46:00
TXN00003126,ACC0000125,08-Jun-23,Atm Withdrawal,5686.64,Atm,Utility,30881.18,Pending,11:37:00
TXN00004372,ACC0000131,12-Feb-21,Atm Withdrawal,2300.25,Atm,Utility,43745.2,Pending,14:35:00
TXN00001376,ACC0000133,12-Jul-23,Atm Withdrawal,6899.96,Atm,Utility,2033.54,Pending,16:00:00
TXN00000535,ACC0000140,31-Dec-22,Atm Withdrawal,1780.51,Atm,Utility,727.64,Pending,12:32:00
TXN00003195,ACC0000143,13-Nov-23,Atm Withdrawal,2973.2,Atm,Utility,9604.98,Pending,15:00:00
TXN00003637,ACC0000166,19-Nov-24,Atm Withdrawal,3534.86,Atm,Utility,45387.45,Pending,16:20:00
TXN00003272,ACC0000191,15-Sep-22,Atm Withdrawal,1237.92,Atm,Utility,43203.48,Pending,17:50:00
TXN00000837,ACC0000199,31-Jul-23,Atm Withdrawal,14990.95,Atm,Utility,73287.46,Pending,08:56:00
TXN00003628,ACC0000200,29-Apr-24,Atm Withdrawal,8193.03,Atm,Utility,43592.82,Pending,12:21:00
TXN00001956,ACC0000200,10-May-24,Atm Withdrawal,9594.54,Atm,Utility,43592.82,Pending,11:33:00
TXN00002981,ACC0000202,05-Jul-24,Atm Withdrawal,23.07,Atm,Utility,47373.41,Pending,13:09:00
TXN00000881,ACC0000203,22-May-23,Atm Withdrawal,4335.17,Atm,Utility,52497.01,Pending,10:09:00
TXN00004994,ACC0000203,01-Jul-24,Atm Withdrawal,8001.05,Atm,Utility,61483.33,Pending,15:46:00
TXN00002092,ACC0000205,15-Jun-24,Atm Withdrawal,2308.76,Atm,Utility,2738.43,Pending,20:29:00
TXN00001136,ACC0000210,04-Oct-23,Atm Withdrawal,13188.56,Atm,Utility,76655.83,Pending,09:45:00
TXN00001257,ACC0000235,12-Sep-23,Atm Withdrawal,8847.22,Atm,Utility,33477.68,Pending,21:48:00
TXN00004023,ACC0000240,21-Mar-24,Atm Withdrawal,3012.88,Atm,Utility,6640.96,Pending,16:29:00
TXN00002205,ACC0000241,27-May-22,Atm Withdrawal,12538.6,Atm,Utility,553.45,Pending,08:10:00
TXN00001497,ACC0000242,09-Dec-22,Atm Withdrawal,12910.91,Atm,Utility,7057.36,Pending,13:01:00
TXN00000954,ACC0000245,17-May-22,Atm Withdrawal,2228.98,Atm,Utility,6288.71,Pending,09:41:00
TXN00003890,ACC0000248,31-Jan-22,Atm Withdrawal,12581.09,Atm,Utility,16773.66,Pending,12:07:00
TXN00004974,ACC0000250,27-Feb-22,Atm Withdrawal,1449.88,Atm,Utility,21872.38,Pending,16:46:00
TXN00002077,ACC0000252,13-Jun-24,Atm Withdrawal,3549.6,Atm,Utility,3514.53,Pending,12:05:00
TXN00003177,ACC0000254,26-Apr-22,Atm Withdrawal,5856.53,Atm,Utility,26560.36,Pending,16:33:00
TXN00001911,ACC0000266,14-Nov-24,Atm Withdrawal,5153.8,Atm,Utility,43917.43,Pending,16:05:00
TXN00002939,ACC0000273,31-Jan-22,Atm Withdrawal,12253.54,Atm,Utility,45287.46,Pending,14:50:00
TXN00003151,ACC0000286,26-Jun-24,Atm Withdrawal,5177.76,Atm,Utility,186.47,Pending,08:46:00
TXN00000838,ACC0000290,07-Apr-24,Atm Withdrawal,14575.65,Atm,Utility,1111.37,Pending,11:23:00
TXN00003381,ACC0000296,18-Mar-24,Atm Withdrawal,5392.65,Atm,Utility,32708.58,Pending,11:24:00
TXN00004825,ACC0000299,15-Jul-23,Atm Withdrawal,4178.73,Atm,Utility,878.52,Pending,19:08:00
TXN00003919,ACC0000301,15-Dec-24,Atm Withdrawal,501.58,Atm,Utility,109.1,Pending,11:39:00
TXN00004344,ACC0000309,06-Jul-24,Atm Withdrawal,4215.47,Atm,Utility,11791.63,Pending,15:38:00
TXN00000050,ACC0000310,26-Jan-22,Atm Withdrawal,12211.39,Atm,Utility,44559.87,Pending,13:54:00
TXN00001126,ACC0000324,17-Mar-24,Atm Withdrawal,14198.31,Atm,Utility,8369.04,Pending,16:08:00
TXN00003821,ACC0000331,17-Jan-23,Atm Withdrawal,2781.37,Atm,Utility,6835.28,Pending,14:17:00
TXN00003627,ACC0000335,19-Dec-24,Atm Withdrawal,9737.2,Atm,Utility,13471.08,Pending,21:22:00
TXN00003783,ACC0000351,15-Sep-22,Atm Withdrawal,321.79,Atm,Utility,39257.43,Pending,17:48:00
TXN00001510,ACC0000352,07-Aug-23,Atm Withdrawal,8643.43,Atm,Utility,44556.96,Pending,15:23:00
TXN00004543,ACC0000352,23-Feb-24,Atm Withdrawal,3764.84,Atm,Utility,44556.96,Pending,22:37:00
TXN00001079,ACC0000367,01-Jul-24,Atm Withdrawal,11730.58,Atm,Utility,27513.91,Pending,16:23:00
TXN00004484,ACC0000378,20-Feb-23,Atm Withdrawal,14425.45,Atm,Utility,12835.63,Pending,17:15:00
TXN00004644,ACC0000398,17-Aug-19,Atm Withdrawal,11471.08,Atm,Utility,23575.88,Pending,14:18:00
TXN00003352,ACC0000403,19-Jan-24,Atm Withdrawal,540.46,Atm,Utility,54764.95,Pending,11:12:00
TXN00001691,ACC0000443,01-May-24,Atm Withdrawal,8317.88,Atm,Utility,9015.9,Pending,14:57:00
TXN00002789,ACC0000448,03-Feb-22,Atm Withdrawal,1754.18,Atm,Utility,44454.84,Pending,21:15:00
TXN00001776,ACC0000458,20-Jun-24,Atm Withdrawal,10385.61,Atm,Utility,2762.56,Pending,12:42:00
TXN00002599,ACC0000478,03-Oct-24,Atm Withdrawal,14759.18,Atm,Utility,3708.02,Pending,22:25:00
TXN00001629,ACC0000481,21-Aug-24,Atm Withdrawal,6587.2,Atm,Utility,8909.22,Pending,21:31:00
TXN00004536,ACC0000483,30-Sep-23,Atm Withdrawal,12868.81,Atm,Utility,38410.69,Pending,11:14:00
TXN00003926,ACC0000483,26-Dec-24,Atm Withdrawal,6409.5,Atm,Utility,45324.1,Pending,19:14:00
TXN00002616,ACC0000511,11-Jan-24,Atm Withdrawal,2888.19,Atm,Utility,3016.59,Pending,19:14:00
TXN00004947,ACC0000522,07-Jun-23,Atm Withdrawal,10639.24,Atm,Utility,41972.3,Pending,09:23:00
TXN00001426,ACC0000530,28-Sep-23,Atm Withdrawal,11302.59,Atm,Utility,24538.15,Pending,11:51:00
TXN00001219,ACC0000537,04-Jan-22,Atm Withdrawal,5190.49,Atm,Utility,23922.83,Pending,19:29:00
TXN00001393,ACC0000541,02-Jan-23,Atm Withdrawal,10949.69,Atm,Utility,19223.92,Pending,17:34:00
TXN00000392,ACC0000543,02-Dec-24,Atm Withdrawal,1841.33,Atm,Utility,19627.07,Pending,08:26:00
TXN00003644,ACC0000558,19-Feb-22,Atm Withdrawal,4894.72,Atm,Utility,4124.08,Pending,20:36:00
TXN00001748,ACC0000561,29-Jan-24,Atm Withdrawal,10981.15,Atm,Utility,8153.02,Pending,14:43:00
TXN00003893,ACC0000565,09-Sep-22,Atm Withdrawal,220.57,Atm,Utility,15597.95,Pending,11:24:00
TXN00003427,ACC0000573,28-Oct-22,Atm Withdrawal,14651.29,Atm,Utility,46051.74,Pending,08:56:00
TXN00002196,ACC0000585,12-Mar-22,Atm Withdrawal,5017.26,Atm,Utility,32633.6,Pending,16:25:00
TXN00003841,ACC0000595,09-Jul-22,Atm Withdrawal,10118.62,Atm,Utility,16902.22,Pending,22:20:00
TXN00001741,ACC0000599,11-Feb-23,Atm Withdrawal,6435.54,Atm,Utility,22529.93,Pending,08:17:00
TXN00002686,ACC0000604,27-May-23,Atm Withdrawal,4880.21,Atm,Utility,35794.16,Pending,18:21:00
TXN00002254,ACC0000615,04-Oct-22,Atm Withdrawal,6354.66,Atm,Utility,49055.01,Pending,16:39:00
TXN00001659,ACC0000627,08-Jul-24,Atm Withdrawal,13979.55,Atm,Utility,888.33,Pending,14:41:00
TXN00000532,ACC0000628,09-Aug-24,Atm Withdrawal,14865.01,Atm,Utility,12536.91,Pending,18:53:00
TXN00004020,ACC0000647,17-May-24,Atm Withdrawal,8578.99,Atm,Utility,37894.92,Pending,19:15:00
TXN00003615,ACC0000651,25-Dec-23,Atm Withdrawal,4149.66,Atm,Utility,19549.63,Pending,09:40:00
TXN00002342,ACC0000663,05-Jul-24,Atm Withdrawal,1955.86,Atm,Utility,1472.8,Pending,20:45:00
TXN00003162,ACC0000665,14-Mar-22,Atm Withdrawal,6483.94,Atm,Utility,7483.76,Pending,15:20:00
TXN00003809,ACC0000676,04-Mar-23,Atm Withdrawal,13666.38,Atm,Utility,2041.93,Pending,09:59:00
TXN00004090,ACC0000692,07-Jun-23,Atm Withdrawal,473.94,Atm,Utility,7693.36,Pending,09:17:00
TXN00004938,ACC0000005,27-Sep-23,Atm Withdrawal,7726.45,Atm,Utility,49312.9,Failed,19:40:00
TXN00001431,ACC0000011,18-Sep-24,Atm Withdrawal,4147.19,Atm,Utility,341.33,Failed,14:15:00
TXN00000893,ACC0000024,11-Dec-22,Atm Withdrawal,2520.46,Atm,Utility,3314.05,Failed,14:59:00
TXN00000799,ACC0000027,25-Jun-23,Atm Withdrawal,10799.27,Atm,Utility,10785.6,Failed,18:56:00
TXN00003740,ACC0000031,19-May-24,Atm Withdrawal,3690.49,Atm,Utility,24176.25,Failed,10:22:00
TXN00002256,ACC0000040,28-Aug-22,Atm Withdrawal,4103.96,Atm,Utility,28659.65,Failed,15:12:00
TXN00001594,ACC0000046,13-Mar-24,Atm Withdrawal,4689.93,Atm,Utility,27962.93,Failed,15:21:00
TXN00004481,ACC0000060,12-Mar-23,Atm Withdrawal,10778.59,Atm,Utility,40266.57,Failed,18:17:00
TXN00003858,ACC0000061,12-Jan-24,Atm Withdrawal,2786.15,Atm,Utility,2731.54,Failed,12:03:00
TXN00001661,ACC0000076,06-Oct-23,Atm Withdrawal,10425.59,Atm,Utility,73738.41,Failed,13:37:00
TXN00004801,ACC0000079,20-Jun-22,Atm Withdrawal,2778.37,Atm,Utility,33417.57,Failed,13:32:00
TXN00002537,ACC0000083,13-Feb-23,Atm Withdrawal,13587.37,Atm,Utility,51103.25,Failed,19:12:00
TXN00004645,ACC0000090,20-Oct-24,Atm Withdrawal,2058.89,Atm,Utility,10688.27,Failed,19:08:00
TXN00001538,ACC0000095,13-Mar-24,Atm Withdrawal,9929.46,Atm,Utility,13693.24,Failed,14:23:00
TXN00000737,ACC0000105,18-Nov-24,Atm Withdrawal,13941.87,Atm,Utility,51201.52,Failed,09:35:00
TXN00003154,ACC0000112,31-Oct-24,Atm Withdrawal,11672.63,Atm,Utility,24791.53,Failed,19:04:00
TXN00000537,ACC0000118,01-May-23,Atm Withdrawal,5327.99,Atm,Utility,7574.33,Failed,12:25:00
TXN00001753,ACC0000127,16-Nov-24,Atm Withdrawal,7265.97,Atm,Utility,12128.84,Failed,09:21:00
TXN00000682,ACC0000130,06-Oct-22,Atm Withdrawal,8576.08,Atm,Utility,27798.54,Failed,19:27:00
TXN00003491,ACC0000132,24-Nov-22,Atm Withdrawal,1932.54,Atm,Utility,18503.57,Failed,19:17:00
TXN00003980,ACC0000132,07-Dec-22,Atm Withdrawal,10285.57,Atm,Utility,18503.57,Failed,21:21:00
TXN00003399,ACC0000141,02-Nov-23,Atm Withdrawal,10235.3,Atm,Utility,1496.57,Failed,22:42:00
TXN00003751,ACC0000151,18-Aug-23,Atm Withdrawal,8704.25,Atm,Utility,8074.1,Failed,10:10:00
TXN00004001,ACC0000176,17-May-22,Atm Withdrawal,2130.33,Atm,Utility,38685.38,Failed,15:03:00
TXN00002534,ACC0000178,16-Nov-23,Atm Withdrawal,4961.56,Atm,Utility,1125.11,Failed,14:48:00
TXN00004680,ACC0000181,14-Jun-24,Atm Withdrawal,10412.82,Atm,Utility,2999.46,Failed,08:26:00
TXN00003565,ACC0000185,16-Sep-22,Atm Withdrawal,11236.03,Atm,Utility,55000.71,Failed,09:48:00
TXN00001320,ACC0000190,19-Feb-22,Atm Withdrawal,3650.29,Atm,Utility,3770.52,Failed,10:09:00
TXN00004302,ACC0000198,08-Jun-24,Atm Withdrawal,7543.45,Atm,Utility,35863.86,Failed,10:34:00
TXN00001129,ACC0000205,10-Nov-23,Atm Withdrawal,1979.57,Atm,Utility,2738.43,Failed,09:03:00
TXN00002741,ACC0000205,23-Aug-24,Atm Withdrawal,12394.78,Atm,Utility,2738.43,Failed,16:47:00
TXN00000073,ACC0000209,16-Nov-23,Atm Withdrawal,3912.84,Atm,Utility,23472.5,Failed,10:20:00
TXN00000634,ACC0000212,30-Mar-22,Atm Withdrawal,9302.21,Atm,Utility,55088.58,Failed,09:08:00
TXN00003530,ACC0000219,02-Nov-23,Atm Withdrawal,5019.46,Atm,Utility,39986.8,Failed,10:26:00
TXN00003455,ACC0000219,12-Aug-24,Atm Withdrawal,7798.32,Atm,Utility,39057.78,Failed,18:45:00
TXN00001977,ACC0000225,05-Nov-23,Atm Withdrawal,6460.21,Atm,Utility,16368.25,Failed,14:25:00
TXN00001420,ACC0000229,16-Sep-23,Atm Withdrawal,7388.93,Atm,Utility,21339.54,Failed,20:02:00
TXN00004694,ACC0000238,30-Oct-23,Atm Withdrawal,14838.36,Atm,Utility,23637.57,Failed,11:24:00
TXN00003227,ACC0000247,16-May-24,Atm Withdrawal,1373.23,Atm,Utility,42500.23,Failed,08:58:00
TXN00002414,ACC0000251,10-Feb-22,Atm Withdrawal,4578.53,Atm,Utility,12128.63,Failed,11:17:00
TXN00004419,ACC0000254,20-Feb-23,Atm Withdrawal,11567.09,Atm,Utility,26560.36,Failed,19:48:00
TXN00001969,ACC0000259,30-Jul-24,Atm Withdrawal,1238.43,Atm,Utility,17378.58,Failed,11:47:00
TXN00002457,ACC0000273,03-Nov-24,Atm Withdrawal,4540.51,Atm,Utility,42091.26,Failed,17:52:00
TXN00004519,ACC0000275,23-Feb-24,Atm Withdrawal,7104.53,Atm,Utility,68089.28,Failed,12:00:00
TXN00003049,ACC0000295,21-May-24,Atm Withdrawal,13059.82,Atm,Utility,13536.04,Failed,08:28:00
TXN00002569,ACC0000299,28-Sep-24,Atm Withdrawal,3804.06,Atm,Utility,15665.53,Failed,09:05:00
TXN00001519,ACC0000320,19-Oct-24,Atm Withdrawal,467.3,Atm,Utility,17631.69,Failed,08:35:00
TXN00001850,ACC0000327,31-Aug-24,Atm Withdrawal,10651.84,Atm,Utility,7402.38,Failed,13:41:00
TXN00004043,ACC0000328,29-May-24,Atm Withdrawal,13209.61,Atm,Utility,24532.1,Failed,19:15:00
TXN00000906,ACC0000332,17-Apr-22,Atm Withdrawal,929.09,Atm,Utility,59571.44,Failed,20:46:00
TXN00001604,ACC0000338,12-Jan-24,Atm Withdrawal,11337.73,Atm,Utility,15.14,Failed,15:19:00
TXN00004863,ACC0000344,15-Mar-22,Atm Withdrawal,8743.19,Atm,Utility,39439.17,Failed,16:48:00
TXN00000221,ACC0000358,17-May-22,Atm Withdrawal,13300.98,Atm,Utility,14353.28,Failed,20:29:00
TXN00003611,ACC0000360,28-Jun-23,Atm Withdrawal,7066.65,Atm,Utility,36877.96,Failed,17:39:00
TXN00001620,ACC0000365,29-Aug-24,Atm Withdrawal,8730.26,Atm,Utility,2276.98,Failed,08:06:00
TXN00001075,ACC0000366,30-Jun-22,Atm Withdrawal,3264.72,Atm,Utility,52728.01,Failed,21:52:00
TXN00004830,ACC0000368,31-Aug-23,Atm Withdrawal,229.7,Atm,Utility,1770.5,Failed,21:34:00
TXN00004683,ACC0000368,09-Oct-23,Atm Withdrawal,759.23,Atm,Utility,1770.5,Failed,10:43:00
TXN00002392,ACC0000384,22-Dec-24,Atm Withdrawal,13995.49,Atm,Utility,13517.15,Failed,22:36:00
TXN00000318,ACC0000393,07-Dec-22,Atm Withdrawal,6258.47,Atm,Utility,14415.84,Failed,13:26:00
TXN00001844,ACC0000410,24-Jun-23,Atm Withdrawal,10368.12,Atm,Utility,42071.08,Failed,21:47:00
TXN00002586,ACC0000411,05-Jun-22,Atm Withdrawal,13050.95,Atm,Utility,1188.98,Failed,10:55:00
TXN00001476,ACC0000412,29-Apr-24,Atm Withdrawal,229.16,Atm,Utility,24197.32,Failed,14:05:00
TXN00004152,ACC0000415,01-Apr-23,Atm Withdrawal,4853.95,Atm,Utility,8255.58,Failed,16:57:00
TXN00000800,ACC0000433,23-Nov-23,Atm Withdrawal,14144.42,Atm,Utility,15086.64,Failed,14:45:00
TXN00004123,ACC0000436,17-Apr-24,Atm Withdrawal,2745.37,Atm,Utility,15935.05,Failed,10:29:00
TXN00003230,ACC0000444,18-Jul-24,Atm Withdrawal,7136.05,Atm,Utility,8777.67,Failed,13:40:00
TXN00003867,ACC0000448,19-Mar-22,Atm Withdrawal,9453.59,Atm,Utility,44454.84,Failed,20:47:00
TXN00000163,ACC0000450,23-Sep-24,Atm Withdrawal,6354.78,Atm,Utility,25045.94,Failed,17:01:00
TXN00004010,ACC0000452,05-Jan-23,Atm Withdrawal,10399.25,Atm,Utility,14363.02,Failed,18:43:00
TXN00001345,ACC0000470,30-Jan-23,Atm Withdrawal,14704.94,Atm,Utility,13256.23,Failed,13:58:00
TXN00000003,ACC0000497,21-Jul-24,Atm Withdrawal,12348.42,Atm,Utility,19942.19,Failed,14:22:00
TXN00001752,ACC0000504,19-Aug-24,Atm Withdrawal,338.28,Atm,Utility,5844.04,Failed,08:41:00
TXN00004438,ACC0000505,31-Mar-22,Atm Withdrawal,8799.28,Atm,Utility,61362.35,Failed,22:34:00
TXN00000917,ACC0000528,20-Apr-22,Atm Withdrawal,7654.79,Atm,Utility,3509.16,Failed,08:00:00
TXN00000394,ACC0000543,16-Oct-24,Atm Withdrawal,14653.78,Atm,Utility,19627.07,Failed,19:05:00
TXN00000452,ACC0000552,27-Sep-22,Atm Withdrawal,106.84,Atm,Utility,28845.9,Failed,18:21:00
TXN00002989,ACC0000571,06-Feb-24,Atm Withdrawal,6771.74,Atm,Utility,5428.9,Failed,13:29:00
TXN00001231,ACC0000585,09-Aug-23,Atm Withdrawal,8551.54,Atm,Utility,17243.57,Failed,16:33:00
TXN00003062,ACC0000586,22-Sep-24,Atm Withdrawal,12020.3,Atm,Utility,4414.2,Failed,22:01:00
TXN00001865,ACC0000595,22-Feb-23,Atm Withdrawal,13957.54,Atm,Utility,16902.22,Failed,13:18:00
TXN00000421,ACC0000601,23-Apr-22,Atm Withdrawal,3564.97,Atm,Utility,22753.62,Failed,09:01:00
TXN00001693,ACC0000604,24-Oct-23,Atm Withdrawal,2594.21,Atm,Utility,30414.35,Failed,14:56:00
TXN00000595,ACC0000605,19-Sep-23,Atm Withdrawal,3633.53,Atm,Utility,39076.78,Failed,21:50:00
TXN00003069,ACC0000616,11-Jan-24,Atm Withdrawal,3521.8,Atm,Utility,12943.81,Failed,12:00:00
TXN00002367,ACC0000621,30-Apr-22,Atm Withdrawal,8931.66,Atm,Utility,57583.31,Failed,16:49:00
TXN00002805,ACC0000634,27-Jul-24,Atm Withdrawal,14405.33,Atm,Utility,40272.28,Failed,08:28:00
TXN00001063,ACC0000635,18-May-24,Atm Withdrawal,14609.86,Atm,Utility,18376.83,Failed,22:30:00
TXN00003029,ACC0000636,13-May-24,Atm Withdrawal,3786.49,Atm,Utility,30525.48,Failed,17:05:00
TXN00000330,ACC0000639,24-Aug-23,Atm Withdrawal,8219.57,Atm,Utility,11402,Failed,11:40:00
TXN00002841,ACC0000643,06-Nov-22,Atm Withdrawal,13596.96,Atm,Utility,24990.96,Failed,15:47:00
TXN00004500,ACC0000653,01-Sep-22,Atm Withdrawal,218.12,Atm,Utility,7275.08,Failed,13:19:00
TXN00003569,ACC0000655,08-Jan-24,Atm Withdrawal,1999.33,Atm,Utility,1272.76,Failed,15:21:00
TXN00004095,ACC0000658,24-Oct-23,Atm Withdrawal,8755.01,Atm,Utility,22285.12,Failed,18:03:00
TXN00003770,ACC0000674,25-Oct-23,Atm Withdrawal,4860.23,Atm,Utility,4464.3,Failed,13:18:00
TXN00003333,ACC0000684,15-Oct-24,Atm Withdrawal,3058.21,Atm,Utility,5312.11,Failed,19:31:00
TXN00000324,ACC0000004,16-Sep-23,Atm Withdrawal,10130.21,Atm,Purchase,3554.08,Failed,16:24:00
TXN00002020,ACC0000026,11-Aug-23,Atm Withdrawal,10860.96,Atm,Purchase,15202.82,Failed,16:08:00
TXN00002973,ACC0000029,26-Apr-24,Atm Withdrawal,13382.17,Atm,Purchase,15802.81,Failed,09:05:00
TXN00004886,ACC0000033,30-May-22,Atm Withdrawal,12398.25,Atm,Purchase,4633.52,Failed,10:46:00
TXN00002747,ACC0000037,14-Jun-22,Atm Withdrawal,12831.31,Atm,Purchase,41083.25,Failed,22:34:00
TXN00000903,ACC0000046,06-Jun-24,Atm Withdrawal,5856.4,Atm,Purchase,39099.69,Failed,18:42:00
TXN00003413,ACC0000053,07-Nov-24,Atm Withdrawal,6903.48,Atm,Purchase,53818.15,Failed,21:03:00
TXN00002859,ACC0000065,09-Jun-24,Atm Withdrawal,9617.07,Atm,Purchase,5551.69,Failed,15:01:00
TXN00002767,ACC0000069,24-Jun-24,Atm Withdrawal,12876.25,Atm,Purchase,39394.48,Failed,13:55:00
TXN00004524,ACC0000092,15-Dec-22,Atm Withdrawal,10355.27,Atm,Purchase,4382.67,Failed,16:23:00
TXN00002636,ACC0000102,23-Sep-24,Atm Withdrawal,14084.66,Atm,Purchase,3302.15,Failed,09:02:00
TXN00004317,ACC0000126,19-May-23,Atm Withdrawal,5487.63,Atm,Purchase,44057.01,Failed,13:47:00
TXN00004755,ACC0000128,30-Jan-22,Atm Withdrawal,11061.94,Atm,Purchase,1182.48,Failed,22:45:00
TXN00004463,ACC0000131,26-Oct-18,Atm Withdrawal,8023.86,Atm,Purchase,34789.84,Failed,16:33:00
TXN00004521,ACC0000138,08-May-24,Atm Withdrawal,5971.63,Atm,Purchase,27360.15,Failed,11:47:00
TXN00000029,ACC0000139,13-Feb-24,Atm Withdrawal,12163.6,Atm,Purchase,26916.04,Failed,20:22:00
TXN00002529,ACC0000151,28-Nov-23,Atm Withdrawal,3957.45,Atm,Purchase,8074.1,Failed,17:15:00
TXN00002380,ACC0000165,30-Jun-24,Atm Withdrawal,11104.76,Atm,Purchase,33464.31,Failed,20:09:00
TXN00002510,ACC0000166,05-Feb-23,Atm Withdrawal,10643.46,Atm,Purchase,45387.45,Failed,17:32:00
TXN00004291,ACC0000169,14-Dec-22,Atm Withdrawal,259.82,Atm,Purchase,24092.21,Failed,09:14:00
TXN00002292,ACC0000170,28-Jan-24,Atm Withdrawal,6868.02,Atm,Purchase,3702.12,Failed,08:58:00
TXN00000036,ACC0000172,13-Feb-24,Atm Withdrawal,9584.27,Atm,Purchase,8087.59,Failed,12:12:00
TXN00004042,ACC0000177,07-Jan-23,Atm Withdrawal,13762.6,Atm,Purchase,1610.18,Failed,18:38:00
TXN00003680,ACC0000183,01-Jun-24,Atm Withdrawal,6286.08,Atm,Purchase,40875.71,Failed,08:07:00
TXN00000712,ACC0000192,22-Jun-22,Atm Withdrawal,6247.74,Atm,Purchase,993.01,Failed,13:48:00
TXN00002382,ACC0000221,24-Dec-22,Atm Withdrawal,3131.11,Atm,Purchase,26591.42,Failed,17:00:00
TXN00001405,ACC0000227,20-Dec-24,Atm Withdrawal,14705.68,Atm,Purchase,52105.68,Failed,19:47:00
TXN00003643,ACC0000229,16-Feb-24,Atm Withdrawal,3058.96,Atm,Purchase,21339.54,Failed,14:54:00
TXN00000440,ACC0000232,26-Feb-23,Atm Withdrawal,10656.37,Atm,Purchase,11057.48,Failed,18:50:00
TXN00001813,ACC0000235,23-Feb-23,Atm Withdrawal,9575,Atm,Purchase,36585.66,Failed,17:27:00
TXN00002605,ACC0000236,20-Jun-22,Atm Withdrawal,13352.38,Atm,Purchase,7886.24,Failed,16:34:00
TXN00003708,ACC0000237,27-Jul-23,Atm Withdrawal,8500.26,Atm,Purchase,66213.07,Failed,19:16:00
TXN00003693,ACC0000248,28-Jul-23,Atm Withdrawal,13558.75,Atm,Purchase,7395.22,Failed,20:25:00
TXN00001892,ACC0000265,09-Nov-22,Atm Withdrawal,609.21,Atm,Purchase,33360.18,Failed,17:00:00
TXN00002174,ACC0000278,18-Sep-24,Atm Withdrawal,11928.83,Atm,Purchase,16576.4,Failed,12:57:00
TXN00003054,ACC0000280,26-Apr-24,Atm Withdrawal,6158.39,Atm,Purchase,8021.54,Failed,20:57:00
TXN00001507,ACC0000283,16-Feb-22,Atm Withdrawal,10419.7,Atm,Purchase,22435.52,Failed,14:45:00
TXN00000941,ACC0000294,07-Sep-22,Atm Withdrawal,14213.49,Atm,Purchase,21953.81,Failed,12:45:00
TXN00002370,ACC0000298,04-Jul-23,Atm Withdrawal,8978.34,Atm,Purchase,20580.29,Failed,14:31:00
TXN00004378,ACC0000302,20-Nov-24,Atm Withdrawal,4361.92,Atm,Purchase,66181.97,Failed,21:42:00
TXN00000157,ACC0000314,02-Nov-23,Atm Withdrawal,10221.93,Atm,Purchase,5839.17,Failed,20:00:00
TXN00004648,ACC0000319,11-Jun-24,Atm Withdrawal,12907.97,Atm,Purchase,15430.4,Failed,15:14:00
TXN00002407,ACC0000321,01-Jul-24,Atm Withdrawal,14495.2,Atm,Purchase,351.19,Failed,14:52:00
TXN00001385,ACC0000335,21-Nov-24,Atm Withdrawal,816.81,Atm,Purchase,13471.08,Failed,21:37:00
TXN00004231,ACC0000338,05-Jan-22,Atm Withdrawal,11887.6,Atm,Purchase,214.23,Failed,14:01:00
TXN00001151,ACC0000342,06-Oct-23,Atm Withdrawal,3084.8,Atm,Purchase,72664.58,Failed,10:41:00
TXN00001047,ACC0000344,13-May-22,Atm Withdrawal,11752.61,Atm,Purchase,39439.17,Failed,19:51:00
TXN00003181,ACC0000350,04-Jan-23,Atm Withdrawal,8396.18,Atm,Purchase,3151.99,Failed,14:16:00
TXN00004260,ACC0000353,10-Aug-22,Atm Withdrawal,6794.61,Atm,Purchase,26499.62,Failed,13:41:00
TXN00003498,ACC0000364,14-Jan-23,Atm Withdrawal,12966.92,Atm,Purchase,34315.3,Failed,13:14:00
TXN00002496,ACC0000382,04-Feb-24,Atm Withdrawal,1892.27,Atm,Purchase,37316.27,Failed,09:22:00
TXN00003311,ACC0000387,23-Jun-23,Atm Withdrawal,10526.54,Atm,Purchase,79199.99,Failed,16:40:00
TXN00000907,ACC0000397,07-Nov-22,Atm Withdrawal,3751.23,Atm,Purchase,291.44,Failed,14:42:00
TXN00004899,ACC0000404,31-Jul-24,Atm Withdrawal,9537.05,Atm,Purchase,37668.95,Failed,16:40:00
TXN00003005,ACC0000406,28-Mar-24,Atm Withdrawal,7832.37,Atm,Purchase,24723.52,Failed,09:46:00
TXN00004164,ACC0000408,26-Sep-23,Atm Withdrawal,13978.9,Atm,Purchase,11848.9,Failed,15:30:00
TXN00002078,ACC0000411,26-Apr-22,Atm Withdrawal,621.28,Atm,Purchase,1188.98,Failed,08:37:00
TXN00003489,ACC0000420,16-Oct-24,Atm Withdrawal,11414.37,Atm,Purchase,26658.01,Failed,21:16:00
TXN00000369,ACC0000430,25-Nov-24,Atm Withdrawal,7186.57,Atm,Purchase,19062.49,Failed,21:13:00
TXN00003046,ACC0000431,09-Feb-22,Atm Withdrawal,584.78,Atm,Purchase,2436.29,Failed,15:41:00
TXN00004337,ACC0000441,30-Nov-22,Atm Withdrawal,8809.44,Atm,Purchase,47222.52,Failed,20:29:00
TXN00003203,ACC0000462,29-Apr-23,Atm Withdrawal,12776.89,Atm,Purchase,31357.18,Failed,08:21:00
TXN00001374,ACC0000471,04-Sep-23,Atm Withdrawal,6251.49,Atm,Purchase,48830.17,Failed,22:45:00
TXN00003886,ACC0000482,01-Aug-23,Atm Withdrawal,9672.15,Atm,Purchase,0,Failed,13:26:00
TXN00001223,ACC0000484,26-May-23,Atm Withdrawal,14295.99,Atm,Purchase,9815.98,Failed,15:59:00
TXN00004196,ACC0000485,31-May-24,Atm Withdrawal,10483.68,Atm,Purchase,16086.98,Failed,20:42:00
TXN00001720,ACC0000490,02-Jan-22,Atm Withdrawal,4564.61,Atm,Purchase,9336.24,Failed,15:44:00
TXN00001780,ACC0000510,06-May-24,Atm Withdrawal,2392.59,Atm,Purchase,33101.26,Failed,12:41:00
TXN00002112,ACC0000525,25-Nov-24,Atm Withdrawal,11302.64,Atm,Purchase,26790.02,Failed,16:12:00
TXN00004527,ACC0000531,23-Dec-22,Atm Withdrawal,2381.48,Atm,Purchase,30382.04,Failed,20:54:00
TXN00004088,ACC0000533,05-Oct-23,Atm Withdrawal,7850.98,Atm,Purchase,10760.71,Failed,11:06:00
TXN00004252,ACC0000546,16-Oct-23,Atm Withdrawal,9286.05,Atm,Purchase,45408.25,Failed,19:55:00
TXN00000271,ACC0000564,26-Sep-23,Atm Withdrawal,3350.55,Atm,Purchase,469.56,Failed,15:46:00
TXN00000310,ACC0000570,12-Jan-22,Atm Withdrawal,912.39,Atm,Purchase,12307.28,Failed,19:37:00
TXN00002344,ACC0000571,16-Feb-24,Atm Withdrawal,10934.59,Atm,Purchase,5428.9,Failed,14:37:00
TXN00004708,ACC0000579,03-Dec-24,Atm Withdrawal,8926.52,Atm,Purchase,18840.01,Failed,19:42:00
TXN00003690,ACC0000589,11-Jan-24,Atm Withdrawal,7430.28,Atm,Purchase,9377.72,Failed,10:26:00
TXN00002943,ACC0000593,18-Nov-24,Atm Withdrawal,3225.82,Atm,Purchase,23510.67,Failed,16:38:00
TXN00003080,ACC0000595,27-Oct-24,Atm Withdrawal,10188.79,Atm,Purchase,26553.54,Failed,14:34:00
TXN00001410,ACC0000601,06-Mar-24,Atm Withdrawal,14479.63,Atm,Purchase,22753.62,Failed,18:49:00
TXN00001113,ACC0000602,18-Oct-24,Atm Withdrawal,2998.39,Atm,Purchase,16368.38,Failed,11:05:00
TXN00003817,ACC0000612,22-May-24,Atm Withdrawal,4984.6,Atm,Purchase,14442.67,Failed,11:21:00
TXN00004595,ACC0000620,09-Feb-22,Atm Withdrawal,13440.55,Atm,Purchase,29777.22,Failed,12:35:00
TXN00000469,ACC0000625,26-Dec-23,Atm Withdrawal,7902.5,Atm,Purchase,9897.53,Failed,09:23:00
TXN00004897,ACC0000633,05-Feb-24,Atm Withdrawal,8521.49,Atm,Purchase,44280.96,Failed,16:31:00
TXN00002941,ACC0000637,16-Nov-24,Atm Withdrawal,12789.78,Atm,Purchase,38615.07,Failed,08:24:00
TXN00000194,ACC0000639,06-Aug-23,Atm Withdrawal,9745.99,Atm,Purchase,11402,Failed,11:42:00
TXN00000608,ACC0000639,23-Nov-24,Atm Withdrawal,1826,Atm,Purchase,1603.59,Failed,14:08:00
TXN00001896,ACC0000644,16-Nov-24,Atm Withdrawal,9664.38,Atm,Purchase,3074.71,Failed,14:58:00
TXN00003092,ACC0000659,28-Oct-22,Atm Withdrawal,1550.17,Atm,Purchase,48886.09,Failed,11:58:00
TXN00002452,ACC0000669,14-May-24,Atm Withdrawal,10585.1,Atm,Purchase,2734.19,Failed,18:54:00
TXN00003716,ACC0000673,25-Aug-24,Atm Withdrawal,13345.24,Atm,Purchase,25547.1,Failed,20:46:00
TXN00003023,ACC0000685,15-Aug-24,Atm Withdrawal,9035.11,Atm,Purchase,46066.45,Failed,17:55:00
TXN00001958,ACC0000692,05-Jun-23,Atm Withdrawal,914.46,Atm,Purchase,7693.36,Failed,14:08:00
TXN00002871,ACC0000692,28-Mar-24,Atm Withdrawal,4192.23,Atm,Purchase,7693.36,Failed,17:30:00
TXN00004236,ACC0000693,04-Feb-23,Atm Withdrawal,3678.02,Atm,Purchase,4827.55,Failed,08:59:00
TXN00002109,ACC0000698,05-Jan-24,Atm Withdrawal,1971.15,Atm,Purchase,182.28,Failed,13:45:00
TXN00000016,ACC0000011,16-Apr-24,Atm Withdrawal,97.79,Atm,Purchase,1260.75,Completed,08:13:00
TXN00001306,ACC0000011,23-Nov-24,Atm Withdrawal,165.82,Atm,Purchase,175.51,Completed,08:36:00
TXN00000464,ACC0000023,12-Apr-23,Atm Withdrawal,2975.48,Atm,Purchase,3913.06,Completed,22:37:00
TXN00003892,ACC0000023,07-Jul-23,Atm Withdrawal,3429.39,Atm,Purchase,483.67,Completed,09:30:00
TXN00000760,ACC0000029,04-May-24,Atm Withdrawal,820.79,Atm,Purchase,14982.02,Completed,16:52:00
TXN00001122,ACC0000032,11-Oct-24,Atm Withdrawal,3341.04,Atm,Purchase,81130.31,Completed,17:03:00
TXN00002756,ACC0000034,11-Mar-23,Atm Withdrawal,12495.98,Atm,Purchase,10334.47,Completed,17:08:00
TXN00000959,ACC0000047,19-Mar-22,Atm Withdrawal,4165.29,Atm,Purchase,68617.55,Completed,13:14:00
TXN00003017,ACC0000053,26-Sep-23,Atm Withdrawal,7251.5,Atm,Purchase,71616.11,Completed,22:14:00
TXN00002965,ACC0000053,12-Mar-24,Atm Withdrawal,5747.26,Atm,Purchase,53818.15,Completed,08:23:00
TXN00003703,ACC0000061,13-May-23,Atm Withdrawal,9237.07,Atm,Purchase,6210.53,Completed,21:15:00
TXN00003358,ACC0000074,29-Feb-24,Atm Withdrawal,13311.85,Atm,Purchase,47175.82,Completed,21:52:00
TXN00001866,ACC0000075,06-Sep-24,Atm Withdrawal,3173.93,Atm,Purchase,3010.43,Completed,16:41:00
TXN00004336,ACC0000078,06-Jun-23,Atm Withdrawal,12884.28,Atm,Purchase,8086.34,Completed,20:25:00
TXN00000509,ACC0000082,14-May-23,Atm Withdrawal,4053.02,Atm,Purchase,4155,Completed,17:13:00
TXN00004856,ACC0000088,18-Mar-22,Atm Withdrawal,3066.19,Atm,Purchase,4749.28,Completed,15:32:00
TXN00004718,ACC0000101,26-Oct-24,Atm Withdrawal,3314.17,Atm,Purchase,1615.09,Completed,13:19:00
TXN00004343,ACC0000109,30-Aug-24,Atm Withdrawal,1669.96,Atm,Purchase,5,Completed,13:41:00
TXN00003532,ACC0000111,19-Jan-22,Atm Withdrawal,2773.24,Atm,Purchase,15554.82,Completed,21:52:00
TXN00000465,ACC0000115,13-Nov-22,Atm Withdrawal,2103.33,Atm,Purchase,9144.8,Completed,21:33:00
TXN00003609,ACC0000118,19-Jul-24,Atm Withdrawal,524.69,Atm,Purchase,240.12,Completed,15:59:00
TXN00004850,ACC0000121,10-Jan-23,Atm Withdrawal,1905.83,Atm,Purchase,50641.33,Completed,22:22:00
TXN00004997,ACC0000136,03-May-24,Atm Withdrawal,5544.84,Atm,Purchase,12004.73,Completed,09:58:00
TXN00002411,ACC0000178,24-Jun-24,Atm Withdrawal,350.09,Atm,Purchase,151.13,Completed,11:47:00
TXN00000643,ACC0000180,12-Mar-23,Atm Withdrawal,6743.32,Atm,Purchase,5,Completed,14:09:00
TXN00002699,ACC0000186,19-Sep-24,Atm Withdrawal,9979.59,Atm,Purchase,21336.43,Completed,10:32:00
TXN00001829,ACC0000219,22-Dec-22,Atm Withdrawal,3184.78,Atm,Purchase,39986.8,Completed,09:51:00
TXN00001588,ACC0000239,15-May-23,Atm Withdrawal,9029.63,Atm,Purchase,3477.18,Completed,19:44:00
TXN00002522,ACC0000240,18-Apr-22,Atm Withdrawal,2571.39,Atm,Purchase,549.11,Completed,20:21:00
TXN00002284,ACC0000246,01-Mar-22,Atm Withdrawal,7435.93,Atm,Purchase,0,Completed,11:13:00
TXN00002782,ACC0000250,09-Apr-24,Atm Withdrawal,11375.45,Atm,Purchase,4348.32,Completed,12:09:00
TXN00001841,ACC0000254,21-Feb-22,Atm Withdrawal,9613.27,Atm,Purchase,26560.36,Completed,13:07:00
TXN00002397,ACC0000266,30-Nov-24,Atm Withdrawal,88.05,Atm,Purchase,43829.38,Completed,11:16:00
TXN00002545,ACC0000309,10-Jul-23,Atm Withdrawal,6363.72,Atm,Purchase,11791.63,Completed,19:56:00
TXN00003184,ACC0000311,18-Apr-22,Atm Withdrawal,2603.14,Atm,Purchase,25924.93,Completed,13:50:00
TXN00000989,ACC0000316,14-Sep-23,Atm Withdrawal,3735.6,Atm,Purchase,2642.53,Completed,09:48:00
TXN00002245,ACC0000325,12-Dec-23,Atm Withdrawal,8448.24,Atm,Purchase,27266.11,Completed,17:38:00
TXN00003108,ACC0000335,21-Sep-24,Atm Withdrawal,1615.46,Atm,Purchase,13471.08,Completed,20:28:00
TXN00002717,ACC0000347,17-Oct-22,Atm Withdrawal,6227.96,Atm,Purchase,14471.34,Completed,18:31:00
TXN00000478,ACC0000361,06-Nov-24,Atm Withdrawal,385.56,Atm,Purchase,1838.06,Completed,12:34:00
TXN00004945,ACC0000363,07-Apr-23,Atm Withdrawal,12855.57,Atm,Purchase,40191.4,Completed,19:22:00
TXN00003603,ACC0000368,15-Jun-23,Atm Withdrawal,390.54,Atm,Purchase,1770.5,Completed,17:16:00
TXN00002420,ACC0000381,11-Jun-24,Atm Withdrawal,8890.55,Atm,Purchase,48836.61,Completed,16:59:00
TXN00001917,ACC0000397,24-Jul-22,Atm Withdrawal,4742.82,Atm,Purchase,291.44,Completed,20:38:00
TXN00002527,ACC0000398,17-Jul-22,Atm Withdrawal,9970.5,Atm,Purchase,25702.57,Completed,12:36:00
TXN00003602,ACC0000399,24-May-23,Atm Withdrawal,3629.09,Atm,Purchase,3178.04,Completed,10:12:00
TXN00001096,ACC0000400,31-Mar-23,Atm Withdrawal,3178.78,Atm,Purchase,20766.01,Completed,14:47:00
TXN00001489,ACC0000425,30-Oct-24,Atm Withdrawal,2134.85,Atm,Purchase,2112.89,Completed,20:58:00
TXN00004480,ACC0000441,04-Dec-23,Atm Withdrawal,900.11,Atm,Purchase,28207.33,Completed,21:43:00
TXN00002958,ACC0000442,06-Jan-24,Atm Withdrawal,49.02,Atm,Purchase,49.84,Completed,20:25:00
TXN00001331,ACC0000445,03-Aug-22,Atm Withdrawal,14810.07,Atm,Purchase,6393.82,Completed,13:36:00
TXN00004115,ACC0000445,08-Aug-24,Atm Withdrawal,6388.82,Atm,Purchase,5,Completed,21:55:00
TXN00002668,ACC0000450,22-Dec-23,Atm Withdrawal,6311.42,Atm,Purchase,27345.56,Completed,14:05:00
TXN00002680,ACC0000457,25-Dec-23,Atm Withdrawal,768.85,Atm,Purchase,486,Completed,19:42:00
TXN00002194,ACC0000458,05-Jul-23,Atm Withdrawal,3760.24,Atm,Purchase,6698.51,Completed,17:27:00
TXN00001732,ACC0000461,02-Jan-23,Atm Withdrawal,8063.64,Atm,Purchase,21690.47,Completed,16:29:00
TXN00003550,ACC0000464,25-Feb-23,Atm Withdrawal,14833.07,Atm,Purchase,2968.57,Completed,21:40:00
TXN00001483,ACC0000467,09-Jan-23,Atm Withdrawal,2593.61,Atm,Purchase,309.24,Completed,19:36:00
TXN00000961,ACC0000470,07-Apr-23,Atm Withdrawal,10524.63,Atm,Purchase,2731.6,Completed,19:52:00
TXN00001730,ACC0000471,10-Mar-22,Atm Withdrawal,6032.86,Atm,Purchase,49517.83,Completed,09:30:00
TXN00002176,ACC0000471,30-May-23,Atm Withdrawal,687.66,Atm,Purchase,48830.17,Completed,15:27:00
TXN00004281,ACC0000486,11-Nov-24,Atm Withdrawal,658.12,Atm,Purchase,22138.74,Completed,10:07:00
TXN00003757,ACC0000489,27-Nov-22,Atm Withdrawal,10605.86,Atm,Purchase,17785.98,Completed,13:12:00
TXN00001356,ACC0000489,28-Nov-22,Atm Withdrawal,11827.75,Atm,Purchase,5958.23,Completed,18:01:00
TXN00004049,ACC0000500,22-Jan-23,Atm Withdrawal,13554.33,Atm,Purchase,19392.55,Completed,20:16:00
TXN00001143,ACC0000505,05-Jun-24,Atm Withdrawal,13176.95,Atm,Purchase,48185.4,Completed,20:13:00
TXN00000603,ACC0000535,08-Sep-24,Atm Withdrawal,557.76,Atm,Purchase,13108.83,Completed,18:53:00
TXN00003105,ACC0000540,11-Feb-23,Atm Withdrawal,2673.76,Atm,Purchase,1136.08,Completed,11:40:00
TXN00001182,ACC0000561,15-Apr-22,Atm Withdrawal,9473.19,Atm,Purchase,19626.6,Completed,12:59:00
TXN00000784,ACC0000562,15-Jun-22,Atm Withdrawal,10862.57,Atm,Purchase,43463.23,Completed,22:03:00
TXN00004430,ACC0000564,22-Feb-23,Atm Withdrawal,12042.77,Atm,Purchase,2863.61,Completed,16:22:00
TXN00004206,ACC0000564,05-Aug-23,Atm Withdrawal,1784.66,Atm,Purchase,469.56,Completed,08:02:00
TXN00001965,ACC0000565,19-Nov-23,Atm Withdrawal,4099,Atm,Purchase,15262.82,Completed,11:31:00
TXN00003741,ACC0000569,22-Dec-22,Atm Withdrawal,4837.64,Atm,Purchase,54407.61,Completed,18:36:00
TXN00000111,ACC0000577,12-Jun-24,Atm Withdrawal,3085.29,Atm,Purchase,18667.44,Completed,16:33:00
TXN00000587,ACC0000585,23-Oct-22,Atm Withdrawal,7057.14,Atm,Purchase,12138.82,Completed,18:54:00
TXN00003672,ACC0000648,07-Sep-24,Atm Withdrawal,11459.97,Atm,Purchase,37141.75,Completed,17:39:00
TXN00004973,ACC0000661,27-Aug-22,Atm Withdrawal,6117.54,Atm,Purchase,42137.73,Completed,15:42:00
TXN00001412,ACC0000699,20-Dec-24,Atm Withdrawal,143.53,Atm,Purchase,27.53,Completed,14:15:00
TXN00002421,ACC0000004,21-Mar-22,Atm Withdrawal,6337.55,Atm,Purchase,24092.33,Pending,22:31:00
TXN00000423,ACC0000008,11-Jul-23,Atm Withdrawal,9638.26,Atm,Purchase,6354.41,Pending,20:04:00
TXN00001928,ACC0000011,28-Jan-24,Atm Withdrawal,8078.08,Atm,Purchase,1358.54,Pending,08:00:00
TXN00002627,ACC0000015,09-Jul-24,Atm Withdrawal,6890.41,Atm,Purchase,42910.49,Pending,15:11:00
TXN00004710,ACC0000020,02-Nov-22,Atm Withdrawal,6772.53,Atm,Purchase,13683.95,Pending,15:15:00
TXN00003650,ACC0000025,30-Aug-22,Atm Withdrawal,12961.24,Atm,Purchase,13579.35,Pending,18:05:00
TXN00001712,ACC0000026,04-Dec-22,Atm Withdrawal,11601.23,Atm,Purchase,15202.82,Pending,12:06:00
TXN00001541,ACC0000037,20-Oct-22,Atm Withdrawal,10871.85,Atm,Purchase,41083.25,Pending,20:51:00
TXN00001220,ACC0000038,30-Jul-23,Atm Withdrawal,6578.01,Atm,Purchase,9639.54,Pending,19:54:00
TXN00000040,ACC0000039,24-Feb-22,Atm Withdrawal,7676.81,Atm,Purchase,54783.35,Pending,21:27:00
TXN00004641,ACC0000042,13-Jun-23,Atm Withdrawal,9439.39,Atm,Purchase,9727.28,Pending,20:12:00
TXN00000868,ACC0000052,03-Dec-24,Atm Withdrawal,13317.6,Atm,Purchase,35590.22,Pending,19:05:00
TXN00000810,ACC0000063,12-Feb-22,Atm Withdrawal,9717.15,Atm,Purchase,4035.59,Pending,10:32:00
TXN00002045,ACC0000065,19-Nov-22,Atm Withdrawal,9261.05,Atm,Purchase,12269.08,Pending,15:52:00
TXN00001940,ACC0000065,11-Sep-23,Atm Withdrawal,215.67,Atm,Purchase,5551.69,Pending,19:18:00
TXN00003130,ACC0000076,22-Jun-23,Atm Withdrawal,9001.39,Atm,Purchase,73738.41,Pending,18:45:00
TXN00001459,ACC0000092,14-Sep-24,Atm Withdrawal,9683.54,Atm,Purchase,2335.43,Pending,22:07:00
TXN00000252,ACC0000093,13-Jan-23,Atm Withdrawal,7079.35,Atm,Purchase,49689.23,Pending,21:41:00
TXN00004159,ACC0000097,17-Apr-23,Atm Withdrawal,6810.78,Atm,Purchase,8154.37,Pending,17:27:00
TXN00000592,ACC0000102,01-Nov-24,Atm Withdrawal,8955.27,Atm,Purchase,3302.15,Pending,13:00:00
TXN00002998,ACC0000103,02-Apr-24,Atm Withdrawal,7875.36,Atm,Purchase,34623.46,Pending,12:35:00
TXN00001512,ACC0000107,01-Jun-24,Atm Withdrawal,9342.04,Atm,Purchase,47541.29,Pending,13:13:00
TXN00000010,ACC0000113,25-Feb-23,Atm Withdrawal,13341.13,Atm,Purchase,44806.65,Pending,11:32:00
TXN00001839,ACC0000117,19-Mar-23,Atm Withdrawal,12574.6,Atm,Purchase,56663.46,Pending,16:43:00
TXN00004781,ACC0000120,28-Apr-23,Atm Withdrawal,7533.13,Atm,Purchase,4947.26,Pending,08:08:00
TXN00001146,ACC0000127,03-Dec-23,Atm Withdrawal,10426.73,Atm,Purchase,12128.84,Pending,21:24:00
TXN00002839,ACC0000130,22-Sep-24,Atm Withdrawal,7428.58,Atm,Purchase,28777.21,Pending,20:47:00
TXN00003083,ACC0000134,04-May-24,Atm Withdrawal,14392.64,Atm,Purchase,346.44,Pending,13:11:00
TXN00002398,ACC0000138,20-Aug-23,Atm Withdrawal,10135.38,Atm,Purchase,27360.15,Pending,22:16:00
TXN00001582,ACC0000141,01-May-24,Atm Withdrawal,357.97,Atm,Purchase,5,Pending,11:09:00
TXN00002268,ACC0000144,12-Aug-22,Atm Withdrawal,14686.79,Atm,Purchase,15581.18,Pending,09:38:00
TXN00004354,ACC0000145,26-Sep-23,Atm Withdrawal,6922.09,Atm,Purchase,13851.74,Pending,18:49:00
TXN00000207,ACC0000145,14-Jun-24,Atm Withdrawal,5491.41,Atm,Purchase,13851.74,Pending,20:21:00
TXN00000600,ACC0000154,20-Jun-22,Atm Withdrawal,5240.25,Atm,Purchase,30194.27,Pending,10:29:00
TXN00003332,ACC0000168,12-Jul-22,Atm Withdrawal,3050.72,Atm,Purchase,18587.44,Pending,08:37:00
TXN00003077,ACC0000180,29-Jul-23,Atm Withdrawal,10929.41,Atm,Purchase,5,Pending,21:23:00
TXN00002192,ACC0000183,08-Mar-22,Atm Withdrawal,14381.01,Atm,Purchase,40875.71,Pending,18:38:00
TXN00004077,ACC0000187,11-Dec-23,Atm Withdrawal,10827.98,Atm,Purchase,28056.26,Pending,15:34:00
TXN00001690,ACC0000193,28-Aug-24,Atm Withdrawal,2981.34,Atm,Purchase,60571.6,Pending,17:22:00
TXN00003523,ACC0000194,28-Jun-22,Atm Withdrawal,14875.23,Atm,Purchase,66756.52,Pending,16:42:00
TXN00002768,ACC0000210,21-Oct-22,Atm Withdrawal,7076.5,Atm,Purchase,77712.3,Pending,10:36:00
TXN00000796,ACC0000210,27-Nov-22,Atm Withdrawal,12814.67,Atm,Purchase,74616.32,Pending,11:10:00
TXN00003567,ACC0000210,23-Jan-24,Atm Withdrawal,6727.63,Atm,Purchase,76655.83,Pending,09:08:00
TXN00003875,ACC0000214,30-Mar-23,Atm Withdrawal,14133.14,Atm,Purchase,4010.44,Pending,13:17:00
TXN00000971,ACC0000216,24-Jul-23,Atm Withdrawal,2617.29,Atm,Purchase,4330.4,Pending,10:34:00
TXN00004366,ACC0000238,22-Sep-22,Atm Withdrawal,9498.41,Atm,Purchase,23637.57,Pending,09:45:00
TXN00000446,ACC0000245,18-Mar-22,Atm Withdrawal,5283.61,Atm,Purchase,6288.71,Pending,09:23:00
TXN00002870,ACC0000251,21-Oct-23,Atm Withdrawal,12267.84,Atm,Purchase,23558.02,Pending,20:19:00
TXN00002337,ACC0000258,03-Dec-23,Atm Withdrawal,6836.67,Atm,Purchase,20137.09,Pending,13:36:00
TXN00000233,ACC0000266,28-Nov-24,Atm Withdrawal,2197.75,Atm,Purchase,43917.43,Pending,12:09:00
TXN00001242,ACC0000275,21-Jan-23,Atm Withdrawal,1849.82,Atm,Purchase,66386.82,Pending,20:46:00
TXN00001107,ACC0000280,29-Oct-24,Atm Withdrawal,4124.34,Atm,Purchase,1971.1,Pending,12:40:00
TXN00002533,ACC0000285,17-Oct-22,Atm Withdrawal,5329.2,Atm,Purchase,42994.17,Pending,14:00:00
TXN00004309,ACC0000290,03-Aug-23,Atm Withdrawal,5523.55,Atm,Purchase,1111.37,Pending,13:33:00
TXN00001045,ACC0000300,17-Sep-22,Atm Withdrawal,4715.13,Atm,Purchase,10252.37,Pending,09:43:00
TXN00004013,ACC0000313,25-Jul-22,Atm Withdrawal,7232.72,Atm,Purchase,1059.99,Pending,16:38:00
TXN00001924,ACC0000315,17-Dec-22,Atm Withdrawal,10789.63,Atm,Purchase,1600.69,Pending,18:05:00
TXN00004542,ACC0000316,29-Sep-24,Atm Withdrawal,10754.54,Atm,Purchase,215.1,Pending,17:19:00
TXN00004120,ACC0000332,14-Jun-24,Atm Withdrawal,1218.15,Atm,Purchase,33235.55,Pending,13:59:00
TXN00003027,ACC0000339,29-Sep-23,Atm Withdrawal,6277.62,Atm,Purchase,82562.91,Pending,09:21:00
TXN00004066,ACC0000351,02-Feb-22,Atm Withdrawal,10586.42,Atm,Purchase,39257.43,Pending,20:37:00
TXN00004017,ACC0000351,04-Nov-23,Atm Withdrawal,8165.95,Atm,Purchase,39257.43,Pending,16:52:00
TXN00000850,ACC0000360,07-May-24,Atm Withdrawal,13163.63,Atm,Purchase,36877.96,Pending,19:26:00
TXN00003488,ACC0000393,05-May-24,Atm Withdrawal,2008.03,Atm,Purchase,6664.41,Pending,19:08:00
TXN00000763,ACC0000394,25-May-24,Atm Withdrawal,5370.37,Atm,Purchase,65249.29,Pending,12:43:00
TXN00000299,ACC0000395,06-Mar-22,Atm Withdrawal,2074.45,Atm,Purchase,36659.75,Pending,17:59:00
TXN00001142,ACC0000396,14-Jan-23,Atm Withdrawal,1186.67,Atm,Purchase,38593.73,Pending,10:16:00
TXN00001757,ACC0000401,13-Jan-23,Atm Withdrawal,13697.78,Atm,Purchase,0,Pending,11:00:00
TXN00004492,ACC0000419,08-Oct-22,Atm Withdrawal,14974.24,Atm,Purchase,8925.51,Pending,15:17:00
TXN00004197,ACC0000423,14-Apr-24,Atm Withdrawal,2862.42,Atm,Purchase,7634.87,Pending,22:06:00
TXN00004356,ACC0000425,31-Aug-23,Atm Withdrawal,9472.37,Atm,Purchase,10028.4,Pending,21:13:00
TXN00001057,ACC0000437,30-Aug-24,Atm Withdrawal,9752.71,Atm,Purchase,394.03,Pending,18:01:00
TXN00002173,ACC0000448,02-Dec-24,Atm Withdrawal,10180.61,Atm,Purchase,33596.52,Pending,16:32:00
TXN00003624,ACC0000452,14-Dec-24,Atm Withdrawal,2236.44,Atm,Purchase,14363.02,Pending,16:32:00
TXN00003503,ACC0000467,03-Aug-21,Atm Withdrawal,11329.06,Atm,Purchase,12428.04,Pending,12:49:00
TXN00002772,ACC0000474,08-Apr-23,Atm Withdrawal,1433.63,Atm,Purchase,8447.28,Pending,15:31:00
TXN00003889,ACC0000480,09-Apr-23,Atm Withdrawal,7074.88,Atm,Purchase,56006.99,Pending,14:42:00
TXN00002739,ACC0000490,03-Aug-23,Atm Withdrawal,8477.6,Atm,Purchase,9336.24,Pending,14:42:00
TXN00002909,ACC0000502,05-Oct-23,Atm Withdrawal,3793.99,Atm,Purchase,24711.54,Pending,19:31:00
TXN00000615,ACC0000504,19-Apr-23,Atm Withdrawal,14060.47,Atm,Purchase,3835.9,Pending,09:50:00
TXN00002728,ACC0000527,08-Mar-22,Atm Withdrawal,7882.86,Atm,Purchase,11219.09,Pending,09:51:00
TXN00001963,ACC0000536,16-Jun-23,Atm Withdrawal,9887.08,Atm,Purchase,28999.96,Pending,15:27:00
TXN00004792,ACC0000547,11-Oct-24,Atm Withdrawal,11251.68,Atm,Purchase,66450.07,Pending,12:30:00
TXN00001263,ACC0000548,20-Apr-23,Atm Withdrawal,758.15,Atm,Purchase,3347.97,Pending,12:12:00
TXN00001766,ACC0000551,21-Apr-23,Atm Withdrawal,2263.58,Atm,Purchase,14277.36,Pending,20:47:00
TXN00001796,ACC0000553,04-Apr-24,Atm Withdrawal,5039.17,Atm,Purchase,67150.59,Pending,18:39:00
TXN00002896,ACC0000553,13-Jun-24,Atm Withdrawal,2067.88,Atm,Purchase,67150.59,Pending,20:35:00
TXN00002630,ACC0000568,06-Jul-22,Atm Withdrawal,1449.14,Atm,Purchase,14761.45,Pending,09:14:00
TXN00002110,ACC0000582,20-Mar-23,Atm Withdrawal,76.83,Atm,Purchase,10509.47,Pending,18:52:00
TXN00004331,ACC0000587,02-May-23,Atm Withdrawal,3921.27,Atm,Purchase,13929.62,Pending,18:04:00
TXN00001797,ACC0000599,13-Oct-23,Atm Withdrawal,2716.85,Atm,Purchase,22529.93,Pending,16:12:00
TXN00002799,ACC0000608,20-Jan-22,Atm Withdrawal,4153.43,Atm,Purchase,13345.73,Pending,18:03:00
TXN00003853,ACC0000611,01-Apr-22,Atm Withdrawal,8407.79,Atm,Purchase,8589.09,Pending,18:29:00
TXN00002641,ACC0000630,19-Jun-23,Atm Withdrawal,1496.24,Atm,Purchase,19008.72,Pending,13:14:00
TXN00000789,ACC0000633,06-Mar-24,Atm Withdrawal,10728.33,Atm,Purchase,44280.96,Pending,17:38:00
TXN00004039,ACC0000633,02-Aug-24,Atm Withdrawal,12164.86,Atm,Purchase,35184.47,Pending,09:39:00
TXN00002208,ACC0000634,18-Mar-24,Atm Withdrawal,3039.41,Atm,Purchase,52995.06,Pending,15:02:00
TXN00000675,ACC0000634,01-Dec-24,Atm Withdrawal,3457.11,Atm,Purchase,39553.38,Pending,22:27:00
TXN00000887,ACC0000646,15-Jan-22,Atm Withdrawal,11244.1,Atm,Purchase,29744.35,Pending,22:28:00
TXN00003100,ACC0000657,05-Mar-21,Atm Withdrawal,50.43,Atm,Purchase,42361.55,Pending,20:10:00
TXN00002993,ACC0000661,28-Oct-23,Atm Withdrawal,10143.72,Atm,Purchase,28654.44,Pending,14:57:00
TXN00000308,ACC0000662,24-Dec-22,Atm Withdrawal,1292.6,Atm,Purchase,5045.29,Pending,12:06:00
TXN00001606,ACC0000674,30-Apr-23,Atm Withdrawal,3685.02,Atm,Purchase,4464.3,Pending,19:18:00
TXN00000878,ACC0000678,05-May-23,Atm Withdrawal,10261.14,Atm,Purchase,42877.91,Pending,20:52:00
TXN00002322,ACC0000686,11-Feb-24,Atm Withdrawal,5854.44,Atm,Purchase,28699.05,Pending,17:38:00
TXN00000432,ACC0000700,16-Nov-24,Atm Withdrawal,653.22,Atm,Purchase,1517.34,Pending,21:34:00
TXN00004778,ACC0000001,04-Feb-24,Atm Withdrawal,6021.8,Atm,Rent,45795.94,Pending,11:43:00
TXN00004212,ACC0000003,08-Dec-22,Atm Withdrawal,5673.05,Atm,Rent,37566.66,Pending,16:02:00
TXN00001641,ACC0000017,17-Feb-24,Atm Withdrawal,1463.92,Atm,Rent,45059.48,Pending,12:53:00
TXN00000025,ACC0000018,03-Oct-23,Atm Withdrawal,6648.9,Atm,Rent,8355.85,Pending,17:01:00
TXN00000632,ACC0000034,12-Mar-24,Atm Withdrawal,11804.54,Atm,Rent,1463.11,Pending,16:12:00
TXN00001313,ACC0000039,01-Jan-24,Atm Withdrawal,5819.27,Atm,Rent,46012.78,Pending,22:18:00
TXN00003141,ACC0000040,19-Jul-23,Atm Withdrawal,1508.94,Atm,Rent,32635.3,Pending,22:14:00
TXN00001525,ACC0000057,18-Mar-23,Atm Withdrawal,14902.35,Atm,Rent,8696.47,Pending,09:42:00
TXN00003335,ACC0000066,09-Aug-24,Atm Withdrawal,12447.4,Atm,Rent,54071.97,Pending,10:47:00
TXN00001014,ACC0000070,02-Feb-24,Atm Withdrawal,7813.91,Atm,Rent,19502.91,Pending,20:48:00
TXN00002035,ACC0000076,07-Nov-24,Atm Withdrawal,13443.38,Atm,Rent,65440.82,Pending,20:01:00
TXN00001575,ACC0000085,27-Feb-23,Atm Withdrawal,516.29,Atm,Rent,2190.66,Pending,14:06:00
TXN00000574,ACC0000085,07-Apr-24,Atm Withdrawal,3458.52,Atm,Rent,2190.66,Pending,21:04:00
TXN00003973,ACC0000086,14-Jan-24,Atm Withdrawal,2179.66,Atm,Rent,30110.9,Pending,17:12:00
TXN00001335,ACC0000089,15-May-22,Atm Withdrawal,2532.05,Atm,Rent,692.18,Pending,13:39:00
TXN00002577,ACC0000096,06-Jul-24,Atm Withdrawal,14937.94,Atm,Rent,60173.17,Pending,15:28:00
TXN00003588,ACC0000102,07-Aug-24,Atm Withdrawal,606.57,Atm,Rent,3302.15,Pending,09:08:00
TXN00001522,ACC0000107,09-Jul-24,Atm Withdrawal,11831.73,Atm,Rent,47541.29,Pending,12:40:00
TXN00003775,ACC0000121,22-May-22,Atm Withdrawal,1707.48,Atm,Rent,52547.16,Pending,16:32:00
TXN00001282,ACC0000125,05-Apr-24,Atm Withdrawal,12229.03,Atm,Rent,24711.62,Pending,22:22:00
TXN00004949,ACC0000130,05-Aug-22,Atm Withdrawal,6462,Atm,Rent,27798.54,Pending,19:51:00
TXN00004562,ACC0000132,07-Mar-22,Atm Withdrawal,2435.75,Atm,Rent,3064.82,Pending,14:58:00
TXN00000620,ACC0000134,14-May-24,Atm Withdrawal,4947.84,Atm,Rent,346.44,Pending,22:31:00
TXN00002285,ACC0000137,26-Jun-23,Atm Withdrawal,7610.62,Atm,Rent,17858.11,Pending,08:27:00
TXN00000663,ACC0000138,07-Aug-24,Atm Withdrawal,14848.66,Atm,Rent,13438.84,Pending,12:41:00
TXN00003471,ACC0000151,15-Feb-24,Atm Withdrawal,6747.1,Atm,Rent,2605.54,Pending,11:23:00
TXN00002033,ACC0000154,28-Aug-23,Atm Withdrawal,8683.23,Atm,Rent,30194.27,Pending,09:01:00
TXN00000691,ACC0000158,19-Mar-23,Atm Withdrawal,9609.55,Atm,Rent,570.35,Pending,17:45:00
TXN00002425,ACC0000160,12-Mar-21,Atm Withdrawal,12791.21,Atm,Rent,53171.21,Pending,22:59:00
TXN00003873,ACC0000162,22-Nov-22,Atm Withdrawal,495.27,Atm,Rent,38811.65,Pending,20:21:00
TXN00000575,ACC0000174,13-Mar-24,Atm Withdrawal,6380.91,Atm,Rent,1313.53,Pending,12:24:00
TXN00002283,ACC0000183,26-Jun-24,Atm Withdrawal,12924.63,Atm,Rent,40875.71,Pending,08:50:00
TXN00001993,ACC0000185,20-Oct-22,Atm Withdrawal,11441.6,Atm,Rent,61942.97,Pending,20:13:00
TXN00000484,ACC0000192,03-May-22,Atm Withdrawal,12360.32,Atm,Rent,993.01,Pending,09:45:00
TXN00000114,ACC0000193,15-Feb-23,Atm Withdrawal,9203.31,Atm,Rent,43420.19,Pending,21:08:00
TXN00000997,ACC0000201,31-Aug-24,Atm Withdrawal,13359.56,Atm,Rent,186.75,Pending,08:17:00
TXN00004993,ACC0000202,01-Apr-22,Atm Withdrawal,7325.84,Atm,Rent,47373.41,Pending,20:14:00
TXN00004824,ACC0000222,15-Apr-24,Atm Withdrawal,741.14,Atm,Rent,1063,Pending,19:33:00
TXN00000110,ACC0000229,21-Jul-24,Atm Withdrawal,14266.46,Atm,Rent,25731.91,Pending,21:06:00
TXN00002511,ACC0000231,23-Jan-24,Atm Withdrawal,459.62,Atm,Rent,4134.47,Pending,22:42:00
TXN00004647,ACC0000234,21-Feb-23,Atm Withdrawal,2979.1,Atm,Rent,7015.75,Pending,19:35:00
TXN00003815,ACC0000248,06-Jul-23,Atm Withdrawal,161.15,Atm,Rent,7395.22,Pending,09:07:00
TXN00002082,ACC0000256,21-Mar-22,Atm Withdrawal,8699.16,Atm,Rent,33119.08,Pending,11:56:00
TXN00000416,ACC0000274,15-Jul-24,Atm Withdrawal,7446.88,Atm,Rent,4523.13,Pending,17:47:00
TXN00003860,ACC0000275,29-Nov-22,Atm Withdrawal,1295.13,Atm,Rent,66386.82,Pending,11:18:00
TXN00004883,ACC0000276,15-Nov-24,Atm Withdrawal,4538.13,Atm,Rent,394.93,Pending,13:05:00
TXN00003985,ACC0000277,14-Nov-23,Atm Withdrawal,2942.72,Atm,Rent,22113.86,Pending,18:22:00
TXN00000154,ACC0000282,06-Sep-23,Atm Withdrawal,13118.46,Atm,Rent,5,Pending,12:36:00
TXN00000031,ACC0000292,22-Aug-23,Atm Withdrawal,12176.63,Atm,Rent,8010.76,Pending,13:16:00
TXN00004548,ACC0000292,09-Oct-24,Atm Withdrawal,12284.82,Atm,Rent,8010.76,Pending,21:02:00
TXN00004659,ACC0000300,18-Aug-24,Atm Withdrawal,5017.99,Atm,Rent,13233.98,Pending,14:32:00
TXN00004959,ACC0000305,31-May-24,Atm Withdrawal,8006.94,Atm,Rent,9903.99,Pending,19:51:00
TXN00004762,ACC0000341,26-Jan-24,Atm Withdrawal,6959.63,Atm,Rent,8375.49,Pending,22:53:00
TXN00002737,ACC0000343,29-May-24,Atm Withdrawal,2844.34,Atm,Rent,21911.63,Pending,17:04:00
TXN00002844,ACC0000346,26-Mar-23,Atm Withdrawal,3833.02,Atm,Rent,6537.24,Pending,15:13:00
TXN00002548,ACC0000358,09-Jul-24,Atm Withdrawal,6915.48,Atm,Rent,29576.76,Pending,22:36:00
TXN00000619,ACC0000362,18-Jun-24,Atm Withdrawal,6673.68,Atm,Rent,13114.57,Pending,10:53:00
TXN00004797,ACC0000366,18-May-24,Atm Withdrawal,4880.58,Atm,Rent,37701.52,Pending,13:54:00
TXN00003208,ACC0000388,26-Mar-24,Atm Withdrawal,3877.96,Atm,Rent,22132.79,Pending,11:12:00
TXN00003657,ACC0000390,26-Feb-23,Atm Withdrawal,11091.41,Atm,Rent,28632.9,Pending,17:02:00
TXN00000815,ACC0000408,09-Dec-22,Atm Withdrawal,12479.21,Atm,Rent,11848.9,Pending,16:58:00
TXN00001919,ACC0000422,06-Feb-24,Atm Withdrawal,302.32,Atm,Rent,45252.31,Pending,19:09:00
TXN00000952,ACC0000426,12-Oct-23,Atm Withdrawal,7206.98,Atm,Rent,187.02,Pending,20:29:00
TXN00000546,ACC0000434,25-Oct-24,Atm Withdrawal,2698.04,Atm,Rent,385.76,Pending,12:26:00
TXN00003729,ACC0000441,30-Jan-23,Atm Withdrawal,10502.39,Atm,Rent,47222.52,Pending,15:20:00
TXN00002708,ACC0000447,08-Dec-23,Atm Withdrawal,8482.24,Atm,Rent,3317.75,Pending,08:41:00
TXN00002655,ACC0000450,30-Aug-23,Atm Withdrawal,641.43,Atm,Rent,33656.98,Pending,12:53:00
TXN00001600,ACC0000453,02-Sep-22,Atm Withdrawal,13156.09,Atm,Rent,31498,Pending,08:37:00
TXN00003540,ACC0000473,23-Apr-24,Atm Withdrawal,3138.83,Atm,Rent,26151.08,Pending,13:03:00
TXN00003738,ACC0000477,01-Feb-22,Atm Withdrawal,4818.16,Atm,Rent,4353,Pending,11:19:00
TXN00003478,ACC0000479,30-Oct-24,Atm Withdrawal,10293.83,Atm,Rent,30481.14,Pending,13:25:00
TXN00002608,ACC0000502,02-Oct-24,Atm Withdrawal,11584.06,Atm,Rent,29756.14,Pending,13:16:00
TXN00003787,ACC0000504,19-Nov-23,Atm Withdrawal,8515.98,Atm,Rent,11434.14,Pending,16:00:00
TXN00003909,ACC0000505,20-Mar-22,Atm Withdrawal,8334.37,Atm,Rent,61362.35,Pending,09:51:00
TXN00001784,ACC0000510,21-Jul-23,Atm Withdrawal,1155.11,Atm,Rent,33101.26,Pending,17:06:00
TXN00002795,ACC0000526,29-Mar-24,Atm Withdrawal,5600.28,Atm,Rent,29772.56,Pending,08:14:00
TXN00003929,ACC0000539,30-Nov-24,Atm Withdrawal,12840,Atm,Rent,7847.5,Pending,21:05:00
TXN00003495,ACC0000548,27-May-23,Atm Withdrawal,1622.65,Atm,Rent,3347.97,Pending,17:46:00
TXN00003664,ACC0000553,06-Jul-23,Atm Withdrawal,8984.73,Atm,Rent,53118.76,Pending,16:26:00
TXN00002029,ACC0000570,12-Apr-22,Atm Withdrawal,11017.41,Atm,Rent,12307.28,Pending,16:23:00
TXN00001868,ACC0000575,16-Dec-24,Atm Withdrawal,7062.86,Atm,Rent,57978.22,Pending,19:04:00
TXN00003225,ACC0000582,29-Mar-24,Atm Withdrawal,7874.34,Atm,Rent,16203.89,Pending,17:13:00
TXN00001723,ACC0000585,28-Nov-22,Atm Withdrawal,4132.65,Atm,Rent,12138.82,Pending,09:11:00
TXN00000017,ACC0000593,07-Aug-24,Atm Withdrawal,11969.3,Atm,Rent,23510.67,Pending,21:04:00
TXN00003905,ACC0000598,31-Aug-22,Atm Withdrawal,11225.84,Atm,Rent,2688.2,Pending,11:15:00
TXN00003394,ACC0000600,21-Jan-23,Atm Withdrawal,7231.03,Atm,Rent,44078.34,Pending,13:48:00
TXN00000955,ACC0000604,16-Jun-24,Atm Withdrawal,716.21,Atm,Rent,17402.83,Pending,15:22:00
TXN00000964,ACC0000607,09-Jun-22,Atm Withdrawal,5549.11,Atm,Rent,3682.78,Pending,21:01:00
TXN00002389,ACC0000614,27-Jul-24,Atm Withdrawal,8846.86,Atm,Rent,39327.94,Pending,10:41:00
TXN00003997,ACC0000633,03-Jun-24,Atm Withdrawal,1361.45,Atm,Rent,49984.97,Pending,10:40:00
TXN00003872,ACC0000637,24-Oct-24,Atm Withdrawal,1552.12,Atm,Rent,38615.07,Pending,21:28:00
TXN00000669,ACC0000641,11-Jan-23,Atm Withdrawal,8935.38,Atm,Rent,56919.61,Pending,21:51:00
TXN00004894,ACC0000651,25-Apr-22,Atm Withdrawal,14950.8,Atm,Rent,19549.63,Pending,14:43:00
TXN00001457,ACC0000665,02-Apr-22,Atm Withdrawal,3953.88,Atm,Rent,7483.76,Pending,14:13:00
TXN00002598,ACC0000666,15-Oct-24,Atm Withdrawal,7101.96,Atm,Rent,55102.39,Pending,13:48:00
TXN00001285,ACC0000668,20-Dec-22,Atm Withdrawal,6731.21,Atm,Rent,59598.69,Pending,21:04:00
TXN00004127,ACC0000673,22-Nov-23,Atm Withdrawal,6566.46,Atm,Rent,25547.1,Pending,11:16:00
TXN00000504,ACC0000680,12-Nov-22,Atm Withdrawal,13338.15,Atm,Rent,58057.63,Pending,17:06:00
TXN00004470,ACC0000682,13-May-24,Atm Withdrawal,3901.54,Atm,Rent,31342.47,Pending,19:40:00
TXN00001428,ACC0000687,26-Jun-23,Atm Withdrawal,11659.97,Atm,Rent,5620.73,Pending,17:25:00
TXN00003843,ACC0000696,04-Apr-24,Atm Withdrawal,10845.95,Atm,Rent,550.39,Pending,19:27:00
TXN00002140,ACC0000697,17-Nov-23,Atm Withdrawal,6888.33,Atm,Rent,35947.36,Pending,22:07:00
TXN00002505,ACC0000697,26-Mar-24,Atm Withdrawal,3617.56,Atm,Rent,45252.22,Pending,11:19:00
TXN00003159,ACC0000003,13-Apr-23,Atm Withdrawal,634.77,Atm,Rent,28104.41,Failed,19:10:00
TXN00000294,ACC0000005,18-Feb-24,Atm Withdrawal,12130.07,Atm,Rent,49312.9,Failed,20:21:00
TXN00003560,ACC0000008,28-Jul-24,Atm Withdrawal,1893.69,Atm,Rent,6354.41,Failed,22:06:00
TXN00000824,ACC0000009,18-Nov-23,Atm Withdrawal,2001.73,Atm,Rent,12015.91,Failed,08:30:00
TXN00000488,ACC0000018,07-Dec-23,Atm Withdrawal,7199.91,Atm,Rent,8355.85,Failed,17:33:00
TXN00001843,ACC0000020,06-Dec-22,Atm Withdrawal,11171.89,Atm,Rent,13683.95,Failed,20:01:00
TXN00001087,ACC0000026,21-Dec-23,Atm Withdrawal,1693.92,Atm,Rent,15202.82,Failed,13:48:00
TXN00002804,ACC0000028,17-Jan-23,Atm Withdrawal,9252.52,Atm,Rent,10263.08,Failed,14:07:00
TXN00002499,ACC0000028,16-Jun-23,Atm Withdrawal,13331.74,Atm,Rent,10263.08,Failed,17:10:00
TXN00000788,ACC0000036,18-Jun-24,Atm Withdrawal,5257.62,Atm,Rent,1.7,Failed,20:31:00
TXN00003232,ACC0000045,17-May-24,Atm Withdrawal,10519.05,Atm,Rent,50721.25,Failed,17:50:00
TXN00000173,ACC0000049,24-Jan-24,Atm Withdrawal,13317.1,Atm,Rent,11907.1,Failed,08:59:00
TXN00001938,ACC0000050,13-Nov-22,Atm Withdrawal,1975.63,Atm,Rent,30778.13,Failed,21:49:00
TXN00003901,ACC0000074,27-Jan-22,Atm Withdrawal,9231.84,Atm,Rent,54760.03,Failed,15:12:00
TXN00004144,ACC0000074,16-Dec-24,Atm Withdrawal,4925.27,Atm,Rent,47175.82,Failed,12:36:00
TXN00002635,ACC0000075,20-Sep-24,Atm Withdrawal,8097.36,Atm,Rent,3010.43,Failed,11:33:00
TXN00003774,ACC0000076,13-Jun-22,Atm Withdrawal,4333.44,Atm,Rent,73738.41,Failed,19:31:00
TXN00003133,ACC0000076,15-Jun-23,Atm Withdrawal,7635.87,Atm,Rent,73738.41,Failed,17:42:00
TXN00003320,ACC0000080,16-Feb-22,Atm Withdrawal,12252.18,Atm,Rent,8044.1,Failed,21:56:00
TXN00001121,ACC0000080,08-Aug-22,Atm Withdrawal,11654.59,Atm,Rent,8044.1,Failed,12:59:00
TXN00002288,ACC0000080,20-Jul-23,Atm Withdrawal,12700.17,Atm,Rent,4620.95,Failed,21:47:00
TXN00004761,ACC0000085,06-Mar-22,Atm Withdrawal,12025.38,Atm,Rent,735.23,Failed,09:34:00
TXN00004155,ACC0000087,26-Jan-24,Atm Withdrawal,11155.29,Atm,Rent,6192.26,Failed,20:59:00
TXN00002690,ACC0000124,06-Jun-22,Atm Withdrawal,11084.1,Atm,Rent,28369.9,Failed,14:36:00
TXN00001747,ACC0000133,15-May-23,Atm Withdrawal,12317.57,Atm,Rent,2033.54,Failed,10:36:00
TXN00001901,ACC0000134,02-Dec-24,Atm Withdrawal,3265.29,Atm,Rent,346.44,Failed,16:42:00
TXN00000264,ACC0000147,29-Oct-23,Atm Withdrawal,8858.44,Atm,Rent,39579.96,Failed,11:24:00
TXN00004437,ACC0000169,22-Apr-22,Atm Withdrawal,2279.61,Atm,Rent,24092.21,Failed,21:49:00
TXN00004235,ACC0000171,28-Jan-22,Atm Withdrawal,9576.52,Atm,Rent,5787.57,Failed,08:49:00
TXN00003187,ACC0000175,16-Feb-24,Atm Withdrawal,982.27,Atm,Rent,3077.51,Failed,11:47:00
TXN00002180,ACC0000177,16-Nov-23,Atm Withdrawal,12363,Atm,Rent,725.8,Failed,12:35:00
TXN00003960,ACC0000178,31-Jan-23,Atm Withdrawal,1000.98,Atm,Rent,1125.11,Failed,17:51:00
TXN00000413,ACC0000178,04-Nov-24,Atm Withdrawal,830,Atm,Rent,151.13,Failed,11:56:00
TXN00000477,ACC0000179,23-Dec-22,Atm Withdrawal,14113.06,Atm,Rent,9719.14,Failed,19:38:00
TXN00004041,ACC0000192,15-Mar-23,Atm Withdrawal,3896.3,Atm,Rent,993.01,Failed,17:31:00
TXN00000377,ACC0000195,14-Jul-23,Atm Withdrawal,780.79,Atm,Rent,6351.14,Failed,09:47:00
TXN00002883,ACC0000201,07-Dec-24,Atm Withdrawal,12533.8,Atm,Rent,2123.21,Failed,22:36:00
TXN00002009,ACC0000202,07-Jul-24,Atm Withdrawal,13098.23,Atm,Rent,47373.41,Failed,10:00:00
TXN00003188,ACC0000202,02-Nov-24,Atm Withdrawal,10781.93,Atm,Rent,41166.48,Failed,18:39:00
TXN00000496,ACC0000203,14-Nov-24,Atm Withdrawal,2035.46,Atm,Rent,61483.33,Failed,18:03:00
TXN00003340,ACC0000211,09-Oct-24,Atm Withdrawal,199.05,Atm,Rent,43290.89,Failed,17:12:00
TXN00004025,ACC0000223,26-Jan-24,Atm Withdrawal,13463.03,Atm,Rent,7812.36,Failed,17:15:00
TXN00001800,ACC0000228,25-Jul-22,Atm Withdrawal,1884.1,Atm,Rent,3380.85,Failed,15:49:00
TXN00001556,ACC0000233,14-Jan-23,Atm Withdrawal,719.11,Atm,Rent,60354.82,Failed,16:23:00
TXN00002475,ACC0000240,21-Jan-22,Atm Withdrawal,12030.02,Atm,Rent,3120.5,Failed,13:31:00
TXN00001246,ACC0000242,23-Jan-23,Atm Withdrawal,8838.88,Atm,Rent,7057.36,Failed,16:54:00
TXN00004810,ACC0000245,21-Dec-21,Atm Withdrawal,1099.16,Atm,Rent,6288.71,Failed,13:09:00
TXN00002919,ACC0000265,28-Jul-23,Atm Withdrawal,3487.21,Atm,Rent,24770.01,Failed,10:36:00
TXN00002260,ACC0000276,29-Aug-24,Atm Withdrawal,8893.37,Atm,Rent,394.93,Failed,12:56:00
TXN00000105,ACC0000280,01-Jul-23,Atm Withdrawal,13480.13,Atm,Rent,8021.54,Failed,18:01:00
TXN00003167,ACC0000308,07-Jul-22,Atm Withdrawal,11004.95,Atm,Rent,27190.68,Failed,14:58:00
TXN00003531,ACC0000308,21-Aug-23,Atm Withdrawal,10253.5,Atm,Rent,27190.68,Failed,10:44:00
TXN00003314,ACC0000325,19-Oct-23,Atm Withdrawal,7604.94,Atm,Rent,35714.35,Failed,15:06:00
TXN00000326,ACC0000343,21-Feb-23,Atm Withdrawal,9215.75,Atm,Rent,34116.62,Failed,22:54:00
TXN00002329,ACC0000352,05-Nov-24,Atm Withdrawal,6596.28,Atm,Rent,52345.34,Failed,15:17:00
TXN00001760,ACC0000358,23-Nov-23,Atm Withdrawal,14013.23,Atm,Rent,27971.85,Failed,13:52:00
TXN00004715,ACC0000361,20-Apr-22,Atm Withdrawal,465.49,Atm,Rent,591.51,Failed,11:20:00
TXN00003244,ACC0000377,21-Jan-22,Atm Withdrawal,11609.75,Atm,Rent,338.37,Failed,19:43:00
TXN00003870,ACC0000377,09-Aug-24,Atm Withdrawal,2619.9,Atm,Rent,86.42,Failed,19:49:00
TXN00003482,ACC0000395,23-Jul-22,Atm Withdrawal,13159.61,Atm,Rent,36659.75,Failed,19:47:00
TXN00004847,ACC0000403,01-Apr-24,Atm Withdrawal,372.92,Atm,Rent,54764.95,Failed,11:34:00
TXN00003580,ACC0000405,21-Mar-24,Atm Withdrawal,6381.3,Atm,Rent,19057.24,Failed,16:16:00
TXN00001547,ACC0000411,08-Jan-24,Atm Withdrawal,8917.51,Atm,Rent,4131.02,Failed,18:38:00
TXN00002032,ACC0000412,20-Oct-23,Atm Withdrawal,10625.13,Atm,Rent,22725.06,Failed,17:44:00
TXN00001877,ACC0000448,28-Dec-22,Atm Withdrawal,8813.37,Atm,Rent,33596.52,Failed,17:39:00
TXN00002501,ACC0000466,25-Sep-22,Atm Withdrawal,6760.79,Atm,Rent,2121.9,Failed,10:40:00
TXN00001548,ACC0000476,18-Oct-23,Atm Withdrawal,13278.61,Atm,Rent,9955.97,Failed,21:01:00
TXN00004200,ACC0000479,15-Jul-24,Atm Withdrawal,8720.4,Atm,Rent,30481.14,Failed,21:16:00
TXN00000170,ACC0000480,17-Jun-24,Atm Withdrawal,1258.55,Atm,Rent,51247.16,Failed,13:07:00
TXN00000764,ACC0000482,02-Feb-24,Atm Withdrawal,14901.09,Atm,Rent,0,Failed,09:55:00
TXN00001283,ACC0000482,15-Apr-24,Atm Withdrawal,11067.92,Atm,Rent,3275.12,Failed,22:18:00
TXN00002858,ACC0000487,10-Feb-24,Atm Withdrawal,13965.77,Atm,Rent,4466.48,Failed,15:13:00
TXN00001299,ACC0000494,23-Oct-24,Atm Withdrawal,1744.66,Atm,Rent,10914.2,Failed,12:31:00
TXN00003942,ACC0000510,31-Oct-23,Atm Withdrawal,8406.99,Atm,Rent,33101.26,Failed,13:03:00
TXN00000870,ACC0000516,03-Apr-22,Atm Withdrawal,9717.52,Atm,Rent,5140.94,Failed,12:22:00
TXN00001303,ACC0000517,21-Nov-24,Atm Withdrawal,6076.67,Atm,Rent,41804.59,Failed,20:55:00
TXN00004584,ACC0000521,03-Jul-24,Atm Withdrawal,7302.2,Atm,Rent,25867.87,Failed,20:19:00
TXN00003337,ACC0000531,22-Feb-22,Atm Withdrawal,8347.05,Atm,Rent,37642.44,Failed,11:14:00
TXN00001034,ACC0000540,21-Nov-22,Atm Withdrawal,8952.35,Atm,Rent,3809.84,Failed,14:18:00
TXN00001350,ACC0000542,27-Aug-23,Atm Withdrawal,8089.41,Atm,Rent,28611.42,Failed,12:43:00
TXN00004199,ACC0000550,19-Jul-24,Atm Withdrawal,4838.75,Atm,Rent,22848.73,Failed,13:19:00
TXN00004105,ACC0000555,05-May-24,Atm Withdrawal,12187.87,Atm,Rent,7052.72,Failed,12:19:00
TXN00004146,ACC0000559,27-Aug-22,Atm Withdrawal,13310.28,Atm,Rent,49346.41,Failed,11:54:00
TXN00003972,ACC0000568,27-Sep-23,Atm Withdrawal,3349.86,Atm,Rent,27021.01,Failed,20:05:00
TXN00001574,ACC0000577,08-Feb-23,Atm Withdrawal,10698.68,Atm,Rent,13905.63,Failed,16:20:00
TXN00004274,ACC0000582,10-Sep-22,Atm Withdrawal,5634.22,Atm,Rent,8712.02,Failed,20:07:00
TXN00003510,ACC0000589,28-Dec-23,Atm Withdrawal,14920.97,Atm,Rent,9377.72,Failed,11:40:00
TXN00001384,ACC0000596,28-Jul-24,Atm Withdrawal,13799.57,Atm,Rent,9720.83,Failed,21:15:00
TXN00001357,ACC0000605,21-Sep-24,Atm Withdrawal,4634,Atm,Rent,39076.78,Failed,20:24:00
TXN00001016,ACC0000605,26-Sep-24,Atm Withdrawal,6280.45,Atm,Rent,39076.78,Failed,18:49:00
TXN00004552,ACC0000606,21-May-22,Atm Withdrawal,4272.96,Atm,Rent,10521.43,Failed,17:15:00
TXN00004459,ACC0000609,13-Mar-24,Atm Withdrawal,7401.37,Atm,Rent,20397.85,Failed,15:09:00
TXN00002133,ACC0000619,25-Feb-24,Atm Withdrawal,8.22,Atm,Rent,14824.84,Failed,20:41:00
TXN00003720,ACC0000635,25-Nov-24,Atm Withdrawal,6322.45,Atm,Rent,30206.74,Failed,13:07:00
TXN00001904,ACC0000654,11-Oct-23,Atm Withdrawal,2249.13,Atm,Rent,43308.58,Failed,20:05:00
TXN00003273,ACC0000675,29-Oct-23,Atm Withdrawal,14771.36,Atm,Rent,45707.74,Failed,20:43:00
TXN00003810,ACC0000682,25-Oct-23,Atm Withdrawal,10838.67,Atm,Rent,31342.47,Failed,21:06:00
TXN00004253,ACC0000684,05-Jul-24,Atm Withdrawal,9757.95,Atm,Rent,5312.11,Failed,22:20:00
TXN00004722,ACC0000010,27-Sep-24,Atm Withdrawal,7132.46,Atm,Rent,1754.27,Completed,17:31:00
TXN00003459,ACC0000016,29-Oct-22,Atm Withdrawal,2841.11,Atm,Rent,57562.78,Completed,10:32:00
TXN00002047,ACC0000024,20-Nov-22,Atm Withdrawal,14724.86,Atm,Rent,3314.05,Completed,22:26:00
TXN00003439,ACC0000024,08-Jun-24,Atm Withdrawal,3309.05,Atm,Rent,5,Completed,20:37:00
TXN00004698,ACC0000025,20-Apr-24,Atm Withdrawal,5388.42,Atm,Rent,8190.93,Completed,17:35:00
TXN00002375,ACC0000036,04-Sep-23,Atm Withdrawal,167.76,Atm,Rent,11.96,Completed,14:04:00
TXN00002343,ACC0000040,27-Apr-24,Atm Withdrawal,6363.43,Atm,Rent,23552.02,Completed,19:36:00
TXN00004891,ACC0000065,24-Apr-23,Atm Withdrawal,933.66,Atm,Rent,188.73,Completed,13:58:00
TXN00004280,ACC0000083,06-Mar-23,Atm Withdrawal,5511.62,Atm,Rent,45591.63,Completed,21:13:00
TXN00003977,ACC0000090,23-Dec-23,Atm Withdrawal,2091.89,Atm,Rent,602.71,Completed,17:22:00
TXN00002974,ACC0000093,08-Oct-22,Atm Withdrawal,1110.1,Atm,Rent,49689.23,Completed,09:32:00
TXN00001589,ACC0000096,19-Jan-24,Atm Withdrawal,11362.71,Atm,Rent,60173.17,Completed,14:40:00
TXN00002823,ACC0000101,02-Apr-24,Atm Withdrawal,9713.1,Atm,Rent,15188.15,Completed,17:02:00
TXN00003917,ACC0000103,04-Sep-24,Atm Withdrawal,3523.64,Atm,Rent,31099.82,Completed,12:51:00
TXN00003423,ACC0000108,30-Apr-23,Atm Withdrawal,5399.52,Atm,Rent,7489.82,Completed,12:34:00
TXN00003115,ACC0000119,02-Jul-23,Atm Withdrawal,1615.45,Atm,Rent,690.06,Completed,18:18:00
TXN00001758,ACC0000137,04-May-22,Atm Withdrawal,7508.04,Atm,Rent,6674.09,Completed,08:46:00
TXN00003438,ACC0000144,24-Oct-24,Atm Withdrawal,2375.72,Atm,Rent,12711.55,Completed,11:31:00
TXN00001506,ACC0000153,10-Jul-24,Atm Withdrawal,5810.54,Atm,Rent,5,Completed,15:17:00
TXN00001110,ACC0000159,05-Jun-23,Atm Withdrawal,6999.07,Atm,Rent,27713.48,Completed,13:46:00
TXN00000683,ACC0000162,28-Oct-24,Atm Withdrawal,13898.15,Atm,Rent,16685.31,Completed,20:37:00
TXN00003946,ACC0000166,27-Nov-24,Atm Withdrawal,13341.33,Atm,Rent,32046.12,Completed,18:10:00
TXN00001379,ACC0000179,18-Jul-22,Atm Withdrawal,654.38,Atm,Rent,9719.14,Completed,20:37:00
TXN00001102,ACC0000185,06-Oct-22,Atm Withdrawal,14726.77,Atm,Rent,50678.88,Completed,18:05:00
TXN00004918,ACC0000196,22-Oct-24,Atm Withdrawal,5827.35,Atm,Rent,30466.49,Completed,11:54:00
TXN00004334,ACC0000197,24-Dec-24,Atm Withdrawal,13616.89,Atm,Rent,38539.31,Completed,18:44:00
TXN00002547,ACC0000209,05-Dec-23,Atm Withdrawal,5350.09,Atm,Rent,18122.41,Completed,19:42:00
TXN00000406,ACC0000213,15-Nov-22,Atm Withdrawal,9584.93,Atm,Rent,2044.46,Completed,16:06:00
TXN00001909,ACC0000221,13-May-22,Atm Withdrawal,208.66,Atm,Rent,26591.42,Completed,17:04:00
TXN00000698,ACC0000227,26-Oct-23,Atm Withdrawal,1933.35,Atm,Rent,39196.05,Completed,11:08:00
TXN00000657,ACC0000234,22-Aug-24,Atm Withdrawal,459.18,Atm,Rent,120.38,Completed,13:28:00
TXN00004646,ACC0000234,08-Oct-24,Atm Withdrawal,98.52,Atm,Rent,21.86,Completed,16:18:00
TXN00000136,ACC0000235,29-Apr-23,Atm Withdrawal,9457.45,Atm,Rent,33477.68,Completed,19:06:00
TXN00001596,ACC0000235,31-Aug-24,Atm Withdrawal,1370.18,Atm,Rent,55903.35,Completed,11:49:00
TXN00004184,ACC0000258,29-Aug-23,Atm Withdrawal,4270.21,Atm,Rent,20137.09,Completed,16:15:00
TXN00003888,ACC0000261,09-Jan-22,Atm Withdrawal,11250.32,Atm,Rent,19336.68,Completed,15:50:00
TXN00004580,ACC0000261,04-Oct-23,Atm Withdrawal,8728.2,Atm,Rent,10608.48,Completed,16:15:00
TXN00004967,ACC0000263,28-Apr-24,Atm Withdrawal,9547.01,Atm,Rent,1070.67,Completed,09:57:00
TXN00004553,ACC0000276,03-Mar-23,Atm Withdrawal,3682.79,Atm,Rent,832.9,Completed,15:53:00
TXN00001867,ACC0000276,26-Jun-24,Atm Withdrawal,437.97,Atm,Rent,394.93,Completed,14:27:00
TXN00000058,ACC0000277,04-Aug-23,Atm Withdrawal,3619.23,Atm,Rent,8612.94,Completed,09:12:00
TXN00002574,ACC0000279,09-Nov-23,Atm Withdrawal,13115.89,Atm,Rent,11526.61,Completed,11:49:00
TXN00001601,ACC0000286,14-Sep-23,Atm Withdrawal,1546.2,Atm,Rent,186.47,Completed,20:11:00
TXN00001490,ACC0000290,15-May-22,Atm Withdrawal,9260.73,Atm,Rent,1111.37,Completed,21:44:00
TXN00003370,ACC0000296,02-Mar-22,Atm Withdrawal,2139.99,Atm,Rent,52345.65,Completed,14:09:00
TXN00000418,ACC0000297,18-Jun-23,Atm Withdrawal,1680.18,Atm,Rent,1242.37,Completed,10:40:00
TXN00000066,ACC0000300,31-Aug-22,Atm Withdrawal,2166.34,Atm,Rent,10252.37,Completed,13:12:00
TXN00004544,ACC0000310,02-Aug-24,Atm Withdrawal,4383.82,Atm,Rent,31726.68,Completed,08:13:00
TXN00004327,ACC0000321,23-Mar-24,Atm Withdrawal,764.9,Atm,Rent,351.19,Completed,22:21:00
TXN00003224,ACC0000327,10-Jan-23,Atm Withdrawal,14160.47,Atm,Rent,30146.43,Completed,14:24:00
TXN00003088,ACC0000343,04-Dec-23,Atm Withdrawal,12204.99,Atm,Rent,21911.63,Completed,11:51:00
TXN00001208,ACC0000346,14-Jan-24,Atm Withdrawal,3520.17,Atm,Rent,3017.07,Completed,09:31:00
TXN00003819,ACC0000378,03-Jul-23,Atm Withdrawal,1098.6,Atm,Rent,11737.03,Completed,20:51:00
TXN00004195,ACC0000378,06-Jun-24,Atm Withdrawal,626.96,Atm,Rent,552.07,Completed,15:57:00
TXN00000523,ACC0000379,16-Nov-24,Atm Withdrawal,1711.75,Atm,Rent,17928.94,Completed,14:51:00
TXN00001734,ACC0000383,29-Jul-24,Atm Withdrawal,4753.02,Atm,Rent,5155.46,Completed,14:11:00
TXN00001790,ACC0000399,27-Mar-22,Atm Withdrawal,3922.84,Atm,Rent,6807.13,Completed,15:42:00
TXN00004321,ACC0000411,17-Jul-23,Atm Withdrawal,4671.5,Atm,Rent,4131.02,Completed,17:07:00
TXN00001632,ACC0000412,13-Jan-23,Atm Withdrawal,8004.76,Atm,Rent,22725.06,Completed,14:14:00
TXN00001259,ACC0000414,06-Nov-24,Atm Withdrawal,222.87,Atm,Rent,21366.88,Completed,13:21:00
TXN00004203,ACC0000416,01-Jun-22,Atm Withdrawal,1278.78,Atm,Rent,429.81,Completed,13:48:00
TXN00002669,ACC0000429,30-Oct-23,Atm Withdrawal,11117.62,Atm,Rent,4977.39,Completed,13:29:00
TXN00004767,ACC0000431,08-Oct-23,Atm Withdrawal,302.47,Atm,Rent,1795.15,Completed,19:12:00
TXN00002887,ACC0000434,28-Apr-24,Atm Withdrawal,839.01,Atm,Rent,1211.75,Completed,18:51:00
TXN00002215,ACC0000439,26-Jul-24,Atm Withdrawal,3920.52,Atm,Rent,5,Completed,15:23:00
TXN00003323,ACC0000442,19-Jul-23,Atm Withdrawal,3344.64,Atm,Rent,98.86,Completed,20:58:00
TXN00003899,ACC0000451,15-Sep-24,Atm Withdrawal,9135.34,Atm,Rent,9062.48,Completed,20:27:00
TXN00003679,ACC0000465,10-Jul-23,Atm Withdrawal,9536.97,Atm,Rent,2404.17,Completed,15:48:00
TXN00000983,ACC0000466,07-Apr-22,Atm Withdrawal,10930.67,Atm,Rent,2121.9,Completed,20:59:00
TXN00004094,ACC0000484,28-Aug-24,Atm Withdrawal,629.27,Atm,Rent,1341.04,Completed,13:04:00
TXN00003939,ACC0000493,08-Oct-24,Atm Withdrawal,9924.05,Atm,Rent,43404.13,Completed,21:07:00
TXN00002169,ACC0000495,09-Jan-23,Atm Withdrawal,1997.55,Atm,Rent,4361.76,Completed,12:39:00
TXN00001557,ACC0000495,18-Aug-24,Atm Withdrawal,4356.76,Atm,Rent,5,Completed,18:26:00
TXN00002977,ACC0000498,07-Jul-23,Atm Withdrawal,9775.07,Atm,Rent,39099.35,Completed,18:00:00
TXN00000268,ACC0000498,25-Apr-24,Atm Withdrawal,10262.09,Atm,Rent,28837.26,Completed,21:30:00
TXN00000291,ACC0000500,26-Mar-22,Atm Withdrawal,9447.52,Atm,Rent,32946.88,Completed,14:22:00
TXN00003930,ACC0000501,03-Sep-24,Atm Withdrawal,902.49,Atm,Rent,38386.58,Completed,19:13:00
TXN00000372,ACC0000502,27-Dec-23,Atm Withdrawal,3970.16,Atm,Rent,20741.38,Completed,09:10:00
TXN00002405,ACC0000508,10-Feb-23,Atm Withdrawal,8408.79,Atm,Rent,11663.84,Completed,13:25:00
TXN00001645,ACC0000521,07-Aug-23,Atm Withdrawal,10214.47,Atm,Rent,25867.87,Completed,13:00:00
TXN00004564,ACC0000529,14-Apr-24,Atm Withdrawal,1710.73,Atm,Rent,1791.68,Completed,22:27:00
TXN00002503,ACC0000531,27-Oct-23,Atm Withdrawal,4573.02,Atm,Rent,25809.02,Completed,11:37:00
TXN00004889,ACC0000536,03-Jun-24,Atm Withdrawal,3845.83,Atm,Rent,28728.65,Completed,21:03:00
TXN00000339,ACC0000554,20-Mar-24,Atm Withdrawal,5550,Atm,Rent,37229.52,Completed,16:45:00
TXN00003535,ACC0000573,28-Apr-23,Atm Withdrawal,8825.79,Atm,Rent,37225.95,Completed,17:58:00
TXN00004055,ACC0000574,19-Dec-23,Atm Withdrawal,2287.27,Atm,Rent,4704.56,Completed,17:17:00
TXN00000589,ACC0000578,11-Dec-24,Atm Withdrawal,12548.17,Atm,Rent,10734.74,Completed,20:08:00
TXN00001106,ACC0000580,24-Jan-23,Atm Withdrawal,1373.83,Atm,Rent,907.36,Completed,22:33:00
TXN00000526,ACC0000581,13-May-23,Atm Withdrawal,3459.04,Atm,Rent,15482.83,Completed,14:49:00
TXN00003945,ACC0000583,18-Mar-23,Atm Withdrawal,2057.48,Atm,Rent,1794.08,Completed,18:59:00
TXN00000193,ACC0000584,21-Mar-24,Atm Withdrawal,1054.31,Atm,Rent,73.11,Completed,13:08:00
TXN00000239,ACC0000606,23-Sep-22,Atm Withdrawal,7546.99,Atm,Rent,2974.44,Completed,20:29:00
TXN00001610,ACC0000611,04-Dec-22,Atm Withdrawal,987.89,Atm,Rent,7601.2,Completed,22:20:00
TXN00003241,ACC0000612,19-Apr-22,Atm Withdrawal,5185.61,Atm,Rent,4891.3,Completed,21:08:00
TXN00003329,ACC0000618,23-Jan-22,Atm Withdrawal,6687.98,Atm,Rent,49395.98,Completed,21:47:00
TXN00004089,ACC0000621,02-Oct-24,Atm Withdrawal,8845.26,Atm,Rent,39891.58,Completed,16:32:00
TXN00002954,ACC0000623,17-Sep-23,Atm Withdrawal,409.05,Atm,Rent,4456.44,Completed,13:05:00
TXN00000104,ACC0000625,02-Jul-22,Atm Withdrawal,12126.18,Atm,Rent,9701.71,Completed,21:25:00
TXN00002449,ACC0000630,13-May-22,Atm Withdrawal,3277.91,Atm,Rent,295.71,Completed,21:27:00
TXN00002657,ACC0000633,19-Sep-24,Atm Withdrawal,1877.9,Atm,Rent,30628.51,Completed,17:15:00
TXN00002154,ACC0000639,06-Feb-23,Atm Withdrawal,2973.61,Atm,Rent,11402,Completed,15:12:00
TXN00003476,ACC0000658,05-Feb-24,Atm Withdrawal,6771.15,Atm,Rent,15513.97,Completed,12:12:00
TXN00000965,ACC0000670,09-Mar-23,Atm Withdrawal,751.7,Atm,Rent,557.19,Completed,19:18:00
TXN00002882,ACC0000672,17-Aug-24,Atm Withdrawal,13295.38,Atm,Rent,28955.67,Completed,20:46:00
TXN00000240,ACC0000676,22-Sep-23,Atm Withdrawal,846.93,Atm,Rent,78.79,Completed,10:28:00
TXN00001559,ACC0000677,14-Jul-23,Atm Withdrawal,589.72,Atm,Rent,710.81,Completed,11:50:00
TXN00004371,ACC0000680,10-Jan-24,Atm Withdrawal,3851.87,Atm,Rent,54205.76,Completed,21:54:00
TXN00004621,ACC0000689,25-Mar-22,Atm Withdrawal,14775.12,Atm,Rent,649.5,Completed,09:42:00
TXN00002781,ACC0000693,15-Apr-23,Atm Withdrawal,3781.7,Atm,Rent,1045.85,Completed,20:04:00
TXN00004234,ACC0000697,27-Aug-23,Atm Withdrawal,12862.55,Atm,Rent,35947.36,Completed,22:05:00
