Date,Year,MonthNumber,MonthName,YearMonth,Quarter,Day,WeekdayNumber,WeekdayName,IsWeekend
02-Jul-10,2010,7,July,01-Jul-10,Q3,2,5,Friday,False
09-Jul-10,2010,7,July,01-Jul-10,Q3,9,5,Friday,False
16-Jul-10,2010,7,July,01-Jul-10,Q3,16,5,Friday,False
23-Jul-10,2010,7,July,01-Jul-10,Q3,23,5,Friday,False
30-Jul-10,2010,7,July,01-Jul-10,Q3,30,5,Friday,False
01-Jul-11,2011,7,July,01-Jul-11,Q3,1,5,Friday,False
08-Jul-11,2011,7,July,01-Jul-11,Q3,8,5,Friday,False
15-Jul-11,2011,7,July,01-Jul-11,Q3,15,5,Friday,False
22-Jul-11,2011,7,July,01-Jul-11,Q3,22,5,Friday,False
29-Jul-11,2011,7,July,01-Jul-11,Q3,29,5,Friday,False
06-Jul-12,2012,7,July,01-Jul-12,Q3,6,5,Friday,False
13-Jul-12,2012,7,July,01-Jul-12,Q3,13,5,Friday,False
20-Jul-12,2012,7,July,01-Jul-12,Q3,20,5,Friday,False
27-Jul-12,2012,7,July,01-Jul-12,Q3,27,5,Friday,False
05-Jul-13,2013,7,July,01-Jul-13,Q3,5,5,Friday,False
12-Jul-13,2013,7,July,01-Jul-13,Q3,12,5,Friday,False
19-Jul-13,2013,7,July,01-Jul-13,Q3,19,5,Friday,False
26-Jul-13,2013,7,July,01-Jul-13,Q3,26,5,Friday,False
04-Jul-14,2014,7,July,01-Jul-14,Q3,4,5,Friday,False
11-Jul-14,2014,7,July,01-Jul-14,Q3,11,5,Friday,False
18-Jul-14,2014,7,July,01-Jul-14,Q3,18,5,Friday,False
25-Jul-14,2014,7,July,01-Jul-14,Q3,25,5,Friday,False
03-Jul-15,2015,7,July,01-Jul-15,Q3,3,5,Friday,False
10-Jul-15,2015,7,July,01-Jul-15,Q3,10,5,Friday,False
17-Jul-15,2015,7,July,01-Jul-15,Q3,17,5,Friday,False
24-Jul-15,2015,7,July,01-Jul-15,Q3,24,5,Friday,False
31-Jul-15,2015,7,July,01-Jul-15,Q3,31,5,Friday,False
01-Jul-16,2016,7,July,01-Jul-16,Q3,1,5,Friday,False
08-Jul-16,2016,7,July,01-Jul-16,Q3,8,5,Friday,False
15-Jul-16,2016,7,July,01-Jul-16,Q3,15,5,Friday,False
22-Jul-16,2016,7,July,01-Jul-16,Q3,22,5,Friday,False
29-Jul-16,2016,7,July,01-Jul-16,Q3,29,5,Friday,False
07-Jul-17,2017,7,July,01-Jul-17,Q3,7,5,Friday,False
14-Jul-17,2017,7,July,01-Jul-17,Q3,14,5,Friday,False
21-Jul-17,2017,7,July,01-Jul-17,Q3,21,5,Friday,False
28-Jul-17,2017,7,July,01-Jul-17,Q3,28,5,Friday,False
06-Jul-18,2018,7,July,01-Jul-18,Q3,6,5,Friday,False
13-Jul-18,2018,7,July,01-Jul-18,Q3,13,5,Friday,False
20-Jul-18,2018,7,July,01-Jul-18,Q3,20,5,Friday,False
27-Jul-18,2018,7,July,01-Jul-18,Q3,27,5,Friday,False
05-Jul-19,2019,7,July,01-Jul-19,Q3,5,5,Friday,False
12-Jul-19,2019,7,July,01-Jul-19,Q3,12,5,Friday,False
19-Jul-19,2019,7,July,01-Jul-19,Q3,19,5,Friday,False
26-Jul-19,2019,7,July,01-Jul-19,Q3,26,5,Friday,False
03-Jul-20,2020,7,July,01-Jul-20,Q3,3,5,Friday,False
10-Jul-20,2020,7,July,01-Jul-20,Q3,10,5,Friday,False
17-Jul-20,2020,7,July,01-Jul-20,Q3,17,5,Friday,False
24-Jul-20,2020,7,July,01-Jul-20,Q3,24,5,Friday,False
31-Jul-20,2020,7,July,01-Jul-20,Q3,31,5,Friday,False
02-Jul-21,2021,7,July,01-Jul-21,Q3,2,5,Friday,False
09-Jul-21,2021,7,July,01-Jul-21,Q3,9,5,Friday,False
16-Jul-21,2021,7,July,01-Jul-21,Q3,16,5,Friday,False
23-Jul-21,2021,7,July,01-Jul-21,Q3,23,5,Friday,False
30-Jul-21,2021,7,July,01-Jul-21,Q3,30,5,Friday,False
01-Jul-22,2022,7,July,01-Jul-22,Q3,1,5,Friday,False
08-Jul-22,2022,7,July,01-Jul-22,Q3,8,5,Friday,False
15-Jul-22,2022,7,July,01-Jul-22,Q3,15,5,Friday,False
22-Jul-22,2022,7,July,01-Jul-22,Q3,22,5,Friday,False
29-Jul-22,2022,7,July,01-Jul-22,Q3,29,5,Friday,False
07-Jul-23,2023,7,July,01-Jul-23,Q3,7,5,Friday,False
14-Jul-23,2023,7,July,01-Jul-23,Q3,14,5,Friday,False
21-Jul-23,2023,7,July,01-Jul-23,Q3,21,5,Friday,False
28-Jul-23,2023,7,July,01-Jul-23,Q3,28,5,Friday,False
05-Jul-24,2024,7,July,01-Jul-24,Q3,5,5,Friday,False
12-Jul-24,2024,7,July,01-Jul-24,Q3,12,5,Friday,False
19-Jul-24,2024,7,July,01-Jul-24,Q3,19,5,Friday,False
26-Jul-24,2024,7,July,01-Jul-24,Q3,26,5,Friday,False
04-Jul-25,2025,7,July,01-Jul-25,Q3,4,5,Friday,False
11-Jul-25,2025,7,July,01-Jul-25,Q3,11,5,Friday,False
18-Jul-25,2025,7,July,01-Jul-25,Q3,18,5,Friday,False
25-Jul-25,2025,7,July,01-Jul-25,Q3,25,5,Friday,False
03-Jul-26,2026,7,July,01-Jul-26,Q3,3,5,Friday,False
10-Jul-26,2026,7,July,01-Jul-26,Q3,10,5,Friday,False
17-Jul-26,2026,7,July,01-Jul-26,Q3,17,5,Friday,False
24-Jul-26,2026,7,July,01-Jul-26,Q3,24,5,Friday,False
31-Jul-26,2026,7,July,01-Jul-26,Q3,31,5,Friday,False
02-Jul-27,2027,7,July,01-Jul-27,Q3,2,5,Friday,False
09-Jul-27,2027,7,July,01-Jul-27,Q3,9,5,Friday,False
16-Jul-27,2027,7,July,01-Jul-27,Q3,16,5,Friday,False
23-Jul-27,2027,7,July,01-Jul-27,Q3,23,5,Friday,False
30-Jul-27,2027,7,July,01-Jul-27,Q3,30,5,Friday,False
07-Jul-28,2028,7,July,01-Jul-28,Q3,7,5,Friday,False
14-Jul-28,2028,7,July,01-Jul-28,Q3,14,5,Friday,False
21-Jul-28,2028,7,July,01-Jul-28,Q3,21,5,Friday,False
28-Jul-28,2028,7,July,01-Jul-28,Q3,28,5,Friday,False
06-Aug-10,2010,8,August,01-Aug-10,Q3,6,5,Friday,False
13-Aug-10,2010,8,August,01-Aug-10,Q3,13,5,Friday,False
20-Aug-10,2010,8,August,01-Aug-10,Q3,20,5,Friday,False
27-Aug-10,2010,8,August,01-Aug-10,Q3,27,5,Friday,False
05-Aug-11,2011,8,August,01-Aug-11,Q3,5,5,Friday,False
12-Aug-11,2011,8,August,01-Aug-11,Q3,12,5,Friday,False
19-Aug-11,2011,8,August,01-Aug-11,Q3,19,5,Friday,False
26-Aug-11,2011,8,August,01-Aug-11,Q3,26,5,Friday,False
03-Aug-12,2012,8,August,01-Aug-12,Q3,3,5,Friday,False
10-Aug-12,2012,8,August,01-Aug-12,Q3,10,5,Friday,False
17-Aug-12,2012,8,August,01-Aug-12,Q3,17,5,Friday,False
24-Aug-12,2012,8,August,01-Aug-12,Q3,24,5,Friday,False
31-Aug-12,2012,8,August,01-Aug-12,Q3,31,5,Friday,False
02-Aug-13,2013,8,August,01-Aug-13,Q3,2,5,Friday,False
09-Aug-13,2013,8,August,01-Aug-13,Q3,9,5,Friday,False
16-Aug-13,2013,8,August,01-Aug-13,Q3,16,5,Friday,False
23-Aug-13,2013,8,August,01-Aug-13,Q3,23,5,Friday,False
30-Aug-13,2013,8,August,01-Aug-13,Q3,30,5,Friday,False
01-Aug-14,2014,8,August,01-Aug-14,Q3,1,5,Friday,False
08-Aug-14,2014,8,August,01-Aug-14,Q3,8,5,Friday,False
15-Aug-14,2014,8,August,01-Aug-14,Q3,15,5,Friday,False
22-Aug-14,2014,8,August,01-Aug-14,Q3,22,5,Friday,False
29-Aug-14,2014,8,August,01-Aug-14,Q3,29,5,Friday,False
07-Aug-15,2015,8,August,01-Aug-15,Q3,7,5,Friday,False
14-Aug-15,2015,8,August,01-Aug-15,Q3,14,5,Friday,False
21-Aug-15,2015,8,August,01-Aug-15,Q3,21,5,Friday,False
28-Aug-15,2015,8,August,01-Aug-15,Q3,28,5,Friday,False
05-Aug-16,2016,8,August,01-Aug-16,Q3,5,5,Friday,False
12-Aug-16,2016,8,August,01-Aug-16,Q3,12,5,Friday,False
19-Aug-16,2016,8,August,01-Aug-16,Q3,19,5,Friday,False
26-Aug-16,2016,8,August,01-Aug-16,Q3,26,5,Friday,False
04-Aug-17,2017,8,August,01-Aug-17,Q3,4,5,Friday,False
11-Aug-17,2017,8,August,01-Aug-17,Q3,11,5,Friday,False
18-Aug-17,2017,8,August,01-Aug-17,Q3,18,5,Friday,False
25-Aug-17,2017,8,August,01-Aug-17,Q3,25,5,Friday,False
03-Aug-18,2018,8,August,01-Aug-18,Q3,3,5,Friday,False
10-Aug-18,2018,8,August,01-Aug-18,Q3,10,5,Friday,False
17-Aug-18,2018,8,August,01-Aug-18,Q3,17,5,Friday,False
24-Aug-18,2018,8,August,01-Aug-18,Q3,24,5,Friday,False
31-Aug-18,2018,8,August,01-Aug-18,Q3,31,5,Friday,False
02-Aug-19,2019,8,August,01-Aug-19,Q3,2,5,Friday,False
09-Aug-19,2019,8,August,01-Aug-19,Q3,9,5,Friday,False
16-Aug-19,2019,8,August,01-Aug-19,Q3,16,5,Friday,False
23-Aug-19,2019,8,August,01-Aug-19,Q3,23,5,Friday,False
30-Aug-19,2019,8,August,01-Aug-19,Q3,30,5,Friday,False
07-Aug-20,2020,8,August,01-Aug-20,Q3,7,5,Friday,False
14-Aug-20,2020,8,August,01-Aug-20,Q3,14,5,Friday,False
21-Aug-20,2020,8,August,01-Aug-20,Q3,21,5,Friday,False
28-Aug-20,2020,8,August,01-Aug-20,Q3,28,5,Friday,False
06-Aug-21,2021,8,August,01-Aug-21,Q3,6,5,Friday,False
13-Aug-21,2021,8,August,01-Aug-21,Q3,13,5,Friday,False
20-Aug-21,2021,8,August,01-Aug-21,Q3,20,5,Friday,False
27-Aug-21,2021,8,August,01-Aug-21,Q3,27,5,Friday,False
05-Aug-22,2022,8,August,01-Aug-22,Q3,5,5,Friday,False
12-Aug-22,2022,8,August,01-Aug-22,Q3,12,5,Friday,False
19-Aug-22,2022,8,August,01-Aug-22,Q3,19,5,Friday,False
26-Aug-22,2022,8,August,01-Aug-22,Q3,26,5,Friday,False
04-Aug-23,2023,8,August,01-Aug-23,Q3,4,5,Friday,False
11-Aug-23,2023,8,August,01-Aug-23,Q3,11,5,Friday,False
18-Aug-23,2023,8,August,01-Aug-23,Q3,18,5,Friday,False
25-Aug-23,2023,8,August,01-Aug-23,Q3,25,5,Friday,False
02-Aug-24,2024,8,August,01-Aug-24,Q3,2,5,Friday,False
09-Aug-24,2024,8,August,01-Aug-24,Q3,9,5,Friday,False
16-Aug-24,2024,8,August,01-Aug-24,Q3,16,5,Friday,False
23-Aug-24,2024,8,August,01-Aug-24,Q3,23,5,Friday,False
30-Aug-24,2024,8,August,01-Aug-24,Q3,30,5,Friday,False
01-Aug-25,2025,8,August,01-Aug-25,Q3,1,5,Friday,False
08-Aug-25,2025,8,August,01-Aug-25,Q3,8,5,Friday,False
15-Aug-25,2025,8,August,01-Aug-25,Q3,15,5,Friday,False
22-Aug-25,2025,8,August,01-Aug-25,Q3,22,5,Friday,False
29-Aug-25,2025,8,August,01-Aug-25,Q3,29,5,Friday,False
07-Aug-26,2026,8,August,01-Aug-26,Q3,7,5,Friday,False
14-Aug-26,2026,8,August,01-Aug-26,Q3,14,5,Friday,False
21-Aug-26,2026,8,August,01-Aug-26,Q3,21,5,Friday,False
28-Aug-26,2026,8,August,01-Aug-26,Q3,28,5,Friday,False
06-Aug-27,2027,8,August,01-Aug-27,Q3,6,5,Friday,False
13-Aug-27,2027,8,August,01-Aug-27,Q3,13,5,Friday,False
20-Aug-27,2027,8,August,01-Aug-27,Q3,20,5,Friday,False
27-Aug-27,2027,8,August,01-Aug-27,Q3,27,5,Friday,False
04-Aug-28,2028,8,August,01-Aug-28,Q3,4,5,Friday,False
11-Aug-28,2028,8,August,01-Aug-28,Q3,11,5,Friday,False
18-Aug-28,2028,8,August,01-Aug-28,Q3,18,5,Friday,False
25-Aug-28,2028,8,August,01-Aug-28,Q3,25,5,Friday,False
03-Sep-10,2010,9,September,01-Sep-10,Q3,3,5,Friday,False
10-Sep-10,2010,9,September,01-Sep-10,Q3,10,5,Friday,False
17-Sep-10,2010,9,September,01-Sep-10,Q3,17,5,Friday,False
24-Sep-10,2010,9,September,01-Sep-10,Q3,24,5,Friday,False
02-Sep-11,2011,9,September,01-Sep-11,Q3,2,5,Friday,False
09-Sep-11,2011,9,September,01-Sep-11,Q3,9,5,Friday,False
16-Sep-11,2011,9,September,01-Sep-11,Q3,16,5,Friday,False
23-Sep-11,2011,9,September,01-Sep-11,Q3,23,5,Friday,False
30-Sep-11,2011,9,September,01-Sep-11,Q3,30,5,Friday,False
07-Sep-12,2012,9,September,01-Sep-12,Q3,7,5,Friday,False
14-Sep-12,2012,9,September,01-Sep-12,Q3,14,5,Friday,False
21-Sep-12,2012,9,September,01-Sep-12,Q3,21,5,Friday,False
28-Sep-12,2012,9,September,01-Sep-12,Q3,28,5,Friday,False
06-Sep-13,2013,9,September,01-Sep-13,Q3,6,5,Friday,False
13-Sep-13,2013,9,September,01-Sep-13,Q3,13,5,Friday,False
20-Sep-13,2013,9,September,01-Sep-13,Q3,20,5,Friday,False
27-Sep-13,2013,9,September,01-Sep-13,Q3,27,5,Friday,False
05-Sep-14,2014,9,September,01-Sep-14,Q3,5,5,Friday,False
12-Sep-14,2014,9,September,01-Sep-14,Q3,12,5,Friday,False
19-Sep-14,2014,9,September,01-Sep-14,Q3,19,5,Friday,False
26-Sep-14,2014,9,September,01-Sep-14,Q3,26,5,Friday,False
04-Sep-15,2015,9,September,01-Sep-15,Q3,4,5,Friday,False
11-Sep-15,2015,9,September,01-Sep-15,Q3,11,5,Friday,False
18-Sep-15,2015,9,September,01-Sep-15,Q3,18,5,Friday,False
25-Sep-15,2015,9,September,01-Sep-15,Q3,25,5,Friday,False
02-Sep-16,2016,9,September,01-Sep-16,Q3,2,5,Friday,False
09-Sep-16,2016,9,September,01-Sep-16,Q3,9,5,Friday,False
16-Sep-16,2016,9,September,01-Sep-16,Q3,16,5,Friday,False
23-Sep-16,2016,9,September,01-Sep-16,Q3,23,5,Friday,False
30-Sep-16,2016,9,September,01-Sep-16,Q3,30,5,Friday,False
01-Sep-17,2017,9,September,01-Sep-17,Q3,1,5,Friday,False
08-Sep-17,2017,9,September,01-Sep-17,Q3,8,5,Friday,False
15-Sep-17,2017,9,September,01-Sep-17,Q3,15,5,Friday,False
22-Sep-17,2017,9,September,01-Sep-17,Q3,22,5,Friday,False
29-Sep-17,2017,9,September,01-Sep-17,Q3,29,5,Friday,False
07-Sep-18,2018,9,September,01-Sep-18,Q3,7,5,Friday,False
14-Sep-18,2018,9,September,01-Sep-18,Q3,14,5,Friday,False
21-Sep-18,2018,9,September,01-Sep-18,Q3,21,5,Friday,False
28-Sep-18,2018,9,September,01-Sep-18,Q3,28,5,Friday,False
06-Sep-19,2019,9,September,01-Sep-19,Q3,6,5,Friday,False
13-Sep-19,2019,9,September,01-Sep-19,Q3,13,5,Friday,False
20-Sep-19,2019,9,September,01-Sep-19,Q3,20,5,Friday,False
27-Sep-19,2019,9,September,01-Sep-19,Q3,27,5,Friday,False
04-Sep-20,2020,9,September,01-Sep-20,Q3,4,5,Friday,False
11-Sep-20,2020,9,September,01-Sep-20,Q3,11,5,Friday,False
18-Sep-20,2020,9,September,01-Sep-20,Q3,18,5,Friday,False
25-Sep-20,2020,9,September,01-Sep-20,Q3,25,5,Friday,False
03-Sep-21,2021,9,September,01-Sep-21,Q3,3,5,Friday,False
10-Sep-21,2021,9,September,01-Sep-21,Q3,10,5,Friday,False
17-Sep-21,2021,9,September,01-Sep-21,Q3,17,5,Friday,False
24-Sep-21,2021,9,September,01-Sep-21,Q3,24,5,Friday,False
02-Sep-22,2022,9,September,01-Sep-22,Q3,2,5,Friday,False
09-Sep-22,2022,9,September,01-Sep-22,Q3,9,5,Friday,False
16-Sep-22,2022,9,September,01-Sep-22,Q3,16,5,Friday,False
23-Sep-22,2022,9,September,01-Sep-22,Q3,23,5,Friday,False
30-Sep-22,2022,9,September,01-Sep-22,Q3,30,5,Friday,False
01-Sep-23,2023,9,September,01-Sep-23,Q3,1,5,Friday,False
08-Sep-23,2023,9,September,01-Sep-23,Q3,8,5,Friday,False
15-Sep-23,2023,9,September,01-Sep-23,Q3,15,5,Friday,False
22-Sep-23,2023,9,September,01-Sep-23,Q3,22,5,Friday,False
29-Sep-23,2023,9,September,01-Sep-23,Q3,29,5,Friday,False
06-Sep-24,2024,9,September,01-Sep-24,Q3,6,5,Friday,False
13-Sep-24,2024,9,September,01-Sep-24,Q3,13,5,Friday,False
20-Sep-24,2024,9,September,01-Sep-24,Q3,20,5,Friday,False
27-Sep-24,2024,9,September,01-Sep-24,Q3,27,5,Friday,False
05-Sep-25,2025,9,September,01-Sep-25,Q3,5,5,Friday,False
12-Sep-25,2025,9,September,01-Sep-25,Q3,12,5,Friday,False
19-Sep-25,2025,9,September,01-Sep-25,Q3,19,5,Friday,False
26-Sep-25,2025,9,September,01-Sep-25,Q3,26,5,Friday,False
04-Sep-26,2026,9,September,01-Sep-26,Q3,4,5,Friday,False
11-Sep-26,2026,9,September,01-Sep-26,Q3,11,5,Friday,False
18-Sep-26,2026,9,September,01-Sep-26,Q3,18,5,Friday,False
25-Sep-26,2026,9,September,01-Sep-26,Q3,25,5,Friday,False
03-Sep-27,2027,9,September,01-Sep-27,Q3,3,5,Friday,False
10-Sep-27,2027,9,September,01-Sep-27,Q3,10,5,Friday,False
17-Sep-27,2027,9,September,01-Sep-27,Q3,17,5,Friday,False
24-Sep-27,2027,9,September,01-Sep-27,Q3,24,5,Friday,False
01-Sep-28,2028,9,September,01-Sep-28,Q3,1,5,Friday,False
08-Sep-28,2028,9,September,01-Sep-28,Q3,8,5,Friday,False
15-Sep-28,2028,9,September,01-Sep-28,Q3,15,5,Friday,False
22-Sep-28,2028,9,September,01-Sep-28,Q3,22,5,Friday,False
29-Sep-28,2028,9,September,01-Sep-28,Q3,29,5,Friday,False
05-Nov-10,2010,11,November,01-Nov-10,Q4,5,5,Friday,False
12-Nov-10,2010,11,November,01-Nov-10,Q4,12,5,Friday,False
19-Nov-10,2010,11,November,01-Nov-10,Q4,19,5,Friday,False
26-Nov-10,2010,11,November,01-Nov-10,Q4,26,5,Friday,False
04-Nov-11,2011,11,November,01-Nov-11,Q4,4,5,Friday,False
11-Nov-11,2011,11,November,01-Nov-11,Q4,11,5,Friday,False
18-Nov-11,2011,11,November,01-Nov-11,Q4,18,5,Friday,False
25-Nov-11,2011,11,November,01-Nov-11,Q4,25,5,Friday,False
02-Nov-12,2012,11,November,01-Nov-12,Q4,2,5,Friday,False
09-Nov-12,2012,11,November,01-Nov-12,Q4,9,5,Friday,False
16-Nov-12,2012,11,November,01-Nov-12,Q4,16,5,Friday,False
23-Nov-12,2012,11,November,01-Nov-12,Q4,23,5,Friday,False
30-Nov-12,2012,11,November,01-Nov-12,Q4,30,5,Friday,False
01-Nov-13,2013,11,November,01-Nov-13,Q4,1,5,Friday,False
08-Nov-13,2013,11,November,01-Nov-13,Q4,8,5,Friday,False
15-Nov-13,2013,11,November,01-Nov-13,Q4,15,5,Friday,False
22-Nov-13,2013,11,November,01-Nov-13,Q4,22,5,Friday,False
29-Nov-13,2013,11,November,01-Nov-13,Q4,29,5,Friday,False
07-Nov-14,2014,11,November,01-Nov-14,Q4,7,5,Friday,False
14-Nov-14,2014,11,November,01-Nov-14,Q4,14,5,Friday,False
21-Nov-14,2014,11,November,01-Nov-14,Q4,21,5,Friday,False
28-Nov-14,2014,11,November,01-Nov-14,Q4,28,5,Friday,False
06-Nov-15,2015,11,November,01-Nov-15,Q4,6,5,Friday,False
13-Nov-15,2015,11,November,01-Nov-15,Q4,13,5,Friday,False
20-Nov-15,2015,11,November,01-Nov-15,Q4,20,5,Friday,False
27-Nov-15,2015,11,November,01-Nov-15,Q4,27,5,Friday,False
04-Nov-16,2016,11,November,01-Nov-16,Q4,4,5,Friday,False
11-Nov-16,2016,11,November,01-Nov-16,Q4,11,5,Friday,False
18-Nov-16,2016,11,November,01-Nov-16,Q4,18,5,Friday,False
25-Nov-16,2016,11,November,01-Nov-16,Q4,25,5,Friday,False
03-Nov-17,2017,11,November,01-Nov-17,Q4,3,5,Friday,False
10-Nov-17,2017,11,November,01-Nov-17,Q4,10,5,Friday,False
17-Nov-17,2017,11,November,01-Nov-17,Q4,17,5,Friday,False
24-Nov-17,2017,11,November,01-Nov-17,Q4,24,5,Friday,False
02-Nov-18,2018,11,November,01-Nov-18,Q4,2,5,Friday,False
09-Nov-18,2018,11,November,01-Nov-18,Q4,9,5,Friday,False
16-Nov-18,2018,11,November,01-Nov-18,Q4,16,5,Friday,False
23-Nov-18,2018,11,November,01-Nov-18,Q4,23,5,Friday,False
30-Nov-18,2018,11,November,01-Nov-18,Q4,30,5,Friday,False
01-Nov-19,2019,11,November,01-Nov-19,Q4,1,5,Friday,False
08-Nov-19,2019,11,November,01-Nov-19,Q4,8,5,Friday,False
15-Nov-19,2019,11,November,01-Nov-19,Q4,15,5,Friday,False
22-Nov-19,2019,11,November,01-Nov-19,Q4,22,5,Friday,False
29-Nov-19,2019,11,November,01-Nov-19,Q4,29,5,Friday,False
06-Nov-20,2020,11,November,01-Nov-20,Q4,6,5,Friday,False
13-Nov-20,2020,11,November,01-Nov-20,Q4,13,5,Friday,False
20-Nov-20,2020,11,November,01-Nov-20,Q4,20,5,Friday,False
27-Nov-20,2020,11,November,01-Nov-20,Q4,27,5,Friday,False
05-Nov-21,2021,11,November,01-Nov-21,Q4,5,5,Friday,False
12-Nov-21,2021,11,November,01-Nov-21,Q4,12,5,Friday,False
19-Nov-21,2021,11,November,01-Nov-21,Q4,19,5,Friday,False
26-Nov-21,2021,11,November,01-Nov-21,Q4,26,5,Friday,False
04-Nov-22,2022,11,November,01-Nov-22,Q4,4,5,Friday,False
11-Nov-22,2022,11,November,01-Nov-22,Q4,11,5,Friday,False
18-Nov-22,2022,11,November,01-Nov-22,Q4,18,5,Friday,False
25-Nov-22,2022,11,November,01-Nov-22,Q4,25,5,Friday,False
03-Nov-23,2023,11,November,01-Nov-23,Q4,3,5,Friday,False
10-Nov-23,2023,11,November,01-Nov-23,Q4,10,5,Friday,False
17-Nov-23,2023,11,November,01-Nov-23,Q4,17,5,Friday,False
24-Nov-23,2023,11,November,01-Nov-23,Q4,24,5,Friday,False
01-Nov-24,2024,11,November,01-Nov-24,Q4,1,5,Friday,False
08-Nov-24,2024,11,November,01-Nov-24,Q4,8,5,Friday,False
15-Nov-24,2024,11,November,01-Nov-24,Q4,15,5,Friday,False
22-Nov-24,2024,11,November,01-Nov-24,Q4,22,5,Friday,False
29-Nov-24,2024,11,November,01-Nov-24,Q4,29,5,Friday,False
07-Nov-25,2025,11,November,01-Nov-25,Q4,7,5,Friday,False
14-Nov-25,2025,11,November,01-Nov-25,Q4,14,5,Friday,False
21-Nov-25,2025,11,November,01-Nov-25,Q4,21,5,Friday,False
28-Nov-25,2025,11,November,01-Nov-25,Q4,28,5,Friday,False
06-Nov-26,2026,11,November,01-Nov-26,Q4,6,5,Friday,False
13-Nov-26,2026,11,November,01-Nov-26,Q4,13,5,Friday,False
20-Nov-26,2026,11,November,01-Nov-26,Q4,20,5,Friday,False
27-Nov-26,2026,11,November,01-Nov-26,Q4,27,5,Friday,False
05-Nov-27,2027,11,November,01-Nov-27,Q4,5,5,Friday,False
12-Nov-27,2027,11,November,01-Nov-27,Q4,12,5,Friday,False
19-Nov-27,2027,11,November,01-Nov-27,Q4,19,5,Friday,False
26-Nov-27,2027,11,November,01-Nov-27,Q4,26,5,Friday,False
03-Nov-28,2028,11,November,01-Nov-28,Q4,3,5,Friday,False
10-Nov-28,2028,11,November,01-Nov-28,Q4,10,5,Friday,False
17-Nov-28,2028,11,November,01-Nov-28,Q4,17,5,Friday,False
24-Nov-28,2028,11,November,01-Nov-28,Q4,24,5,Friday,False
03-Dec-10,2010,12,December,01-Dec-10,Q4,3,5,Friday,False
10-Dec-10,2010,12,December,01-Dec-10,Q4,10,5,Friday,False
17-Dec-10,2010,12,December,01-Dec-10,Q4,17,5,Friday,False
24-Dec-10,2010,12,December,01-Dec-10,Q4,24,5,Friday,False
31-Dec-10,2010,12,December,01-Dec-10,Q4,31,5,Friday,False
02-Dec-11,2011,12,December,01-Dec-11,Q4,2,5,Friday,False
09-Dec-11,2011,12,December,01-Dec-11,Q4,9,5,Friday,False
16-Dec-11,2011,12,December,01-Dec-11,Q4,16,5,Friday,False
23-Dec-11,2011,12,December,01-Dec-11,Q4,23,5,Friday,False
30-Dec-11,2011,12,December,01-Dec-11,Q4,30,5,Friday,False
07-Dec-12,2012,12,December,01-Dec-12,Q4,7,5,Friday,False
14-Dec-12,2012,12,December,01-Dec-12,Q4,14,5,Friday,False
21-Dec-12,2012,12,December,01-Dec-12,Q4,21,5,Friday,False
28-Dec-12,2012,12,December,01-Dec-12,Q4,28,5,Friday,False
06-Dec-13,2013,12,December,01-Dec-13,Q4,6,5,Friday,False
13-Dec-13,2013,12,December,01-Dec-13,Q4,13,5,Friday,False
20-Dec-13,2013,12,December,01-Dec-13,Q4,20,5,Friday,False
27-Dec-13,2013,12,December,01-Dec-13,Q4,27,5,Friday,False
05-Dec-14,2014,12,December,01-Dec-14,Q4,5,5,Friday,False
12-Dec-14,2014,12,December,01-Dec-14,Q4,12,5,Friday,False
19-Dec-14,2014,12,December,01-Dec-14,Q4,19,5,Friday,False
26-Dec-14,2014,12,December,01-Dec-14,Q4,26,5,Friday,False
04-Dec-15,2015,12,December,01-Dec-15,Q4,4,5,Friday,False
11-Dec-15,2015,12,December,01-Dec-15,Q4,11,5,Friday,False
18-Dec-15,2015,12,December,01-Dec-15,Q4,18,5,Friday,False
25-Dec-15,2015,12,December,01-Dec-15,Q4,25,5,Friday,False
02-Dec-16,2016,12,December,01-Dec-16,Q4,2,5,Friday,False
09-Dec-16,2016,12,December,01-Dec-16,Q4,9,5,Friday,False
16-Dec-16,2016,12,December,01-Dec-16,Q4,16,5,Friday,False
23-Dec-16,2016,12,December,01-Dec-16,Q4,23,5,Friday,False
30-Dec-16,2016,12,December,01-Dec-16,Q4,30,5,Friday,False
01-Dec-17,2017,12,December,01-Dec-17,Q4,1,5,Friday,False
08-Dec-17,2017,12,December,01-Dec-17,Q4,8,5,Friday,False
15-Dec-17,2017,12,December,01-Dec-17,Q4,15,5,Friday,False
22-Dec-17,2017,12,December,01-Dec-17,Q4,22,5,Friday,False
29-Dec-17,2017,12,December,01-Dec-17,Q4,29,5,Friday,False
07-Dec-18,2018,12,December,01-Dec-18,Q4,7,5,Friday,False
14-Dec-18,2018,12,December,01-Dec-18,Q4,14,5,Friday,False
21-Dec-18,2018,12,December,01-Dec-18,Q4,21,5,Friday,False
28-Dec-18,2018,12,December,01-Dec-18,Q4,28,5,Friday,False
06-Dec-19,2019,12,December,01-Dec-19,Q4,6,5,Friday,False
13-Dec-19,2019,12,December,01-Dec-19,Q4,13,5,Friday,False
20-Dec-19,2019,12,December,01-Dec-19,Q4,20,5,Friday,False
27-Dec-19,2019,12,December,01-Dec-19,Q4,27,5,Friday,False
04-Dec-20,2020,12,December,01-Dec-20,Q4,4,5,Friday,False
11-Dec-20,2020,12,December,01-Dec-20,Q4,11,5,Friday,False
18-Dec-20,2020,12,December,01-Dec-20,Q4,18,5,Friday,False
25-Dec-20,2020,12,December,01-Dec-20,Q4,25,5,Friday,False
03-Dec-21,2021,12,December,01-Dec-21,Q4,3,5,Friday,False
10-Dec-21,2021,12,December,01-Dec-21,Q4,10,5,Friday,False
17-Dec-21,2021,12,December,01-Dec-21,Q4,17,5,Friday,False
24-Dec-21,2021,12,December,01-Dec-21,Q4,24,5,Friday,False
31-Dec-21,2021,12,December,01-Dec-21,Q4,31,5,Friday,False
02-Dec-22,2022,12,December,01-Dec-22,Q4,2,5,Friday,False
09-Dec-22,2022,12,December,01-Dec-22,Q4,9,5,Friday,False
16-Dec-22,2022,12,December,01-Dec-22,Q4,16,5,Friday,False
23-Dec-22,2022,12,December,01-Dec-22,Q4,23,5,Friday,False
30-Dec-22,2022,12,December,01-Dec-22,Q4,30,5,Friday,False
01-Dec-23,2023,12,December,01-Dec-23,Q4,1,5,Friday,False
08-Dec-23,2023,12,December,01-Dec-23,Q4,8,5,Friday,False
15-Dec-23,2023,12,December,01-Dec-23,Q4,15,5,Friday,False
22-Dec-23,2023,12,December,01-Dec-23,Q4,22,5,Friday,False
29-Dec-23,2023,12,December,01-Dec-23,Q4,29,5,Friday,False
06-Dec-24,2024,12,December,01-Dec-24,Q4,6,5,Friday,False
13-Dec-24,2024,12,December,01-Dec-24,Q4,13,5,Friday,False
20-Dec-24,2024,12,December,01-Dec-24,Q4,20,5,Friday,False
27-Dec-24,2024,12,December,01-Dec-24,Q4,27,5,Friday,False
05-Dec-25,2025,12,December,01-Dec-25,Q4,5,5,Friday,False
12-Dec-25,2025,12,December,01-Dec-25,Q4,12,5,Friday,False
19-Dec-25,2025,12,December,01-Dec-25,Q4,19,5,Friday,False
26-Dec-25,2025,12,December,01-Dec-25,Q4,26,5,Friday,False
04-Dec-26,2026,12,December,01-Dec-26,Q4,4,5,Friday,False
11-Dec-26,2026,12,December,01-Dec-26,Q4,11,5,Friday,False
18-Dec-26,2026,12,December,01-Dec-26,Q4,18,5,Friday,False
25-Dec-26,2026,12,December,01-Dec-26,Q4,25,5,Friday,False
03-Dec-27,2027,12,December,01-Dec-27,Q4,3,5,Friday,False
10-Dec-27,2027,12,December,01-Dec-27,Q4,10,5,Friday,False
17-Dec-27,2027,12,December,01-Dec-27,Q4,17,5,Friday,False
24-Dec-27,2027,12,December,01-Dec-27,Q4,24,5,Friday,False
31-Dec-27,2027,12,December,01-Dec-27,Q4,31,5,Friday,False
01-Dec-28,2028,12,December,01-Dec-28,Q4,1,5,Friday,False
08-Dec-28,2028,12,December,01-Dec-28,Q4,8,5,Friday,False
15-Dec-28,2028,12,December,01-Dec-28,Q4,15,5,Friday,False
22-Dec-28,2028,12,December,01-Dec-28,Q4,22,5,Friday,False
29-Dec-28,2028,12,December,01-Dec-28,Q4,29,5,Friday,False
01-Oct-10,2010,10,October,01-Oct-10,Q4,1,5,Friday,False
08-Oct-10,2010,10,October,01-Oct-10,Q4,8,5,Friday,False
15-Oct-10,2010,10,October,01-Oct-10,Q4,15,5,Friday,False
22-Oct-10,2010,10,October,01-Oct-10,Q4,22,5,Friday,False
29-Oct-10,2010,10,October,01-Oct-10,Q4,29,5,Friday,False
07-Oct-11,2011,10,October,01-Oct-11,Q4,7,5,Friday,False
14-Oct-11,2011,10,October,01-Oct-11,Q4,14,5,Friday,False
21-Oct-11,2011,10,October,01-Oct-11,Q4,21,5,Friday,False
28-Oct-11,2011,10,October,01-Oct-11,Q4,28,5,Friday,False
05-Oct-12,2012,10,October,01-Oct-12,Q4,5,5,Friday,False
12-Oct-12,2012,10,October,01-Oct-12,Q4,12,5,Friday,False
19-Oct-12,2012,10,October,01-Oct-12,Q4,19,5,Friday,False
26-Oct-12,2012,10,October,01-Oct-12,Q4,26,5,Friday,False
04-Oct-13,2013,10,October,01-Oct-13,Q4,4,5,Friday,False
11-Oct-13,2013,10,October,01-Oct-13,Q4,11,5,Friday,False
18-Oct-13,2013,10,October,01-Oct-13,Q4,18,5,Friday,False
25-Oct-13,2013,10,October,01-Oct-13,Q4,25,5,Friday,False
03-Oct-14,2014,10,October,01-Oct-14,Q4,3,5,Friday,False
10-Oct-14,2014,10,October,01-Oct-14,Q4,10,5,Friday,False
17-Oct-14,2014,10,October,01-Oct-14,Q4,17,5,Friday,False
24-Oct-14,2014,10,October,01-Oct-14,Q4,24,5,Friday,False
31-Oct-14,2014,10,October,01-Oct-14,Q4,31,5,Friday,False
02-Oct-15,2015,10,October,01-Oct-15,Q4,2,5,Friday,False
09-Oct-15,2015,10,October,01-Oct-15,Q4,9,5,Friday,False
16-Oct-15,2015,10,October,01-Oct-15,Q4,16,5,Friday,False
23-Oct-15,2015,10,October,01-Oct-15,Q4,23,5,Friday,False
30-Oct-15,2015,10,October,01-Oct-15,Q4,30,5,Friday,False
07-Oct-16,2016,10,October,01-Oct-16,Q4,7,5,Friday,False
14-Oct-16,2016,10,October,01-Oct-16,Q4,14,5,Friday,False
21-Oct-16,2016,10,October,01-Oct-16,Q4,21,5,Friday,False
28-Oct-16,2016,10,October,01-Oct-16,Q4,28,5,Friday,False
06-Oct-17,2017,10,October,01-Oct-17,Q4,6,5,Friday,False
13-Oct-17,2017,10,October,01-Oct-17,Q4,13,5,Friday,False
20-Oct-17,2017,10,October,01-Oct-17,Q4,20,5,Friday,False
27-Oct-17,2017,10,October,01-Oct-17,Q4,27,5,Friday,False
05-Oct-18,2018,10,October,01-Oct-18,Q4,5,5,Friday,False
12-Oct-18,2018,10,October,01-Oct-18,Q4,12,5,Friday,False
19-Oct-18,2018,10,October,01-Oct-18,Q4,19,5,Friday,False
26-Oct-18,2018,10,October,01-Oct-18,Q4,26,5,Friday,False
04-Oct-19,2019,10,October,01-Oct-19,Q4,4,5,Friday,False
11-Oct-19,2019,10,October,01-Oct-19,Q4,11,5,Friday,False
18-Oct-19,2019,10,October,01-Oct-19,Q4,18,5,Friday,False
25-Oct-19,2019,10,October,01-Oct-19,Q4,25,5,Friday,False
02-Oct-20,2020,10,October,01-Oct-20,Q4,2,5,Friday,False
09-Oct-20,2020,10,October,01-Oct-20,Q4,9,5,Friday,False
16-Oct-20,2020,10,October,01-Oct-20,Q4,16,5,Friday,False
23-Oct-20,2020,10,October,01-Oct-20,Q4,23,5,Friday,False
30-Oct-20,2020,10,October,01-Oct-20,Q4,30,5,Friday,False
01-Oct-21,2021,10,October,01-Oct-21,Q4,1,5,Friday,False
08-Oct-21,2021,10,October,01-Oct-21,Q4,8,5,Friday,False
15-Oct-21,2021,10,October,01-Oct-21,Q4,15,5,Friday,False
22-Oct-21,2021,10,October,01-Oct-21,Q4,22,5,Friday,False
29-Oct-21,2021,10,October,01-Oct-21,Q4,29,5,Friday,False
07-Oct-22,2022,10,October,01-Oct-22,Q4,7,5,Friday,False
14-Oct-22,2022,10,October,01-Oct-22,Q4,14,5,Friday,False
21-Oct-22,2022,10,October,01-Oct-22,Q4,21,5,Friday,False
28-Oct-22,2022,10,October,01-Oct-22,Q4,28,5,Friday,False
06-Oct-23,2023,10,October,01-Oct-23,Q4,6,5,Friday,False
13-Oct-23,2023,10,October,01-Oct-23,Q4,13,5,Friday,False
20-Oct-23,2023,10,October,01-Oct-23,Q4,20,5,Friday,False
27-Oct-23,2023,10,October,01-Oct-23,Q4,27,5,Friday,False
04-Oct-24,2024,10,October,01-Oct-24,Q4,4,5,Friday,False
11-Oct-24,2024,10,October,01-Oct-24,Q4,11,5,Friday,False
18-Oct-24,2024,10,October,01-Oct-24,Q4,18,5,Friday,False
25-Oct-24,2024,10,October,01-Oct-24,Q4,25,5,Friday,False
03-Oct-25,2025,10,October,01-Oct-25,Q4,3,5,Friday,False
10-Oct-25,2025,10,October,01-Oct-25,Q4,10,5,Friday,False
17-Oct-25,2025,10,October,01-Oct-25,Q4,17,5,Friday,False
24-Oct-25,2025,10,October,01-Oct-25,Q4,24,5,Friday,False
31-Oct-25,2025,10,October,01-Oct-25,Q4,31,5,Friday,False
02-Oct-26,2026,10,October,01-Oct-26,Q4,2,5,Friday,False
09-Oct-26,2026,10,October,01-Oct-26,Q4,9,5,Friday,False
16-Oct-26,2026,10,October,01-Oct-26,Q4,16,5,Friday,False
23-Oct-26,2026,10,October,01-Oct-26,Q4,23,5,Friday,False
30-Oct-26,2026,10,October,01-Oct-26,Q4,30,5,Friday,False
01-Oct-27,2027,10,October,01-Oct-27,Q4,1,5,Friday,False
08-Oct-27,2027,10,October,01-Oct-27,Q4,8,5,Friday,False
15-Oct-27,2027,10,October,01-Oct-27,Q4,15,5,Friday,False
22-Oct-27,2027,10,October,01-Oct-27,Q4,22,5,Friday,False
29-Oct-27,2027,10,October,01-Oct-27,Q4,29,5,Friday,False
06-Oct-28,2028,10,October,01-Oct-28,Q4,6,5,Friday,False
13-Oct-28,2028,10,October,01-Oct-28,Q4,13,5,Friday,False
20-Oct-28,2028,10,October,01-Oct-28,Q4,20,5,Friday,False
27-Oct-28,2028,10,October,01-Oct-28,Q4,27,5,Friday,False
07-May-10,2010,5,May,01-May-10,Q2,7,5,Friday,False
14-May-10,2010,5,May,01-May-10,Q2,14,5,Friday,False
21-May-10,2010,5,May,01-May-10,Q2,21,5,Friday,False
28-May-10,2010,5,May,01-May-10,Q2,28,5,Friday,False
06-May-11,2011,5,May,01-May-11,Q2,6,5,Friday,False
13-May-11,2011,5,May,01-May-11,Q2,13,5,Friday,False
20-May-11,2011,5,May,01-May-11,Q2,20,5,Friday,False
27-May-11,2011,5,May,01-May-11,Q2,27,5,Friday,False
04-May-12,2012,5,May,01-May-12,Q2,4,5,Friday,False
11-May-12,2012,5,May,01-May-12,Q2,11,5,Friday,False
18-May-12,2012,5,May,01-May-12,Q2,18,5,Friday,False
25-May-12,2012,5,May,01-May-12,Q2,25,5,Friday,False
03-May-13,2013,5,May,01-May-13,Q2,3,5,Friday,False
10-May-13,2013,5,May,01-May-13,Q2,10,5,Friday,False
17-May-13,2013,5,May,01-May-13,Q2,17,5,Friday,False
24-May-13,2013,5,May,01-May-13,Q2,24,5,Friday,False
31-May-13,2013,5,May,01-May-13,Q2,31,5,Friday,False
02-May-14,2014,5,May,01-May-14,Q2,2,5,Friday,False
09-May-14,2014,5,May,01-May-14,Q2,9,5,Friday,False
16-May-14,2014,5,May,01-May-14,Q2,16,5,Friday,False
23-May-14,2014,5,May,01-May-14,Q2,23,5,Friday,False
30-May-14,2014,5,May,01-May-14,Q2,30,5,Friday,False
01-May-15,2015,5,May,01-May-15,Q2,1,5,Friday,False
08-May-15,2015,5,May,01-May-15,Q2,8,5,Friday,False
15-May-15,2015,5,May,01-May-15,Q2,15,5,Friday,False
22-May-15,2015,5,May,01-May-15,Q2,22,5,Friday,False
29-May-15,2015,5,May,01-May-15,Q2,29,5,Friday,False
06-May-16,2016,5,May,01-May-16,Q2,6,5,Friday,False
13-May-16,2016,5,May,01-May-16,Q2,13,5,Friday,False
20-May-16,2016,5,May,01-May-16,Q2,20,5,Friday,False
27-May-16,2016,5,May,01-May-16,Q2,27,5,Friday,False
05-May-17,2017,5,May,01-May-17,Q2,5,5,Friday,False
12-May-17,2017,5,May,01-May-17,Q2,12,5,Friday,False
19-May-17,2017,5,May,01-May-17,Q2,19,5,Friday,False
26-May-17,2017,5,May,01-May-17,Q2,26,5,Friday,False
04-May-18,2018,5,May,01-May-18,Q2,4,5,Friday,False
11-May-18,2018,5,May,01-May-18,Q2,11,5,Friday,False
18-May-18,2018,5,May,01-May-18,Q2,18,5,Friday,False
25-May-18,2018,5,May,01-May-18,Q2,25,5,Friday,False
03-May-19,2019,5,May,01-May-19,Q2,3,5,Friday,False
10-May-19,2019,5,May,01-May-19,Q2,10,5,Friday,False
17-May-19,2019,5,May,01-May-19,Q2,17,5,Friday,False
24-May-19,2019,5,May,01-May-19,Q2,24,5,Friday,False
31-May-19,2019,5,May,01-May-19,Q2,31,5,Friday,False
01-May-20,2020,5,May,01-May-20,Q2,1,5,Friday,False
08-May-20,2020,5,May,01-May-20,Q2,8,5,Friday,False
15-May-20,2020,5,May,01-May-20,Q2,15,5,Friday,False
22-May-20,2020,5,May,01-May-20,Q2,22,5,Friday,False
29-May-20,2020,5,May,01-May-20,Q2,29,5,Friday,False
07-May-21,2021,5,May,01-May-21,Q2,7,5,Friday,False
14-May-21,2021,5,May,01-May-21,Q2,14,5,Friday,False
21-May-21,2021,5,May,01-May-21,Q2,21,5,Friday,False
28-May-21,2021,5,May,01-May-21,Q2,28,5,Friday,False
06-May-22,2022,5,May,01-May-22,Q2,6,5,Friday,False
13-May-22,2022,5,May,01-May-22,Q2,13,5,Friday,False
20-May-22,2022,5,May,01-May-22,Q2,20,5,Friday,False
27-May-22,2022,5,May,01-May-22,Q2,27,5,Friday,False
05-May-23,2023,5,May,01-May-23,Q2,5,5,Friday,False
12-May-23,2023,5,May,01-May-23,Q2,12,5,Friday,False
19-May-23,2023,5,May,01-May-23,Q2,19,5,Friday,False
26-May-23,2023,5,May,01-May-23,Q2,26,5,Friday,False
03-May-24,2024,5,May,01-May-24,Q2,3,5,Friday,False
10-May-24,2024,5,May,01-May-24,Q2,10,5,Friday,False
17-May-24,2024,5,May,01-May-24,Q2,17,5,Friday,False
24-May-24,2024,5,May,01-May-24,Q2,24,5,Friday,False
31-May-24,2024,5,May,01-May-24,Q2,31,5,Friday,False
02-May-25,2025,5,May,01-May-25,Q2,2,5,Friday,False
09-May-25,2025,5,May,01-May-25,Q2,9,5,Friday,False
16-May-25,2025,5,May,01-May-25,Q2,16,5,Friday,False
23-May-25,2025,5,May,01-May-25,Q2,23,5,Friday,False
30-May-25,2025,5,May,01-May-25,Q2,30,5,Friday,False
01-May-26,2026,5,May,01-May-26,Q2,1,5,Friday,False
08-May-26,2026,5,May,01-May-26,Q2,8,5,Friday,False
15-May-26,2026,5,May,01-May-26,Q2,15,5,Friday,False
22-May-26,2026,5,May,01-May-26,Q2,22,5,Friday,False
29-May-26,2026,5,May,01-May-26,Q2,29,5,Friday,False
07-May-27,2027,5,May,01-May-27,Q2,7,5,Friday,False
14-May-27,2027,5,May,01-May-27,Q2,14,5,Friday,False
21-May-27,2027,5,May,01-May-27,Q2,21,5,Friday,False
28-May-27,2027,5,May,01-May-27,Q2,28,5,Friday,False
05-May-28,2028,5,May,01-May-28,Q2,5,5,Friday,False
12-May-28,2028,5,May,01-May-28,Q2,12,5,Friday,False
19-May-28,2028,5,May,01-May-28,Q2,19,5,Friday,False
26-May-28,2028,5,May,01-May-28,Q2,26,5,Friday,False
02-Apr-10,2010,4,April,01-Apr-10,Q2,2,5,Friday,False
09-Apr-10,2010,4,April,01-Apr-10,Q2,9,5,Friday,False
16-Apr-10,2010,4,April,01-Apr-10,Q2,16,5,Friday,False
23-Apr-10,2010,4,April,01-Apr-10,Q2,23,5,Friday,False
30-Apr-10,2010,4,April,01-Apr-10,Q2,30,5,Friday,False
01-Apr-11,2011,4,April,01-Apr-11,Q2,1,5,Friday,False
08-Apr-11,2011,4,April,01-Apr-11,Q2,8,5,Friday,False
15-Apr-11,2011,4,April,01-Apr-11,Q2,15,5,Friday,False
22-Apr-11,2011,4,April,01-Apr-11,Q2,22,5,Friday,False
29-Apr-11,2011,4,April,01-Apr-11,Q2,29,5,Friday,False
06-Apr-12,2012,4,April,01-Apr-12,Q2,6,5,Friday,False
13-Apr-12,2012,4,April,01-Apr-12,Q2,13,5,Friday,False
20-Apr-12,2012,4,April,01-Apr-12,Q2,20,5,Friday,False
27-Apr-12,2012,4,April,01-Apr-12,Q2,27,5,Friday,False
05-Apr-13,2013,4,April,01-Apr-13,Q2,5,5,Friday,False
12-Apr-13,2013,4,April,01-Apr-13,Q2,12,5,Friday,False
19-Apr-13,2013,4,April,01-Apr-13,Q2,19,5,Friday,False
26-Apr-13,2013,4,April,01-Apr-13,Q2,26,5,Friday,False
04-Apr-14,2014,4,April,01-Apr-14,Q2,4,5,Friday,False
11-Apr-14,2014,4,April,01-Apr-14,Q2,11,5,Friday,False
18-Apr-14,2014,4,April,01-Apr-14,Q2,18,5,Friday,False
25-Apr-14,2014,4,April,01-Apr-14,Q2,25,5,Friday,False
03-Apr-15,2015,4,April,01-Apr-15,Q2,3,5,Friday,False
10-Apr-15,2015,4,April,01-Apr-15,Q2,10,5,Friday,False
17-Apr-15,2015,4,April,01-Apr-15,Q2,17,5,Friday,False
24-Apr-15,2015,4,April,01-Apr-15,Q2,24,5,Friday,False
01-Apr-16,2016,4,April,01-Apr-16,Q2,1,5,Friday,False
08-Apr-16,2016,4,April,01-Apr-16,Q2,8,5,Friday,False
15-Apr-16,2016,4,April,01-Apr-16,Q2,15,5,Friday,False
22-Apr-16,2016,4,April,01-Apr-16,Q2,22,5,Friday,False
29-Apr-16,2016,4,April,01-Apr-16,Q2,29,5,Friday,False
07-Apr-17,2017,4,April,01-Apr-17,Q2,7,5,Friday,False
14-Apr-17,2017,4,April,01-Apr-17,Q2,14,5,Friday,False
21-Apr-17,2017,4,April,01-Apr-17,Q2,21,5,Friday,False
28-Apr-17,2017,4,April,01-Apr-17,Q2,28,5,Friday,False
06-Apr-18,2018,4,April,01-Apr-18,Q2,6,5,Friday,False
13-Apr-18,2018,4,April,01-Apr-18,Q2,13,5,Friday,False
20-Apr-18,2018,4,April,01-Apr-18,Q2,20,5,Friday,False
27-Apr-18,2018,4,April,01-Apr-18,Q2,27,5,Friday,False
05-Apr-19,2019,4,April,01-Apr-19,Q2,5,5,Friday,False
12-Apr-19,2019,4,April,01-Apr-19,Q2,12,5,Friday,False
19-Apr-19,2019,4,April,01-Apr-19,Q2,19,5,Friday,False
26-Apr-19,2019,4,April,01-Apr-19,Q2,26,5,Friday,False
03-Apr-20,2020,4,April,01-Apr-20,Q2,3,5,Friday,False
10-Apr-20,2020,4,April,01-Apr-20,Q2,10,5,Friday,False
17-Apr-20,2020,4,April,01-Apr-20,Q2,17,5,Friday,False
24-Apr-20,2020,4,April,01-Apr-20,Q2,24,5,Friday,False
02-Apr-21,2021,4,April,01-Apr-21,Q2,2,5,Friday,False
09-Apr-21,2021,4,April,01-Apr-21,Q2,9,5,Friday,False
16-Apr-21,2021,4,April,01-Apr-21,Q2,16,5,Friday,False
23-Apr-21,2021,4,April,01-Apr-21,Q2,23,5,Friday,False
30-Apr-21,2021,4,April,01-Apr-21,Q2,30,5,Friday,False
01-Apr-22,2022,4,April,01-Apr-22,Q2,1,5,Friday,False
08-Apr-22,2022,4,April,01-Apr-22,Q2,8,5,Friday,False
15-Apr-22,2022,4,April,01-Apr-22,Q2,15,5,Friday,False
22-Apr-22,2022,4,April,01-Apr-22,Q2,22,5,Friday,False
29-Apr-22,2022,4,April,01-Apr-22,Q2,29,5,Friday,False
07-Apr-23,2023,4,April,01-Apr-23,Q2,7,5,Friday,False
14-Apr-23,2023,4,April,01-Apr-23,Q2,14,5,Friday,False
21-Apr-23,2023,4,April,01-Apr-23,Q2,21,5,Friday,False
28-Apr-23,2023,4,April,01-Apr-23,Q2,28,5,Friday,False
05-Apr-24,2024,4,April,01-Apr-24,Q2,5,5,Friday,False
12-Apr-24,2024,4,April,01-Apr-24,Q2,12,5,Friday,False
19-Apr-24,2024,4,April,01-Apr-24,Q2,19,5,Friday,False
26-Apr-24,2024,4,April,01-Apr-24,Q2,26,5,Friday,False
04-Apr-25,2025,4,April,01-Apr-25,Q2,4,5,Friday,False
11-Apr-25,2025,4,April,01-Apr-25,Q2,11,5,Friday,False
18-Apr-25,2025,4,April,01-Apr-25,Q2,18,5,Friday,False
25-Apr-25,2025,4,April,01-Apr-25,Q2,25,5,Friday,False
03-Apr-26,2026,4,April,01-Apr-26,Q2,3,5,Friday,False
10-Apr-26,2026,4,April,01-Apr-26,Q2,10,5,Friday,False
17-Apr-26,2026,4,April,01-Apr-26,Q2,17,5,Friday,False
24-Apr-26,2026,4,April,01-Apr-26,Q2,24,5,Friday,False
02-Apr-27,2027,4,April,01-Apr-27,Q2,2,5,Friday,False
09-Apr-27,2027,4,April,01-Apr-27,Q2,9,5,Friday,False
16-Apr-27,2027,4,April,01-Apr-27,Q2,16,5,Friday,False
23-Apr-27,2027,4,April,01-Apr-27,Q2,23,5,Friday,False
30-Apr-27,2027,4,April,01-Apr-27,Q2,30,5,Friday,False
07-Apr-28,2028,4,April,01-Apr-28,Q2,7,5,Friday,False
14-Apr-28,2028,4,April,01-Apr-28,Q2,14,5,Friday,False
21-Apr-28,2028,4,April,01-Apr-28,Q2,21,5,Friday,False
28-Apr-28,2028,4,April,01-Apr-28,Q2,28,5,Friday,False
04-Jun-10,2010,6,June,01-Jun-10,Q2,4,5,Friday,False
11-Jun-10,2010,6,June,01-Jun-10,Q2,11,5,Friday,False
18-Jun-10,2010,6,June,01-Jun-10,Q2,18,5,Friday,False
25-Jun-10,2010,6,June,01-Jun-10,Q2,25,5,Friday,False
03-Jun-11,2011,6,June,01-Jun-11,Q2,3,5,Friday,False
10-Jun-11,2011,6,June,01-Jun-11,Q2,10,5,Friday,False
17-Jun-11,2011,6,June,01-Jun-11,Q2,17,5,Friday,False
24-Jun-11,2011,6,June,01-Jun-11,Q2,24,5,Friday,False
01-Jun-12,2012,6,June,01-Jun-12,Q2,1,5,Friday,False
08-Jun-12,2012,6,June,01-Jun-12,Q2,8,5,Friday,False
15-Jun-12,2012,6,June,01-Jun-12,Q2,15,5,Friday,False
22-Jun-12,2012,6,June,01-Jun-12,Q2,22,5,Friday,False
29-Jun-12,2012,6,June,01-Jun-12,Q2,29,5,Friday,False
07-Jun-13,2013,6,June,01-Jun-13,Q2,7,5,Friday,False
14-Jun-13,2013,6,June,01-Jun-13,Q2,14,5,Friday,False
21-Jun-13,2013,6,June,01-Jun-13,Q2,21,5,Friday,False
28-Jun-13,2013,6,June,01-Jun-13,Q2,28,5,Friday,False
06-Jun-14,2014,6,June,01-Jun-14,Q2,6,5,Friday,False
13-Jun-14,2014,6,June,01-Jun-14,Q2,13,5,Friday,False
20-Jun-14,2014,6,June,01-Jun-14,Q2,20,5,Friday,False
27-Jun-14,2014,6,June,01-Jun-14,Q2,27,5,Friday,False
05-Jun-15,2015,6,June,01-Jun-15,Q2,5,5,Friday,False
12-Jun-15,2015,6,June,01-Jun-15,Q2,12,5,Friday,False
19-Jun-15,2015,6,June,01-Jun-15,Q2,19,5,Friday,False
26-Jun-15,2015,6,June,01-Jun-15,Q2,26,5,Friday,False
03-Jun-16,2016,6,June,01-Jun-16,Q2,3,5,Friday,False
10-Jun-16,2016,6,June,01-Jun-16,Q2,10,5,Friday,False
17-Jun-16,2016,6,June,01-Jun-16,Q2,17,5,Friday,False
24-Jun-16,2016,6,June,01-Jun-16,Q2,24,5,Friday,False
02-Jun-17,2017,6,June,01-Jun-17,Q2,2,5,Friday,False
09-Jun-17,2017,6,June,01-Jun-17,Q2,9,5,Friday,False
16-Jun-17,2017,6,June,01-Jun-17,Q2,16,5,Friday,False
23-Jun-17,2017,6,June,01-Jun-17,Q2,23,5,Friday,False
30-Jun-17,2017,6,June,01-Jun-17,Q2,30,5,Friday,False
01-Jun-18,2018,6,June,01-Jun-18,Q2,1,5,Friday,False
08-Jun-18,2018,6,June,01-Jun-18,Q2,8,5,Friday,False
15-Jun-18,2018,6,June,01-Jun-18,Q2,15,5,Friday,False
22-Jun-18,2018,6,June,01-Jun-18,Q2,22,5,Friday,False
29-Jun-18,2018,6,June,01-Jun-18,Q2,29,5,Friday,False
07-Jun-19,2019,6,June,01-Jun-19,Q2,7,5,Friday,False
14-Jun-19,2019,6,June,01-Jun-19,Q2,14,5,Friday,False
21-Jun-19,2019,6,June,01-Jun-19,Q2,21,5,Friday,False
28-Jun-19,2019,6,June,01-Jun-19,Q2,28,5,Friday,False
05-Jun-20,2020,6,June,01-Jun-20,Q2,5,5,Friday,False
12-Jun-20,2020,6,June,01-Jun-20,Q2,12,5,Friday,False
19-Jun-20,2020,6,June,01-Jun-20,Q2,19,5,Friday,False
26-Jun-20,2020,6,June,01-Jun-20,Q2,26,5,Friday,False
04-Jun-21,2021,6,June,01-Jun-21,Q2,4,5,Friday,False
11-Jun-21,2021,6,June,01-Jun-21,Q2,11,5,Friday,False
18-Jun-21,2021,6,June,01-Jun-21,Q2,18,5,Friday,False
25-Jun-21,2021,6,June,01-Jun-21,Q2,25,5,Friday,False
03-Jun-22,2022,6,June,01-Jun-22,Q2,3,5,Friday,False
10-Jun-22,2022,6,June,01-Jun-22,Q2,10,5,Friday,False
17-Jun-22,2022,6,June,01-Jun-22,Q2,17,5,Friday,False
24-Jun-22,2022,6,June,01-Jun-22,Q2,24,5,Friday,False
02-Jun-23,2023,6,June,01-Jun-23,Q2,2,5,Friday,False
09-Jun-23,2023,6,June,01-Jun-23,Q2,9,5,Friday,False
16-Jun-23,2023,6,June,01-Jun-23,Q2,16,5,Friday,False
23-Jun-23,2023,6,June,01-Jun-23,Q2,23,5,Friday,False
30-Jun-23,2023,6,June,01-Jun-23,Q2,30,5,Friday,False
07-Jun-24,2024,6,June,01-Jun-24,Q2,7,5,Friday,False
14-Jun-24,2024,6,June,01-Jun-24,Q2,14,5,Friday,False
21-Jun-24,2024,6,June,01-Jun-24,Q2,21,5,Friday,False
28-Jun-24,2024,6,June,01-Jun-24,Q2,28,5,Friday,False
06-Jun-25,2025,6,June,01-Jun-25,Q2,6,5,Friday,False
13-Jun-25,2025,6,June,01-Jun-25,Q2,13,5,Friday,False
20-Jun-25,2025,6,June,01-Jun-25,Q2,20,5,Friday,False
27-Jun-25,2025,6,June,01-Jun-25,Q2,27,5,Friday,False
05-Jun-26,2026,6,June,01-Jun-26,Q2,5,5,Friday,False
12-Jun-26,2026,6,June,01-Jun-26,Q2,12,5,Friday,False
19-Jun-26,2026,6,June,01-Jun-26,Q2,19,5,Friday,False
26-Jun-26,2026,6,June,01-Jun-26,Q2,26,5,Friday,False
04-Jun-27,2027,6,June,01-Jun-27,Q2,4,5,Friday,False
11-Jun-27,2027,6,June,01-Jun-27,Q2,11,5,Friday,False
18-Jun-27,2027,6,June,01-Jun-27,Q2,18,5,Friday,False
25-Jun-27,2027,6,June,01-Jun-27,Q2,25,5,Friday,False
02-Jun-28,2028,6,June,01-Jun-28,Q2,2,5,Friday,False
09-Jun-28,2028,6,June,01-Jun-28,Q2,9,5,Friday,False
16-Jun-28,2028,6,June,01-Jun-28,Q2,16,5,Friday,False
23-Jun-28,2028,6,June,01-Jun-28,Q2,23,5,Friday,False
30-Jun-28,2028,6,June,01-Jun-28,Q2,30,5,Friday,False
05-Feb-10,2010,2,February,01-Feb-10,Q1,5,5,Friday,False
12-Feb-10,2010,2,February,01-Feb-10,Q1,12,5,Friday,False
19-Feb-10,2010,2,February,01-Feb-10,Q1,19,5,Friday,False
26-Feb-10,2010,2,February,01-Feb-10,Q1,26,5,Friday,False
04-Feb-11,2011,2,February,01-Feb-11,Q1,4,5,Friday,False
11-Feb-11,2011,2,February,01-Feb-11,Q1,11,5,Friday,False
18-Feb-11,2011,2,February,01-Feb-11,Q1,18,5,Friday,False
25-Feb-11,2011,2,February,01-Feb-11,Q1,25,5,Friday,False
03-Feb-12,2012,2,February,01-Feb-12,Q1,3,5,Friday,False
10-Feb-12,2012,2,February,01-Feb-12,Q1,10,5,Friday,False
17-Feb-12,2012,2,February,01-Feb-12,Q1,17,5,Friday,False
24-Feb-12,2012,2,February,01-Feb-12,Q1,24,5,Friday,False
01-Feb-13,2013,2,February,01-Feb-13,Q1,1,5,Friday,False
08-Feb-13,2013,2,February,01-Feb-13,Q1,8,5,Friday,False
15-Feb-13,2013,2,February,01-Feb-13,Q1,15,5,Friday,False
22-Feb-13,2013,2,February,01-Feb-13,Q1,22,5,Friday,False
07-Feb-14,2014,2,February,01-Feb-14,Q1,7,5,Friday,False
14-Feb-14,2014,2,February,01-Feb-14,Q1,14,5,Friday,False
21-Feb-14,2014,2,February,01-Feb-14,Q1,21,5,Friday,False
28-Feb-14,2014,2,February,01-Feb-14,Q1,28,5,Friday,False
06-Feb-15,2015,2,February,01-Feb-15,Q1,6,5,Friday,False
13-Feb-15,2015,2,February,01-Feb-15,Q1,13,5,Friday,False
20-Feb-15,2015,2,February,01-Feb-15,Q1,20,5,Friday,False
27-Feb-15,2015,2,February,01-Feb-15,Q1,27,5,Friday,False
05-Feb-16,2016,2,February,01-Feb-16,Q1,5,5,Friday,False
12-Feb-16,2016,2,February,01-Feb-16,Q1,12,5,Friday,False
19-Feb-16,2016,2,February,01-Feb-16,Q1,19,5,Friday,False
26-Feb-16,2016,2,February,01-Feb-16,Q1,26,5,Friday,False
03-Feb-17,2017,2,February,01-Feb-17,Q1,3,5,Friday,False
10-Feb-17,2017,2,February,01-Feb-17,Q1,10,5,Friday,False
17-Feb-17,2017,2,February,01-Feb-17,Q1,17,5,Friday,False
24-Feb-17,2017,2,February,01-Feb-17,Q1,24,5,Friday,False
02-Feb-18,2018,2,February,01-Feb-18,Q1,2,5,Friday,False
09-Feb-18,2018,2,February,01-Feb-18,Q1,9,5,Friday,False
16-Feb-18,2018,2,February,01-Feb-18,Q1,16,5,Friday,False
23-Feb-18,2018,2,February,01-Feb-18,Q1,23,5,Friday,False
01-Feb-19,2019,2,February,01-Feb-19,Q1,1,5,Friday,False
08-Feb-19,2019,2,February,01-Feb-19,Q1,8,5,Friday,False
15-Feb-19,2019,2,February,01-Feb-19,Q1,15,5,Friday,False
22-Feb-19,2019,2,February,01-Feb-19,Q1,22,5,Friday,False
07-Feb-20,2020,2,February,01-Feb-20,Q1,7,5,Friday,False
14-Feb-20,2020,2,February,01-Feb-20,Q1,14,5,Friday,False
21-Feb-20,2020,2,February,01-Feb-20,Q1,21,5,Friday,False
28-Feb-20,2020,2,February,01-Feb-20,Q1,28,5,Friday,False
05-Feb-21,2021,2,February,01-Feb-21,Q1,5,5,Friday,False
12-Feb-21,2021,2,February,01-Feb-21,Q1,12,5,Friday,False
19-Feb-21,2021,2,February,01-Feb-21,Q1,19,5,Friday,False
26-Feb-21,2021,2,February,01-Feb-21,Q1,26,5,Friday,False
04-Feb-22,2022,2,February,01-Feb-22,Q1,4,5,Friday,False
11-Feb-22,2022,2,February,01-Feb-22,Q1,11,5,Friday,False
18-Feb-22,2022,2,February,01-Feb-22,Q1,18,5,Friday,False
25-Feb-22,2022,2,February,01-Feb-22,Q1,25,5,Friday,False
03-Feb-23,2023,2,February,01-Feb-23,Q1,3,5,Friday,False
10-Feb-23,2023,2,February,01-Feb-23,Q1,10,5,Friday,False
17-Feb-23,2023,2,February,01-Feb-23,Q1,17,5,Friday,False
24-Feb-23,2023,2,February,01-Feb-23,Q1,24,5,Friday,False
02-Feb-24,2024,2,February,01-Feb-24,Q1,2,5,Friday,False
09-Feb-24,2024,2,February,01-Feb-24,Q1,9,5,Friday,False
16-Feb-24,2024,2,February,01-Feb-24,Q1,16,5,Friday,False
23-Feb-24,2024,2,February,01-Feb-24,Q1,23,5,Friday,False
07-Feb-25,2025,2,February,01-Feb-25,Q1,7,5,Friday,False
14-Feb-25,2025,2,February,01-Feb-25,Q1,14,5,Friday,False
21-Feb-25,2025,2,February,01-Feb-25,Q1,21,5,Friday,False
28-Feb-25,2025,2,February,01-Feb-25,Q1,28,5,Friday,False
06-Feb-26,2026,2,February,01-Feb-26,Q1,6,5,Friday,False
13-Feb-26,2026,2,February,01-Feb-26,Q1,13,5,Friday,False
20-Feb-26,2026,2,February,01-Feb-26,Q1,20,5,Friday,False
27-Feb-26,2026,2,February,01-Feb-26,Q1,27,5,Friday,False
05-Feb-27,2027,2,February,01-Feb-27,Q1,5,5,Friday,False
12-Feb-27,2027,2,February,01-Feb-27,Q1,12,5,Friday,False
19-Feb-27,2027,2,February,01-Feb-27,Q1,19,5,Friday,False
26-Feb-27,2027,2,February,01-Feb-27,Q1,26,5,Friday,False
04-Feb-28,2028,2,February,01-Feb-28,Q1,4,5,Friday,False
11-Feb-28,2028,2,February,01-Feb-28,Q1,11,5,Friday,False
18-Feb-28,2028,2,February,01-Feb-28,Q1,18,5,Friday,False
25-Feb-28,2028,2,February,01-Feb-28,Q1,25,5,Friday,False
05-Mar-10,2010,3,March,01-Mar-10,Q1,5,5,Friday,False
12-Mar-10,2010,3,March,01-Mar-10,Q1,12,5,Friday,False
19-Mar-10,2010,3,March,01-Mar-10,Q1,19,5,Friday,False
26-Mar-10,2010,3,March,01-Mar-10,Q1,26,5,Friday,False
04-Mar-11,2011,3,March,01-Mar-11,Q1,4,5,Friday,False
11-Mar-11,2011,3,March,01-Mar-11,Q1,11,5,Friday,False
18-Mar-11,2011,3,March,01-Mar-11,Q1,18,5,Friday,False
25-Mar-11,2011,3,March,01-Mar-11,Q1,25,5,Friday,False
02-Mar-12,2012,3,March,01-Mar-12,Q1,2,5,Friday,False
09-Mar-12,2012,3,March,01-Mar-12,Q1,9,5,Friday,False
16-Mar-12,2012,3,March,01-Mar-12,Q1,16,5,Friday,False
23-Mar-12,2012,3,March,01-Mar-12,Q1,23,5,Friday,False
30-Mar-12,2012,3,March,01-Mar-12,Q1,30,5,Friday,False
01-Mar-13,2013,3,March,01-Mar-13,Q1,1,5,Friday,False
08-Mar-13,2013,3,March,01-Mar-13,Q1,8,5,Friday,False
15-Mar-13,2013,3,March,01-Mar-13,Q1,15,5,Friday,False
22-Mar-13,2013,3,March,01-Mar-13,Q1,22,5,Friday,False
29-Mar-13,2013,3,March,01-Mar-13,Q1,29,5,Friday,False
07-Mar-14,2014,3,March,01-Mar-14,Q1,7,5,Friday,False
14-Mar-14,2014,3,March,01-Mar-14,Q1,14,5,Friday,False
21-Mar-14,2014,3,March,01-Mar-14,Q1,21,5,Friday,False
28-Mar-14,2014,3,March,01-Mar-14,Q1,28,5,Friday,False
06-Mar-15,2015,3,March,01-Mar-15,Q1,6,5,Friday,False
13-Mar-15,2015,3,March,01-Mar-15,Q1,13,5,Friday,False
20-Mar-15,2015,3,March,01-Mar-15,Q1,20,5,Friday,False
27-Mar-15,2015,3,March,01-Mar-15,Q1,27,5,Friday,False
04-Mar-16,2016,3,March,01-Mar-16,Q1,4,5,Friday,False
11-Mar-16,2016,3,March,01-Mar-16,Q1,11,5,Friday,False
18-Mar-16,2016,3,March,01-Mar-16,Q1,18,5,Friday,False
25-Mar-16,2016,3,March,01-Mar-16,Q1,25,5,Friday,False
03-Mar-17,2017,3,March,01-Mar-17,Q1,3,5,Friday,False
10-Mar-17,2017,3,March,01-Mar-17,Q1,10,5,Friday,False
17-Mar-17,2017,3,March,01-Mar-17,Q1,17,5,Friday,False
24-Mar-17,2017,3,March,01-Mar-17,Q1,24,5,Friday,False
31-Mar-17,2017,3,March,01-Mar-17,Q1,31,5,Friday,False
02-Mar-18,2018,3,March,01-Mar-18,Q1,2,5,Friday,False
09-Mar-18,2018,3,March,01-Mar-18,Q1,9,5,Friday,False
16-Mar-18,2018,3,March,01-Mar-18,Q1,16,5,Friday,False
23-Mar-18,2018,3,March,01-Mar-18,Q1,23,5,Friday,False
30-Mar-18,2018,3,March,01-Mar-18,Q1,30,5,Friday,False
01-Mar-19,2019,3,March,01-Mar-19,Q1,1,5,Friday,False
08-Mar-19,2019,3,March,01-Mar-19,Q1,8,5,Friday,False
15-Mar-19,2019,3,March,01-Mar-19,Q1,15,5,Friday,False
22-Mar-19,2019,3,March,01-Mar-19,Q1,22,5,Friday,False
29-Mar-19,2019,3,March,01-Mar-19,Q1,29,5,Friday,False
06-Mar-20,2020,3,March,01-Mar-20,Q1,6,5,Friday,False
13-Mar-20,2020,3,March,01-Mar-20,Q1,13,5,Friday,False
20-Mar-20,2020,3,March,01-Mar-20,Q1,20,5,Friday,False
27-Mar-20,2020,3,March,01-Mar-20,Q1,27,5,Friday,False
05-Mar-21,2021,3,March,01-Mar-21,Q1,5,5,Friday,False
12-Mar-21,2021,3,March,01-Mar-21,Q1,12,5,Friday,False
19-Mar-21,2021,3,March,01-Mar-21,Q1,19,5,Friday,False
26-Mar-21,2021,3,March,01-Mar-21,Q1,26,5,Friday,False
04-Mar-22,2022,3,March,01-Mar-22,Q1,4,5,Friday,False
11-Mar-22,2022,3,March,01-Mar-22,Q1,11,5,Friday,False
18-Mar-22,2022,3,March,01-Mar-22,Q1,18,5,Friday,False
25-Mar-22,2022,3,March,01-Mar-22,Q1,25,5,Friday,False
03-Mar-23,2023,3,March,01-Mar-23,Q1,3,5,Friday,False
10-Mar-23,2023,3,March,01-Mar-23,Q1,10,5,Friday,False
17-Mar-23,2023,3,March,01-Mar-23,Q1,17,5,Friday,False
24-Mar-23,2023,3,March,01-Mar-23,Q1,24,5,Friday,False
31-Mar-23,2023,3,March,01-Mar-23,Q1,31,5,Friday,False
01-Mar-24,2024,3,March,01-Mar-24,Q1,1,5,Friday,False
08-Mar-24,2024,3,March,01-Mar-24,Q1,8,5,Friday,False
15-Mar-24,2024,3,March,01-Mar-24,Q1,15,5,Friday,False
22-Mar-24,2024,3,March,01-Mar-24,Q1,22,5,Friday,False
29-Mar-24,2024,3,March,01-Mar-24,Q1,29,5,Friday,False
07-Mar-25,2025,3,March,01-Mar-25,Q1,7,5,Friday,False
14-Mar-25,2025,3,March,01-Mar-25,Q1,14,5,Friday,False
21-Mar-25,2025,3,March,01-Mar-25,Q1,21,5,Friday,False
28-Mar-25,2025,3,March,01-Mar-25,Q1,28,5,Friday,False
06-Mar-26,2026,3,March,01-Mar-26,Q1,6,5,Friday,False
13-Mar-26,2026,3,March,01-Mar-26,Q1,13,5,Friday,False
20-Mar-26,2026,3,March,01-Mar-26,Q1,20,5,Friday,False
27-Mar-26,2026,3,March,01-Mar-26,Q1,27,5,Friday,False
05-Mar-27,2027,3,March,01-Mar-27,Q1,5,5,Friday,False
12-Mar-27,2027,3,March,01-Mar-27,Q1,12,5,Friday,False
19-Mar-27,2027,3,March,01-Mar-27,Q1,19,5,Friday,False
26-Mar-27,2027,3,March,01-Mar-27,Q1,26,5,Friday,False
03-Mar-28,2028,3,March,01-Mar-28,Q1,3,5,Friday,False
10-Mar-28,2028,3,March,01-Mar-28,Q1,10,5,Friday,False
17-Mar-28,2028,3,March,01-Mar-28,Q1,17,5,Friday,False
24-Mar-28,2028,3,March,01-Mar-28,Q1,24,5,Friday,False
31-Mar-28,2028,3,March,01-Mar-28,Q1,31,5,Friday,False
01-Jan-10,2010,1,January,01-Jan-10,Q1,1,5,Friday,False
08-Jan-10,2010,1,January,01-Jan-10,Q1,8,5,Friday,False
15-Jan-10,2010,1,January,01-Jan-10,Q1,15,5,Friday,False
22-Jan-10,2010,1,January,01-Jan-10,Q1,22,5,Friday,False
29-Jan-10,2010,1,January,01-Jan-10,Q1,29,5,Friday,False
07-Jan-11,2011,1,January,01-Jan-11,Q1,7,5,Friday,False
14-Jan-11,2011,1,January,01-Jan-11,Q1,14,5,Friday,False
21-Jan-11,2011,1,January,01-Jan-11,Q1,21,5,Friday,False
28-Jan-11,2011,1,January,01-Jan-11,Q1,28,5,Friday,False
06-Jan-12,2012,1,January,01-Jan-12,Q1,6,5,Friday,False
13-Jan-12,2012,1,January,01-Jan-12,Q1,13,5,Friday,False
20-Jan-12,2012,1,January,01-Jan-12,Q1,20,5,Friday,False
27-Jan-12,2012,1,January,01-Jan-12,Q1,27,5,Friday,False
04-Jan-13,2013,1,January,01-Jan-13,Q1,4,5,Friday,False
11-Jan-13,2013,1,January,01-Jan-13,Q1,11,5,Friday,False
18-Jan-13,2013,1,January,01-Jan-13,Q1,18,5,Friday,False
25-Jan-13,2013,1,January,01-Jan-13,Q1,25,5,Friday,False
03-Jan-14,2014,1,January,01-Jan-14,Q1,3,5,Friday,False
10-Jan-14,2014,1,January,01-Jan-14,Q1,10,5,Friday,False
17-Jan-14,2014,1,January,01-Jan-14,Q1,17,5,Friday,False
24-Jan-14,2014,1,January,01-Jan-14,Q1,24,5,Friday,False
31-Jan-14,2014,1,January,01-Jan-14,Q1,31,5,Friday,False
02-Jan-15,2015,1,January,01-Jan-15,Q1,2,5,Friday,False
09-Jan-15,2015,1,January,01-Jan-15,Q1,9,5,Friday,False
16-Jan-15,2015,1,January,01-Jan-15,Q1,16,5,Friday,False
23-Jan-15,2015,1,January,01-Jan-15,Q1,23,5,Friday,False
30-Jan-15,2015,1,January,01-Jan-15,Q1,30,5,Friday,False
01-Jan-16,2016,1,January,01-Jan-16,Q1,1,5,Friday,False
08-Jan-16,2016,1,January,01-Jan-16,Q1,8,5,Friday,False
15-Jan-16,2016,1,January,01-Jan-16,Q1,15,5,Friday,False
22-Jan-16,2016,1,January,01-Jan-16,Q1,22,5,Friday,False
29-Jan-16,2016,1,January,01-Jan-16,Q1,29,5,Friday,False
06-Jan-17,2017,1,January,01-Jan-17,Q1,6,5,Friday,False
13-Jan-17,2017,1,January,01-Jan-17,Q1,13,5,Friday,False
20-Jan-17,2017,1,January,01-Jan-17,Q1,20,5,Friday,False
27-Jan-17,2017,1,January,01-Jan-17,Q1,27,5,Friday,False
05-Jan-18,2018,1,January,01-Jan-18,Q1,5,5,Friday,False
12-Jan-18,2018,1,January,01-Jan-18,Q1,12,5,Friday,False
19-Jan-18,2018,1,January,01-Jan-18,Q1,19,5,Friday,False
26-Jan-18,2018,1,January,01-Jan-18,Q1,26,5,Friday,False
04-Jan-19,2019,1,January,01-Jan-19,Q1,4,5,Friday,False
11-Jan-19,2019,1,January,01-Jan-19,Q1,11,5,Friday,False
18-Jan-19,2019,1,January,01-Jan-19,Q1,18,5,Friday,False
25-Jan-19,2019,1,January,01-Jan-19,Q1,25,5,Friday,False
03-Jan-20,2020,1,January,01-Jan-20,Q1,3,5,Friday,False
10-Jan-20,2020,1,January,01-Jan-20,Q1,10,5,Friday,False
17-Jan-20,2020,1,January,01-Jan-20,Q1,17,5,Friday,False
24-Jan-20,2020,1,January,01-Jan-20,Q1,24,5,Friday,False
31-Jan-20,2020,1,January,01-Jan-20,Q1,31,5,Friday,False
01-Jan-21,2021,1,January,01-Jan-21,Q1,1,5,Friday,False
08-Jan-21,2021,1,January,01-Jan-21,Q1,8,5,Friday,False
15-Jan-21,2021,1,January,01-Jan-21,Q1,15,5,Friday,False
22-Jan-21,2021,1,January,01-Jan-21,Q1,22,5,Friday,False
29-Jan-21,2021,1,January,01-Jan-21,Q1,29,5,Friday,False
07-Jan-22,2022,1,January,01-Jan-22,Q1,7,5,Friday,False
14-Jan-22,2022,1,January,01-Jan-22,Q1,14,5,Friday,False
21-Jan-22,2022,1,January,01-Jan-22,Q1,21,5,Friday,False
28-Jan-22,2022,1,January,01-Jan-22,Q1,28,5,Friday,False
06-Jan-23,2023,1,January,01-Jan-23,Q1,6,5,Friday,False
13-Jan-23,2023,1,January,01-Jan-23,Q1,13,5,Friday,False
20-Jan-23,2023,1,January,01-Jan-23,Q1,20,5,Friday,False
27-Jan-23,2023,1,January,01-Jan-23,Q1,27,5,Friday,False
05-Jan-24,2024,1,January,01-Jan-24,Q1,5,5,Friday,False
12-Jan-24,2024,1,January,01-Jan-24,Q1,12,5,Friday,False
19-Jan-24,2024,1,January,01-Jan-24,Q1,19,5,Friday,False
26-Jan-24,2024,1,January,01-Jan-24,Q1,26,5,Friday,False
03-Jan-25,2025,1,January,01-Jan-25,Q1,3,5,Friday,False
10-Jan-25,2025,1,January,01-Jan-25,Q1,10,5,Friday,False
17-Jan-25,2025,1,January,01-Jan-25,Q1,17,5,Friday,False
24-Jan-25,2025,1,January,01-Jan-25,Q1,24,5,Friday,False
31-Jan-25,2025,1,January,01-Jan-25,Q1,31,5,Friday,False
02-Jan-26,2026,1,January,01-Jan-26,Q1,2,5,Friday,False
09-Jan-26,2026,1,January,01-Jan-26,Q1,9,5,Friday,False
16-Jan-26,2026,1,January,01-Jan-26,Q1,16,5,Friday,False
23-Jan-26,2026,1,January,01-Jan-26,Q1,23,5,Friday,False
30-Jan-26,2026,1,January,01-Jan-26,Q1,30,5,Friday,False
01-Jan-27,2027,1,January,01-Jan-27,Q1,1,5,Friday,False
08-Jan-27,2027,1,January,01-Jan-27,Q1,8,5,Friday,False
15-Jan-27,2027,1,January,01-Jan-27,Q1,15,5,Friday,False
22-Jan-27,2027,1,January,01-Jan-27,Q1,22,5,Friday,False
29-Jan-27,2027,1,January,01-Jan-27,Q1,29,5,Friday,False
07-Jan-28,2028,1,January,01-Jan-28,Q1,7,5,Friday,False
14-Jan-28,2028,1,January,01-Jan-28,Q1,14,5,Friday,False
21-Jan-28,2028,1,January,01-Jan-28,Q1,21,5,Friday,False
28-Jan-28,2028,1,January,01-Jan-28,Q1,28,5,Friday,False
04-Jan-10,2010,1,January,01-Jan-10,Q1,4,1,Monday,False
11-Jan-10,2010,1,January,01-Jan-10,Q1,11,1,Monday,False
18-Jan-10,2010,1,January,01-Jan-10,Q1,18,1,Monday,False
25-Jan-10,2010,1,January,01-Jan-10,Q1,25,1,Monday,False
03-Jan-11,2011,1,January,01-Jan-11,Q1,3,1,Monday,False
10-Jan-11,2011,1,January,01-Jan-11,Q1,10,1,Monday,False
17-Jan-11,2011,1,January,01-Jan-11,Q1,17,1,Monday,False
24-Jan-11,2011,1,January,01-Jan-11,Q1,24,1,Monday,False
31-Jan-11,2011,1,January,01-Jan-11,Q1,31,1,Monday,False
02-Jan-12,2012,1,January,01-Jan-12,Q1,2,1,Monday,False
09-Jan-12,2012,1,January,01-Jan-12,Q1,9,1,Monday,False
16-Jan-12,2012,1,January,01-Jan-12,Q1,16,1,Monday,False
23-Jan-12,2012,1,January,01-Jan-12,Q1,23,1,Monday,False
30-Jan-12,2012,1,January,01-Jan-12,Q1,30,1,Monday,False
07-Jan-13,2013,1,January,01-Jan-13,Q1,7,1,Monday,False
14-Jan-13,2013,1,January,01-Jan-13,Q1,14,1,Monday,False
21-Jan-13,2013,1,January,01-Jan-13,Q1,21,1,Monday,False
28-Jan-13,2013,1,January,01-Jan-13,Q1,28,1,Monday,False
06-Jan-14,2014,1,January,01-Jan-14,Q1,6,1,Monday,False
13-Jan-14,2014,1,January,01-Jan-14,Q1,13,1,Monday,False
20-Jan-14,2014,1,January,01-Jan-14,Q1,20,1,Monday,False
27-Jan-14,2014,1,January,01-Jan-14,Q1,27,1,Monday,False
05-Jan-15,2015,1,January,01-Jan-15,Q1,5,1,Monday,False
12-Jan-15,2015,1,January,01-Jan-15,Q1,12,1,Monday,False
19-Jan-15,2015,1,January,01-Jan-15,Q1,19,1,Monday,False
26-Jan-15,2015,1,January,01-Jan-15,Q1,26,1,Monday,False
04-Jan-16,2016,1,January,01-Jan-16,Q1,4,1,Monday,False
11-Jan-16,2016,1,January,01-Jan-16,Q1,11,1,Monday,False
18-Jan-16,2016,1,January,01-Jan-16,Q1,18,1,Monday,False
25-Jan-16,2016,1,January,01-Jan-16,Q1,25,1,Monday,False
02-Jan-17,2017,1,January,01-Jan-17,Q1,2,1,Monday,False
09-Jan-17,2017,1,January,01-Jan-17,Q1,9,1,Monday,False
16-Jan-17,2017,1,January,01-Jan-17,Q1,16,1,Monday,False
23-Jan-17,2017,1,January,01-Jan-17,Q1,23,1,Monday,False
30-Jan-17,2017,1,January,01-Jan-17,Q1,30,1,Monday,False
01-Jan-18,2018,1,January,01-Jan-18,Q1,1,1,Monday,False
08-Jan-18,2018,1,January,01-Jan-18,Q1,8,1,Monday,False
15-Jan-18,2018,1,January,01-Jan-18,Q1,15,1,Monday,False
22-Jan-18,2018,1,January,01-Jan-18,Q1,22,1,Monday,False
29-Jan-18,2018,1,January,01-Jan-18,Q1,29,1,Monday,False
07-Jan-19,2019,1,January,01-Jan-19,Q1,7,1,Monday,False
14-Jan-19,2019,1,January,01-Jan-19,Q1,14,1,Monday,False
21-Jan-19,2019,1,January,01-Jan-19,Q1,21,1,Monday,False
28-Jan-19,2019,1,January,01-Jan-19,Q1,28,1,Monday,False
06-Jan-20,2020,1,January,01-Jan-20,Q1,6,1,Monday,False
13-Jan-20,2020,1,January,01-Jan-20,Q1,13,1,Monday,False
20-Jan-20,2020,1,January,01-Jan-20,Q1,20,1,Monday,False
27-Jan-20,2020,1,January,01-Jan-20,Q1,27,1,Monday,False
04-Jan-21,2021,1,January,01-Jan-21,Q1,4,1,Monday,False
11-Jan-21,2021,1,January,01-Jan-21,Q1,11,1,Monday,False
18-Jan-21,2021,1,January,01-Jan-21,Q1,18,1,Monday,False
25-Jan-21,2021,1,January,01-Jan-21,Q1,25,1,Monday,False
03-Jan-22,2022,1,January,01-Jan-22,Q1,3,1,Monday,False
10-Jan-22,2022,1,January,01-Jan-22,Q1,10,1,Monday,False
17-Jan-22,2022,1,January,01-Jan-22,Q1,17,1,Monday,False
24-Jan-22,2022,1,January,01-Jan-22,Q1,24,1,Monday,False
31-Jan-22,2022,1,January,01-Jan-22,Q1,31,1,Monday,False
02-Jan-23,2023,1,January,01-Jan-23,Q1,2,1,Monday,False
09-Jan-23,2023,1,January,01-Jan-23,Q1,9,1,Monday,False
16-Jan-23,2023,1,January,01-Jan-23,Q1,16,1,Monday,False
23-Jan-23,2023,1,January,01-Jan-23,Q1,23,1,Monday,False
30-Jan-23,2023,1,January,01-Jan-23,Q1,30,1,Monday,False
01-Jan-24,2024,1,January,01-Jan-24,Q1,1,1,Monday,False
08-Jan-24,2024,1,January,01-Jan-24,Q1,8,1,Monday,False
15-Jan-24,2024,1,January,01-Jan-24,Q1,15,1,Monday,False
22-Jan-24,2024,1,January,01-Jan-24,Q1,22,1,Monday,False
29-Jan-24,2024,1,January,01-Jan-24,Q1,29,1,Monday,False
06-Jan-25,2025,1,January,01-Jan-25,Q1,6,1,Monday,False
13-Jan-25,2025,1,January,01-Jan-25,Q1,13,1,Monday,False
20-Jan-25,2025,1,January,01-Jan-25,Q1,20,1,Monday,False
27-Jan-25,2025,1,January,01-Jan-25,Q1,27,1,Monday,False
05-Jan-26,2026,1,January,01-Jan-26,Q1,5,1,Monday,False
12-Jan-26,2026,1,January,01-Jan-26,Q1,12,1,Monday,False
19-Jan-26,2026,1,January,01-Jan-26,Q1,19,1,Monday,False
26-Jan-26,2026,1,January,01-Jan-26,Q1,26,1,Monday,False
04-Jan-27,2027,1,January,01-Jan-27,Q1,4,1,Monday,False
11-Jan-27,2027,1,January,01-Jan-27,Q1,11,1,Monday,False
18-Jan-27,2027,1,January,01-Jan-27,Q1,18,1,Monday,False
25-Jan-27,2027,1,January,01-Jan-27,Q1,25,1,Monday,False
03-Jan-28,2028,1,January,01-Jan-28,Q1,3,1,Monday,False
10-Jan-28,2028,1,January,01-Jan-28,Q1,10,1,Monday,False
17-Jan-28,2028,1,January,01-Jan-28,Q1,17,1,Monday,False
24-Jan-28,2028,1,January,01-Jan-28,Q1,24,1,Monday,False
31-Jan-28,2028,1,January,01-Jan-28,Q1,31,1,Monday,False
01-Mar-10,2010,3,March,01-Mar-10,Q1,1,1,Monday,False
08-Mar-10,2010,3,March,01-Mar-10,Q1,8,1,Monday,False
15-Mar-10,2010,3,March,01-Mar-10,Q1,15,1,Monday,False
22-Mar-10,2010,3,March,01-Mar-10,Q1,22,1,Monday,False
29-Mar-10,2010,3,March,01-Mar-10,Q1,29,1,Monday,False
07-Mar-11,2011,3,March,01-Mar-11,Q1,7,1,Monday,False
14-Mar-11,2011,3,March,01-Mar-11,Q1,14,1,Monday,False
21-Mar-11,2011,3,March,01-Mar-11,Q1,21,1,Monday,False
28-Mar-11,2011,3,March,01-Mar-11,Q1,28,1,Monday,False
05-Mar-12,2012,3,March,01-Mar-12,Q1,5,1,Monday,False
12-Mar-12,2012,3,March,01-Mar-12,Q1,12,1,Monday,False
19-Mar-12,2012,3,March,01-Mar-12,Q1,19,1,Monday,False
26-Mar-12,2012,3,March,01-Mar-12,Q1,26,1,Monday,False
04-Mar-13,2013,3,March,01-Mar-13,Q1,4,1,Monday,False
11-Mar-13,2013,3,March,01-Mar-13,Q1,11,1,Monday,False
18-Mar-13,2013,3,March,01-Mar-13,Q1,18,1,Monday,False
25-Mar-13,2013,3,March,01-Mar-13,Q1,25,1,Monday,False
03-Mar-14,2014,3,March,01-Mar-14,Q1,3,1,Monday,False
10-Mar-14,2014,3,March,01-Mar-14,Q1,10,1,Monday,False
17-Mar-14,2014,3,March,01-Mar-14,Q1,17,1,Monday,False
24-Mar-14,2014,3,March,01-Mar-14,Q1,24,1,Monday,False
31-Mar-14,2014,3,March,01-Mar-14,Q1,31,1,Monday,False
02-Mar-15,2015,3,March,01-Mar-15,Q1,2,1,Monday,False
09-Mar-15,2015,3,March,01-Mar-15,Q1,9,1,Monday,False
16-Mar-15,2015,3,March,01-Mar-15,Q1,16,1,Monday,False
23-Mar-15,2015,3,March,01-Mar-15,Q1,23,1,Monday,False
30-Mar-15,2015,3,March,01-Mar-15,Q1,30,1,Monday,False
07-Mar-16,2016,3,March,01-Mar-16,Q1,7,1,Monday,False
14-Mar-16,2016,3,March,01-Mar-16,Q1,14,1,Monday,False
21-Mar-16,2016,3,March,01-Mar-16,Q1,21,1,Monday,False
28-Mar-16,2016,3,March,01-Mar-16,Q1,28,1,Monday,False
06-Mar-17,2017,3,March,01-Mar-17,Q1,6,1,Monday,False
13-Mar-17,2017,3,March,01-Mar-17,Q1,13,1,Monday,False
20-Mar-17,2017,3,March,01-Mar-17,Q1,20,1,Monday,False
27-Mar-17,2017,3,March,01-Mar-17,Q1,27,1,Monday,False
05-Mar-18,2018,3,March,01-Mar-18,Q1,5,1,Monday,False
12-Mar-18,2018,3,March,01-Mar-18,Q1,12,1,Monday,False
19-Mar-18,2018,3,March,01-Mar-18,Q1,19,1,Monday,False
26-Mar-18,2018,3,March,01-Mar-18,Q1,26,1,Monday,False
04-Mar-19,2019,3,March,01-Mar-19,Q1,4,1,Monday,False
11-Mar-19,2019,3,March,01-Mar-19,Q1,11,1,Monday,False
18-Mar-19,2019,3,March,01-Mar-19,Q1,18,1,Monday,False
25-Mar-19,2019,3,March,01-Mar-19,Q1,25,1,Monday,False
02-Mar-20,2020,3,March,01-Mar-20,Q1,2,1,Monday,False
09-Mar-20,2020,3,March,01-Mar-20,Q1,9,1,Monday,False
16-Mar-20,2020,3,March,01-Mar-20,Q1,16,1,Monday,False
23-Mar-20,2020,3,March,01-Mar-20,Q1,23,1,Monday,False
30-Mar-20,2020,3,March,01-Mar-20,Q1,30,1,Monday,False
01-Mar-21,2021,3,March,01-Mar-21,Q1,1,1,Monday,False
08-Mar-21,2021,3,March,01-Mar-21,Q1,8,1,Monday,False
15-Mar-21,2021,3,March,01-Mar-21,Q1,15,1,Monday,False
22-Mar-21,2021,3,March,01-Mar-21,Q1,22,1,Monday,False
29-Mar-21,2021,3,March,01-Mar-21,Q1,29,1,Monday,False
07-Mar-22,2022,3,March,01-Mar-22,Q1,7,1,Monday,False
14-Mar-22,2022,3,March,01-Mar-22,Q1,14,1,Monday,False
21-Mar-22,2022,3,March,01-Mar-22,Q1,21,1,Monday,False
28-Mar-22,2022,3,March,01-Mar-22,Q1,28,1,Monday,False
06-Mar-23,2023,3,March,01-Mar-23,Q1,6,1,Monday,False
13-Mar-23,2023,3,March,01-Mar-23,Q1,13,1,Monday,False
20-Mar-23,2023,3,March,01-Mar-23,Q1,20,1,Monday,False
27-Mar-23,2023,3,March,01-Mar-23,Q1,27,1,Monday,False
04-Mar-24,2024,3,March,01-Mar-24,Q1,4,1,Monday,False
11-Mar-24,2024,3,March,01-Mar-24,Q1,11,1,Monday,False
18-Mar-24,2024,3,March,01-Mar-24,Q1,18,1,Monday,False
25-Mar-24,2024,3,March,01-Mar-24,Q1,25,1,Monday,False
03-Mar-25,2025,3,March,01-Mar-25,Q1,3,1,Monday,False
10-Mar-25,2025,3,March,01-Mar-25,Q1,10,1,Monday,False
17-Mar-25,2025,3,March,01-Mar-25,Q1,17,1,Monday,False
24-Mar-25,2025,3,March,01-Mar-25,Q1,24,1,Monday,False
31-Mar-25,2025,3,March,01-Mar-25,Q1,31,1,Monday,False
02-Mar-26,2026,3,March,01-Mar-26,Q1,2,1,Monday,False
09-Mar-26,2026,3,March,01-Mar-26,Q1,9,1,Monday,False
16-Mar-26,2026,3,March,01-Mar-26,Q1,16,1,Monday,False
23-Mar-26,2026,3,March,01-Mar-26,Q1,23,1,Monday,False
30-Mar-26,2026,3,March,01-Mar-26,Q1,30,1,Monday,False
01-Mar-27,2027,3,March,01-Mar-27,Q1,1,1,Monday,False
08-Mar-27,2027,3,March,01-Mar-27,Q1,8,1,Monday,False
15-Mar-27,2027,3,March,01-Mar-27,Q1,15,1,Monday,False
22-Mar-27,2027,3,March,01-Mar-27,Q1,22,1,Monday,False
29-Mar-27,2027,3,March,01-Mar-27,Q1,29,1,Monday,False
06-Mar-28,2028,3,March,01-Mar-28,Q1,6,1,Monday,False
13-Mar-28,2028,3,March,01-Mar-28,Q1,13,1,Monday,False
20-Mar-28,2028,3,March,01-Mar-28,Q1,20,1,Monday,False
27-Mar-28,2028,3,March,01-Mar-28,Q1,27,1,Monday,False
01-Feb-10,2010,2,February,01-Feb-10,Q1,1,1,Monday,False
08-Feb-10,2010,2,February,01-Feb-10,Q1,8,1,Monday,False
15-Feb-10,2010,2,February,01-Feb-10,Q1,15,1,Monday,False
22-Feb-10,2010,2,February,01-Feb-10,Q1,22,1,Monday,False
07-Feb-11,2011,2,February,01-Feb-11,Q1,7,1,Monday,False
14-Feb-11,2011,2,February,01-Feb-11,Q1,14,1,Monday,False
21-Feb-11,2011,2,February,01-Feb-11,Q1,21,1,Monday,False
28-Feb-11,2011,2,February,01-Feb-11,Q1,28,1,Monday,False
06-Feb-12,2012,2,February,01-Feb-12,Q1,6,1,Monday,False
13-Feb-12,2012,2,February,01-Feb-12,Q1,13,1,Monday,False
20-Feb-12,2012,2,February,01-Feb-12,Q1,20,1,Monday,False
27-Feb-12,2012,2,February,01-Feb-12,Q1,27,1,Monday,False
04-Feb-13,2013,2,February,01-Feb-13,Q1,4,1,Monday,False
11-Feb-13,2013,2,February,01-Feb-13,Q1,11,1,Monday,False
18-Feb-13,2013,2,February,01-Feb-13,Q1,18,1,Monday,False
25-Feb-13,2013,2,February,01-Feb-13,Q1,25,1,Monday,False
03-Feb-14,2014,2,February,01-Feb-14,Q1,3,1,Monday,False
10-Feb-14,2014,2,February,01-Feb-14,Q1,10,1,Monday,False
17-Feb-14,2014,2,February,01-Feb-14,Q1,17,1,Monday,False
24-Feb-14,2014,2,February,01-Feb-14,Q1,24,1,Monday,False
02-Feb-15,2015,2,February,01-Feb-15,Q1,2,1,Monday,False
09-Feb-15,2015,2,February,01-Feb-15,Q1,9,1,Monday,False
16-Feb-15,2015,2,February,01-Feb-15,Q1,16,1,Monday,False
23-Feb-15,2015,2,February,01-Feb-15,Q1,23,1,Monday,False
01-Feb-16,2016,2,February,01-Feb-16,Q1,1,1,Monday,False
08-Feb-16,2016,2,February,01-Feb-16,Q1,8,1,Monday,False
15-Feb-16,2016,2,February,01-Feb-16,Q1,15,1,Monday,False
22-Feb-16,2016,2,February,01-Feb-16,Q1,22,1,Monday,False
29-Feb-16,2016,2,February,01-Feb-16,Q1,29,1,Monday,False
06-Feb-17,2017,2,February,01-Feb-17,Q1,6,1,Monday,False
13-Feb-17,2017,2,February,01-Feb-17,Q1,13,1,Monday,False
20-Feb-17,2017,2,February,01-Feb-17,Q1,20,1,Monday,False
27-Feb-17,2017,2,February,01-Feb-17,Q1,27,1,Monday,False
05-Feb-18,2018,2,February,01-Feb-18,Q1,5,1,Monday,False
12-Feb-18,2018,2,February,01-Feb-18,Q1,12,1,Monday,False
19-Feb-18,2018,2,February,01-Feb-18,Q1,19,1,Monday,False
26-Feb-18,2018,2,February,01-Feb-18,Q1,26,1,Monday,False
04-Feb-19,2019,2,February,01-Feb-19,Q1,4,1,Monday,False
11-Feb-19,2019,2,February,01-Feb-19,Q1,11,1,Monday,False
18-Feb-19,2019,2,February,01-Feb-19,Q1,18,1,Monday,False
25-Feb-19,2019,2,February,01-Feb-19,Q1,25,1,Monday,False
03-Feb-20,2020,2,February,01-Feb-20,Q1,3,1,Monday,False
10-Feb-20,2020,2,February,01-Feb-20,Q1,10,1,Monday,False
17-Feb-20,2020,2,February,01-Feb-20,Q1,17,1,Monday,False
24-Feb-20,2020,2,February,01-Feb-20,Q1,24,1,Monday,False
01-Feb-21,2021,2,February,01-Feb-21,Q1,1,1,Monday,False
08-Feb-21,2021,2,February,01-Feb-21,Q1,8,1,Monday,False
15-Feb-21,2021,2,February,01-Feb-21,Q1,15,1,Monday,False
22-Feb-21,2021,2,February,01-Feb-21,Q1,22,1,Monday,False
07-Feb-22,2022,2,February,01-Feb-22,Q1,7,1,Monday,False
14-Feb-22,2022,2,February,01-Feb-22,Q1,14,1,Monday,False
21-Feb-22,2022,2,February,01-Feb-22,Q1,21,1,Monday,False
28-Feb-22,2022,2,February,01-Feb-22,Q1,28,1,Monday,False
06-Feb-23,2023,2,February,01-Feb-23,Q1,6,1,Monday,False
13-Feb-23,2023,2,February,01-Feb-23,Q1,13,1,Monday,False
20-Feb-23,2023,2,February,01-Feb-23,Q1,20,1,Monday,False
27-Feb-23,2023,2,February,01-Feb-23,Q1,27,1,Monday,False
05-Feb-24,2024,2,February,01-Feb-24,Q1,5,1,Monday,False
12-Feb-24,2024,2,February,01-Feb-24,Q1,12,1,Monday,False
19-Feb-24,2024,2,February,01-Feb-24,Q1,19,1,Monday,False
26-Feb-24,2024,2,February,01-Feb-24,Q1,26,1,Monday,False
03-Feb-25,2025,2,February,01-Feb-25,Q1,3,1,Monday,False
10-Feb-25,2025,2,February,01-Feb-25,Q1,10,1,Monday,False
17-Feb-25,2025,2,February,01-Feb-25,Q1,17,1,Monday,False
24-Feb-25,2025,2,February,01-Feb-25,Q1,24,1,Monday,False
02-Feb-26,2026,2,February,01-Feb-26,Q1,2,1,Monday,False
09-Feb-26,2026,2,February,01-Feb-26,Q1,9,1,Monday,False
16-Feb-26,2026,2,February,01-Feb-26,Q1,16,1,Monday,False
23-Feb-26,2026,2,February,01-Feb-26,Q1,23,1,Monday,False
01-Feb-27,2027,2,February,01-Feb-27,Q1,1,1,Monday,False
08-Feb-27,2027,2,February,01-Feb-27,Q1,8,1,Monday,False
15-Feb-27,2027,2,February,01-Feb-27,Q1,15,1,Monday,False
22-Feb-27,2027,2,February,01-Feb-27,Q1,22,1,Monday,False
07-Feb-28,2028,2,February,01-Feb-28,Q1,7,1,Monday,False
14-Feb-28,2028,2,February,01-Feb-28,Q1,14,1,Monday,False
21-Feb-28,2028,2,February,01-Feb-28,Q1,21,1,Monday,False
28-Feb-28,2028,2,February,01-Feb-28,Q1,28,1,Monday,False
07-Jun-10,2010,6,June,01-Jun-10,Q2,7,1,Monday,False
14-Jun-10,2010,6,June,01-Jun-10,Q2,14,1,Monday,False
21-Jun-10,2010,6,June,01-Jun-10,Q2,21,1,Monday,False
28-Jun-10,2010,6,June,01-Jun-10,Q2,28,1,Monday,False
06-Jun-11,2011,6,June,01-Jun-11,Q2,6,1,Monday,False
13-Jun-11,2011,6,June,01-Jun-11,Q2,13,1,Monday,False
20-Jun-11,2011,6,June,01-Jun-11,Q2,20,1,Monday,False
27-Jun-11,2011,6,June,01-Jun-11,Q2,27,1,Monday,False
04-Jun-12,2012,6,June,01-Jun-12,Q2,4,1,Monday,False
11-Jun-12,2012,6,June,01-Jun-12,Q2,11,1,Monday,False
18-Jun-12,2012,6,June,01-Jun-12,Q2,18,1,Monday,False
25-Jun-12,2012,6,June,01-Jun-12,Q2,25,1,Monday,False
03-Jun-13,2013,6,June,01-Jun-13,Q2,3,1,Monday,False
10-Jun-13,2013,6,June,01-Jun-13,Q2,10,1,Monday,False
17-Jun-13,2013,6,June,01-Jun-13,Q2,17,1,Monday,False
24-Jun-13,2013,6,June,01-Jun-13,Q2,24,1,Monday,False
02-Jun-14,2014,6,June,01-Jun-14,Q2,2,1,Monday,False
09-Jun-14,2014,6,June,01-Jun-14,Q2,9,1,Monday,False
16-Jun-14,2014,6,June,01-Jun-14,Q2,16,1,Monday,False
23-Jun-14,2014,6,June,01-Jun-14,Q2,23,1,Monday,False
30-Jun-14,2014,6,June,01-Jun-14,Q2,30,1,Monday,False
01-Jun-15,2015,6,June,01-Jun-15,Q2,1,1,Monday,False
08-Jun-15,2015,6,June,01-Jun-15,Q2,8,1,Monday,False
15-Jun-15,2015,6,June,01-Jun-15,Q2,15,1,Monday,False
22-Jun-15,2015,6,June,01-Jun-15,Q2,22,1,Monday,False
29-Jun-15,2015,6,June,01-Jun-15,Q2,29,1,Monday,False
06-Jun-16,2016,6,June,01-Jun-16,Q2,6,1,Monday,False
13-Jun-16,2016,6,June,01-Jun-16,Q2,13,1,Monday,False
20-Jun-16,2016,6,June,01-Jun-16,Q2,20,1,Monday,False
27-Jun-16,2016,6,June,01-Jun-16,Q2,27,1,Monday,False
05-Jun-17,2017,6,June,01-Jun-17,Q2,5,1,Monday,False
12-Jun-17,2017,6,June,01-Jun-17,Q2,12,1,Monday,False
19-Jun-17,2017,6,June,01-Jun-17,Q2,19,1,Monday,False
26-Jun-17,2017,6,June,01-Jun-17,Q2,26,1,Monday,False
04-Jun-18,2018,6,June,01-Jun-18,Q2,4,1,Monday,False
11-Jun-18,2018,6,June,01-Jun-18,Q2,11,1,Monday,False
18-Jun-18,2018,6,June,01-Jun-18,Q2,18,1,Monday,False
25-Jun-18,2018,6,June,01-Jun-18,Q2,25,1,Monday,False
03-Jun-19,2019,6,June,01-Jun-19,Q2,3,1,Monday,False
10-Jun-19,2019,6,June,01-Jun-19,Q2,10,1,Monday,False
17-Jun-19,2019,6,June,01-Jun-19,Q2,17,1,Monday,False
24-Jun-19,2019,6,June,01-Jun-19,Q2,24,1,Monday,False
01-Jun-20,2020,6,June,01-Jun-20,Q2,1,1,Monday,False
08-Jun-20,2020,6,June,01-Jun-20,Q2,8,1,Monday,False
15-Jun-20,2020,6,June,01-Jun-20,Q2,15,1,Monday,False
22-Jun-20,2020,6,June,01-Jun-20,Q2,22,1,Monday,False
29-Jun-20,2020,6,June,01-Jun-20,Q2,29,1,Monday,False
07-Jun-21,2021,6,June,01-Jun-21,Q2,7,1,Monday,False
14-Jun-21,2021,6,June,01-Jun-21,Q2,14,1,Monday,False
21-Jun-21,2021,6,June,01-Jun-21,Q2,21,1,Monday,False
28-Jun-21,2021,6,June,01-Jun-21,Q2,28,1,Monday,False
06-Jun-22,2022,6,June,01-Jun-22,Q2,6,1,Monday,False
13-Jun-22,2022,6,June,01-Jun-22,Q2,13,1,Monday,False
20-Jun-22,2022,6,June,01-Jun-22,Q2,20,1,Monday,False
27-Jun-22,2022,6,June,01-Jun-22,Q2,27,1,Monday,False
05-Jun-23,2023,6,June,01-Jun-23,Q2,5,1,Monday,False
12-Jun-23,2023,6,June,01-Jun-23,Q2,12,1,Monday,False
19-Jun-23,2023,6,June,01-Jun-23,Q2,19,1,Monday,False
26-Jun-23,2023,6,June,01-Jun-23,Q2,26,1,Monday,False
03-Jun-24,2024,6,June,01-Jun-24,Q2,3,1,Monday,False
10-Jun-24,2024,6,June,01-Jun-24,Q2,10,1,Monday,False
17-Jun-24,2024,6,June,01-Jun-24,Q2,17,1,Monday,False
24-Jun-24,2024,6,June,01-Jun-24,Q2,24,1,Monday,False
02-Jun-25,2025,6,June,01-Jun-25,Q2,2,1,Monday,False
09-Jun-25,2025,6,June,01-Jun-25,Q2,9,1,Monday,False
16-Jun-25,2025,6,June,01-Jun-25,Q2,16,1,Monday,False
23-Jun-25,2025,6,June,01-Jun-25,Q2,23,1,Monday,False
30-Jun-25,2025,6,June,01-Jun-25,Q2,30,1,Monday,False
01-Jun-26,2026,6,June,01-Jun-26,Q2,1,1,Monday,False
08-Jun-26,2026,6,June,01-Jun-26,Q2,8,1,Monday,False
15-Jun-26,2026,6,June,01-Jun-26,Q2,15,1,Monday,False
22-Jun-26,2026,6,June,01-Jun-26,Q2,22,1,Monday,False
29-Jun-26,2026,6,June,01-Jun-26,Q2,29,1,Monday,False
07-Jun-27,2027,6,June,01-Jun-27,Q2,7,1,Monday,False
14-Jun-27,2027,6,June,01-Jun-27,Q2,14,1,Monday,False
21-Jun-27,2027,6,June,01-Jun-27,Q2,21,1,Monday,False
28-Jun-27,2027,6,June,01-Jun-27,Q2,28,1,Monday,False
05-Jun-28,2028,6,June,01-Jun-28,Q2,5,1,Monday,False
12-Jun-28,2028,6,June,01-Jun-28,Q2,12,1,Monday,False
19-Jun-28,2028,6,June,01-Jun-28,Q2,19,1,Monday,False
26-Jun-28,2028,6,June,01-Jun-28,Q2,26,1,Monday,False
05-Apr-10,2010,4,April,01-Apr-10,Q2,5,1,Monday,False
12-Apr-10,2010,4,April,01-Apr-10,Q2,12,1,Monday,False
19-Apr-10,2010,4,April,01-Apr-10,Q2,19,1,Monday,False
26-Apr-10,2010,4,April,01-Apr-10,Q2,26,1,Monday,False
04-Apr-11,2011,4,April,01-Apr-11,Q2,4,1,Monday,False
11-Apr-11,2011,4,April,01-Apr-11,Q2,11,1,Monday,False
18-Apr-11,2011,4,April,01-Apr-11,Q2,18,1,Monday,False
25-Apr-11,2011,4,April,01-Apr-11,Q2,25,1,Monday,False
02-Apr-12,2012,4,April,01-Apr-12,Q2,2,1,Monday,False
09-Apr-12,2012,4,April,01-Apr-12,Q2,9,1,Monday,False
16-Apr-12,2012,4,April,01-Apr-12,Q2,16,1,Monday,False
23-Apr-12,2012,4,April,01-Apr-12,Q2,23,1,Monday,False
30-Apr-12,2012,4,April,01-Apr-12,Q2,30,1,Monday,False
01-Apr-13,2013,4,April,01-Apr-13,Q2,1,1,Monday,False
08-Apr-13,2013,4,April,01-Apr-13,Q2,8,1,Monday,False
15-Apr-13,2013,4,April,01-Apr-13,Q2,15,1,Monday,False
22-Apr-13,2013,4,April,01-Apr-13,Q2,22,1,Monday,False
29-Apr-13,2013,4,April,01-Apr-13,Q2,29,1,Monday,False
07-Apr-14,2014,4,April,01-Apr-14,Q2,7,1,Monday,False
14-Apr-14,2014,4,April,01-Apr-14,Q2,14,1,Monday,False
21-Apr-14,2014,4,April,01-Apr-14,Q2,21,1,Monday,False
28-Apr-14,2014,4,April,01-Apr-14,Q2,28,1,Monday,False
06-Apr-15,2015,4,April,01-Apr-15,Q2,6,1,Monday,False
13-Apr-15,2015,4,April,01-Apr-15,Q2,13,1,Monday,False
20-Apr-15,2015,4,April,01-Apr-15,Q2,20,1,Monday,False
27-Apr-15,2015,4,April,01-Apr-15,Q2,27,1,Monday,False
04-Apr-16,2016,4,April,01-Apr-16,Q2,4,1,Monday,False
11-Apr-16,2016,4,April,01-Apr-16,Q2,11,1,Monday,False
18-Apr-16,2016,4,April,01-Apr-16,Q2,18,1,Monday,False
25-Apr-16,2016,4,April,01-Apr-16,Q2,25,1,Monday,False
03-Apr-17,2017,4,April,01-Apr-17,Q2,3,1,Monday,False
10-Apr-17,2017,4,April,01-Apr-17,Q2,10,1,Monday,False
17-Apr-17,2017,4,April,01-Apr-17,Q2,17,1,Monday,False
24-Apr-17,2017,4,April,01-Apr-17,Q2,24,1,Monday,False
02-Apr-18,2018,4,April,01-Apr-18,Q2,2,1,Monday,False
09-Apr-18,2018,4,April,01-Apr-18,Q2,9,1,Monday,False
16-Apr-18,2018,4,April,01-Apr-18,Q2,16,1,Monday,False
23-Apr-18,2018,4,April,01-Apr-18,Q2,23,1,Monday,False
30-Apr-18,2018,4,April,01-Apr-18,Q2,30,1,Monday,False
01-Apr-19,2019,4,April,01-Apr-19,Q2,1,1,Monday,False
08-Apr-19,2019,4,April,01-Apr-19,Q2,8,1,Monday,False
15-Apr-19,2019,4,April,01-Apr-19,Q2,15,1,Monday,False
22-Apr-19,2019,4,April,01-Apr-19,Q2,22,1,Monday,False
29-Apr-19,2019,4,April,01-Apr-19,Q2,29,1,Monday,False
06-Apr-20,2020,4,April,01-Apr-20,Q2,6,1,Monday,False
13-Apr-20,2020,4,April,01-Apr-20,Q2,13,1,Monday,False
20-Apr-20,2020,4,April,01-Apr-20,Q2,20,1,Monday,False
27-Apr-20,2020,4,April,01-Apr-20,Q2,27,1,Monday,False
05-Apr-21,2021,4,April,01-Apr-21,Q2,5,1,Monday,False
12-Apr-21,2021,4,April,01-Apr-21,Q2,12,1,Monday,False
19-Apr-21,2021,4,April,01-Apr-21,Q2,19,1,Monday,False
26-Apr-21,2021,4,April,01-Apr-21,Q2,26,1,Monday,False
04-Apr-22,2022,4,April,01-Apr-22,Q2,4,1,Monday,False
11-Apr-22,2022,4,April,01-Apr-22,Q2,11,1,Monday,False
18-Apr-22,2022,4,April,01-Apr-22,Q2,18,1,Monday,False
25-Apr-22,2022,4,April,01-Apr-22,Q2,25,1,Monday,False
03-Apr-23,2023,4,April,01-Apr-23,Q2,3,1,Monday,False
10-Apr-23,2023,4,April,01-Apr-23,Q2,10,1,Monday,False
17-Apr-23,2023,4,April,01-Apr-23,Q2,17,1,Monday,False
24-Apr-23,2023,4,April,01-Apr-23,Q2,24,1,Monday,False
01-Apr-24,2024,4,April,01-Apr-24,Q2,1,1,Monday,False
08-Apr-24,2024,4,April,01-Apr-24,Q2,8,1,Monday,False
15-Apr-24,2024,4,April,01-Apr-24,Q2,15,1,Monday,False
22-Apr-24,2024,4,April,01-Apr-24,Q2,22,1,Monday,False
29-Apr-24,2024,4,April,01-Apr-24,Q2,29,1,Monday,False
07-Apr-25,2025,4,April,01-Apr-25,Q2,7,1,Monday,False
14-Apr-25,2025,4,April,01-Apr-25,Q2,14,1,Monday,False
21-Apr-25,2025,4,April,01-Apr-25,Q2,21,1,Monday,False
28-Apr-25,2025,4,April,01-Apr-25,Q2,28,1,Monday,False
06-Apr-26,2026,4,April,01-Apr-26,Q2,6,1,Monday,False
13-Apr-26,2026,4,April,01-Apr-26,Q2,13,1,Monday,False
20-Apr-26,2026,4,April,01-Apr-26,Q2,20,1,Monday,False
27-Apr-26,2026,4,April,01-Apr-26,Q2,27,1,Monday,False
05-Apr-27,2027,4,April,01-Apr-27,Q2,5,1,Monday,False
12-Apr-27,2027,4,April,01-Apr-27,Q2,12,1,Monday,False
19-Apr-27,2027,4,April,01-Apr-27,Q2,19,1,Monday,False
26-Apr-27,2027,4,April,01-Apr-27,Q2,26,1,Monday,False
03-Apr-28,2028,4,April,01-Apr-28,Q2,3,1,Monday,False
10-Apr-28,2028,4,April,01-Apr-28,Q2,10,1,Monday,False
17-Apr-28,2028,4,April,01-Apr-28,Q2,17,1,Monday,False
24-Apr-28,2028,4,April,01-Apr-28,Q2,24,1,Monday,False
03-May-10,2010,5,May,01-May-10,Q2,3,1,Monday,False
10-May-10,2010,5,May,01-May-10,Q2,10,1,Monday,False
17-May-10,2010,5,May,01-May-10,Q2,17,1,Monday,False
24-May-10,2010,5,May,01-May-10,Q2,24,1,Monday,False
31-May-10,2010,5,May,01-May-10,Q2,31,1,Monday,False
02-May-11,2011,5,May,01-May-11,Q2,2,1,Monday,False
09-May-11,2011,5,May,01-May-11,Q2,9,1,Monday,False
16-May-11,2011,5,May,01-May-11,Q2,16,1,Monday,False
23-May-11,2011,5,May,01-May-11,Q2,23,1,Monday,False
30-May-11,2011,5,May,01-May-11,Q2,30,1,Monday,False
07-May-12,2012,5,May,01-May-12,Q2,7,1,Monday,False
14-May-12,2012,5,May,01-May-12,Q2,14,1,Monday,False
21-May-12,2012,5,May,01-May-12,Q2,21,1,Monday,False
28-May-12,2012,5,May,01-May-12,Q2,28,1,Monday,False
06-May-13,2013,5,May,01-May-13,Q2,6,1,Monday,False
13-May-13,2013,5,May,01-May-13,Q2,13,1,Monday,False
20-May-13,2013,5,May,01-May-13,Q2,20,1,Monday,False
27-May-13,2013,5,May,01-May-13,Q2,27,1,Monday,False
05-May-14,2014,5,May,01-May-14,Q2,5,1,Monday,False
12-May-14,2014,5,May,01-May-14,Q2,12,1,Monday,False
19-May-14,2014,5,May,01-May-14,Q2,19,1,Monday,False
26-May-14,2014,5,May,01-May-14,Q2,26,1,Monday,False
04-May-15,2015,5,May,01-May-15,Q2,4,1,Monday,False
11-May-15,2015,5,May,01-May-15,Q2,11,1,Monday,False
18-May-15,2015,5,May,01-May-15,Q2,18,1,Monday,False
25-May-15,2015,5,May,01-May-15,Q2,25,1,Monday,False
02-May-16,2016,5,May,01-May-16,Q2,2,1,Monday,False
09-May-16,2016,5,May,01-May-16,Q2,9,1,Monday,False
16-May-16,2016,5,May,01-May-16,Q2,16,1,Monday,False
23-May-16,2016,5,May,01-May-16,Q2,23,1,Monday,False
30-May-16,2016,5,May,01-May-16,Q2,30,1,Monday,False
01-May-17,2017,5,May,01-May-17,Q2,1,1,Monday,False
08-May-17,2017,5,May,01-May-17,Q2,8,1,Monday,False
15-May-17,2017,5,May,01-May-17,Q2,15,1,Monday,False
22-May-17,2017,5,May,01-May-17,Q2,22,1,Monday,False
29-May-17,2017,5,May,01-May-17,Q2,29,1,Monday,False
07-May-18,2018,5,May,01-May-18,Q2,7,1,Monday,False
14-May-18,2018,5,May,01-May-18,Q2,14,1,Monday,False
21-May-18,2018,5,May,01-May-18,Q2,21,1,Monday,False
28-May-18,2018,5,May,01-May-18,Q2,28,1,Monday,False
06-May-19,2019,5,May,01-May-19,Q2,6,1,Monday,False
13-May-19,2019,5,May,01-May-19,Q2,13,1,Monday,False
20-May-19,2019,5,May,01-May-19,Q2,20,1,Monday,False
27-May-19,2019,5,May,01-May-19,Q2,27,1,Monday,False
04-May-20,2020,5,May,01-May-20,Q2,4,1,Monday,False
11-May-20,2020,5,May,01-May-20,Q2,11,1,Monday,False
18-May-20,2020,5,May,01-May-20,Q2,18,1,Monday,False
25-May-20,2020,5,May,01-May-20,Q2,25,1,Monday,False
03-May-21,2021,5,May,01-May-21,Q2,3,1,Monday,False
10-May-21,2021,5,May,01-May-21,Q2,10,1,Monday,False
17-May-21,2021,5,May,01-May-21,Q2,17,1,Monday,False
24-May-21,2021,5,May,01-May-21,Q2,24,1,Monday,False
31-May-21,2021,5,May,01-May-21,Q2,31,1,Monday,False
02-May-22,2022,5,May,01-May-22,Q2,2,1,Monday,False
09-May-22,2022,5,May,01-May-22,Q2,9,1,Monday,False
16-May-22,2022,5,May,01-May-22,Q2,16,1,Monday,False
23-May-22,2022,5,May,01-May-22,Q2,23,1,Monday,False
30-May-22,2022,5,May,01-May-22,Q2,30,1,Monday,False
01-May-23,2023,5,May,01-May-23,Q2,1,1,Monday,False
08-May-23,2023,5,May,01-May-23,Q2,8,1,Monday,False
15-May-23,2023,5,May,01-May-23,Q2,15,1,Monday,False
22-May-23,2023,5,May,01-May-23,Q2,22,1,Monday,False
29-May-23,2023,5,May,01-May-23,Q2,29,1,Monday,False
06-May-24,2024,5,May,01-May-24,Q2,6,1,Monday,False
13-May-24,2024,5,May,01-May-24,Q2,13,1,Monday,False
20-May-24,2024,5,May,01-May-24,Q2,20,1,Monday,False
27-May-24,2024,5,May,01-May-24,Q2,27,1,Monday,False
05-May-25,2025,5,May,01-May-25,Q2,5,1,Monday,False
12-May-25,2025,5,May,01-May-25,Q2,12,1,Monday,False
19-May-25,2025,5,May,01-May-25,Q2,19,1,Monday,False
26-May-25,2025,5,May,01-May-25,Q2,26,1,Monday,False
04-May-26,2026,5,May,01-May-26,Q2,4,1,Monday,False
11-May-26,2026,5,May,01-May-26,Q2,11,1,Monday,False
18-May-26,2026,5,May,01-May-26,Q2,18,1,Monday,False
25-May-26,2026,5,May,01-May-26,Q2,25,1,Monday,False
03-May-27,2027,5,May,01-May-27,Q2,3,1,Monday,False
10-May-27,2027,5,May,01-May-27,Q2,10,1,Monday,False
17-May-27,2027,5,May,01-May-27,Q2,17,1,Monday,False
24-May-27,2027,5,May,01-May-27,Q2,24,1,Monday,False
31-May-27,2027,5,May,01-May-27,Q2,31,1,Monday,False
01-May-28,2028,5,May,01-May-28,Q2,1,1,Monday,False
08-May-28,2028,5,May,01-May-28,Q2,8,1,Monday,False
15-May-28,2028,5,May,01-May-28,Q2,15,1,Monday,False
22-May-28,2028,5,May,01-May-28,Q2,22,1,Monday,False
29-May-28,2028,5,May,01-May-28,Q2,29,1,Monday,False
01-Nov-10,2010,11,November,01-Nov-10,Q4,1,1,Monday,False
08-Nov-10,2010,11,November,01-Nov-10,Q4,8,1,Monday,False
15-Nov-10,2010,11,November,01-Nov-10,Q4,15,1,Monday,False
22-Nov-10,2010,11,November,01-Nov-10,Q4,22,1,Monday,False
29-Nov-10,2010,11,November,01-Nov-10,Q4,29,1,Monday,False
07-Nov-11,2011,11,November,01-Nov-11,Q4,7,1,Monday,False
14-Nov-11,2011,11,November,01-Nov-11,Q4,14,1,Monday,False
21-Nov-11,2011,11,November,01-Nov-11,Q4,21,1,Monday,False
28-Nov-11,2011,11,November,01-Nov-11,Q4,28,1,Monday,False
05-Nov-12,2012,11,November,01-Nov-12,Q4,5,1,Monday,False
12-Nov-12,2012,11,November,01-Nov-12,Q4,12,1,Monday,False
19-Nov-12,2012,11,November,01-Nov-12,Q4,19,1,Monday,False
26-Nov-12,2012,11,November,01-Nov-12,Q4,26,1,Monday,False
04-Nov-13,2013,11,November,01-Nov-13,Q4,4,1,Monday,False
11-Nov-13,2013,11,November,01-Nov-13,Q4,11,1,Monday,False
18-Nov-13,2013,11,November,01-Nov-13,Q4,18,1,Monday,False
25-Nov-13,2013,11,November,01-Nov-13,Q4,25,1,Monday,False
03-Nov-14,2014,11,November,01-Nov-14,Q4,3,1,Monday,False
10-Nov-14,2014,11,November,01-Nov-14,Q4,10,1,Monday,False
17-Nov-14,2014,11,November,01-Nov-14,Q4,17,1,Monday,False
24-Nov-14,2014,11,November,01-Nov-14,Q4,24,1,Monday,False
02-Nov-15,2015,11,November,01-Nov-15,Q4,2,1,Monday,False
09-Nov-15,2015,11,November,01-Nov-15,Q4,9,1,Monday,False
16-Nov-15,2015,11,November,01-Nov-15,Q4,16,1,Monday,False
23-Nov-15,2015,11,November,01-Nov-15,Q4,23,1,Monday,False
30-Nov-15,2015,11,November,01-Nov-15,Q4,30,1,Monday,False
07-Nov-16,2016,11,November,01-Nov-16,Q4,7,1,Monday,False
14-Nov-16,2016,11,November,01-Nov-16,Q4,14,1,Monday,False
21-Nov-16,2016,11,November,01-Nov-16,Q4,21,1,Monday,False
28-Nov-16,2016,11,November,01-Nov-16,Q4,28,1,Monday,False
06-Nov-17,2017,11,November,01-Nov-17,Q4,6,1,Monday,False
13-Nov-17,2017,11,November,01-Nov-17,Q4,13,1,Monday,False
20-Nov-17,2017,11,November,01-Nov-17,Q4,20,1,Monday,False
27-Nov-17,2017,11,November,01-Nov-17,Q4,27,1,Monday,False
05-Nov-18,2018,11,November,01-Nov-18,Q4,5,1,Monday,False
12-Nov-18,2018,11,November,01-Nov-18,Q4,12,1,Monday,False
19-Nov-18,2018,11,November,01-Nov-18,Q4,19,1,Monday,False
26-Nov-18,2018,11,November,01-Nov-18,Q4,26,1,Monday,False
04-Nov-19,2019,11,November,01-Nov-19,Q4,4,1,Monday,False
11-Nov-19,2019,11,November,01-Nov-19,Q4,11,1,Monday,False
18-Nov-19,2019,11,November,01-Nov-19,Q4,18,1,Monday,False
25-Nov-19,2019,11,November,01-Nov-19,Q4,25,1,Monday,False
02-Nov-20,2020,11,November,01-Nov-20,Q4,2,1,Monday,False
09-Nov-20,2020,11,November,01-Nov-20,Q4,9,1,Monday,False
16-Nov-20,2020,11,November,01-Nov-20,Q4,16,1,Monday,False
23-Nov-20,2020,11,November,01-Nov-20,Q4,23,1,Monday,False
30-Nov-20,2020,11,November,01-Nov-20,Q4,30,1,Monday,False
01-Nov-21,2021,11,November,01-Nov-21,Q4,1,1,Monday,False
08-Nov-21,2021,11,November,01-Nov-21,Q4,8,1,Monday,False
15-Nov-21,2021,11,November,01-Nov-21,Q4,15,1,Monday,False
22-Nov-21,2021,11,November,01-Nov-21,Q4,22,1,Monday,False
29-Nov-21,2021,11,November,01-Nov-21,Q4,29,1,Monday,False
07-Nov-22,2022,11,November,01-Nov-22,Q4,7,1,Monday,False
14-Nov-22,2022,11,November,01-Nov-22,Q4,14,1,Monday,False
21-Nov-22,2022,11,November,01-Nov-22,Q4,21,1,Monday,False
28-Nov-22,2022,11,November,01-Nov-22,Q4,28,1,Monday,False
06-Nov-23,2023,11,November,01-Nov-23,Q4,6,1,Monday,False
13-Nov-23,2023,11,November,01-Nov-23,Q4,13,1,Monday,False
20-Nov-23,2023,11,November,01-Nov-23,Q4,20,1,Monday,False
27-Nov-23,2023,11,November,01-Nov-23,Q4,27,1,Monday,False
04-Nov-24,2024,11,November,01-Nov-24,Q4,4,1,Monday,False
11-Nov-24,2024,11,November,01-Nov-24,Q4,11,1,Monday,False
18-Nov-24,2024,11,November,01-Nov-24,Q4,18,1,Monday,False
25-Nov-24,2024,11,November,01-Nov-24,Q4,25,1,Monday,False
03-Nov-25,2025,11,November,01-Nov-25,Q4,3,1,Monday,False
10-Nov-25,2025,11,November,01-Nov-25,Q4,10,1,Monday,False
17-Nov-25,2025,11,November,01-Nov-25,Q4,17,1,Monday,False
24-Nov-25,2025,11,November,01-Nov-25,Q4,24,1,Monday,False
02-Nov-26,2026,11,November,01-Nov-26,Q4,2,1,Monday,False
09-Nov-26,2026,11,November,01-Nov-26,Q4,9,1,Monday,False
16-Nov-26,2026,11,November,01-Nov-26,Q4,16,1,Monday,False
23-Nov-26,2026,11,November,01-Nov-26,Q4,23,1,Monday,False
30-Nov-26,2026,11,November,01-Nov-26,Q4,30,1,Monday,False
01-Nov-27,2027,11,November,01-Nov-27,Q4,1,1,Monday,False
08-Nov-27,2027,11,November,01-Nov-27,Q4,8,1,Monday,False
15-Nov-27,2027,11,November,01-Nov-27,Q4,15,1,Monday,False
22-Nov-27,2027,11,November,01-Nov-27,Q4,22,1,Monday,False
29-Nov-27,2027,11,November,01-Nov-27,Q4,29,1,Monday,False
06-Nov-28,2028,11,November,01-Nov-28,Q4,6,1,Monday,False
13-Nov-28,2028,11,November,01-Nov-28,Q4,13,1,Monday,False
20-Nov-28,2028,11,November,01-Nov-28,Q4,20,1,Monday,False
27-Nov-28,2028,11,November,01-Nov-28,Q4,27,1,Monday,False
06-Dec-10,2010,12,December,01-Dec-10,Q4,6,1,Monday,False
13-Dec-10,2010,12,December,01-Dec-10,Q4,13,1,Monday,False
20-Dec-10,2010,12,December,01-Dec-10,Q4,20,1,Monday,False
27-Dec-10,2010,12,December,01-Dec-10,Q4,27,1,Monday,False
05-Dec-11,2011,12,December,01-Dec-11,Q4,5,1,Monday,False
12-Dec-11,2011,12,December,01-Dec-11,Q4,12,1,Monday,False
19-Dec-11,2011,12,December,01-Dec-11,Q4,19,1,Monday,False
26-Dec-11,2011,12,December,01-Dec-11,Q4,26,1,Monday,False
03-Dec-12,2012,12,December,01-Dec-12,Q4,3,1,Monday,False
10-Dec-12,2012,12,December,01-Dec-12,Q4,10,1,Monday,False
17-Dec-12,2012,12,December,01-Dec-12,Q4,17,1,Monday,False
24-Dec-12,2012,12,December,01-Dec-12,Q4,24,1,Monday,False
31-Dec-12,2012,12,December,01-Dec-12,Q4,31,1,Monday,False
02-Dec-13,2013,12,December,01-Dec-13,Q4,2,1,Monday,False
09-Dec-13,2013,12,December,01-Dec-13,Q4,9,1,Monday,False
16-Dec-13,2013,12,December,01-Dec-13,Q4,16,1,Monday,False
23-Dec-13,2013,12,December,01-Dec-13,Q4,23,1,Monday,False
30-Dec-13,2013,12,December,01-Dec-13,Q4,30,1,Monday,False
01-Dec-14,2014,12,December,01-Dec-14,Q4,1,1,Monday,False
08-Dec-14,2014,12,December,01-Dec-14,Q4,8,1,Monday,False
15-Dec-14,2014,12,December,01-Dec-14,Q4,15,1,Monday,False
22-Dec-14,2014,12,December,01-Dec-14,Q4,22,1,Monday,False
29-Dec-14,2014,12,December,01-Dec-14,Q4,29,1,Monday,False
07-Dec-15,2015,12,December,01-Dec-15,Q4,7,1,Monday,False
14-Dec-15,2015,12,December,01-Dec-15,Q4,14,1,Monday,False
21-Dec-15,2015,12,December,01-Dec-15,Q4,21,1,Monday,False
28-Dec-15,2015,12,December,01-Dec-15,Q4,28,1,Monday,False
05-Dec-16,2016,12,December,01-Dec-16,Q4,5,1,Monday,False
12-Dec-16,2016,12,December,01-Dec-16,Q4,12,1,Monday,False
19-Dec-16,2016,12,December,01-Dec-16,Q4,19,1,Monday,False
26-Dec-16,2016,12,December,01-Dec-16,Q4,26,1,Monday,False
04-Dec-17,2017,12,December,01-Dec-17,Q4,4,1,Monday,False
11-Dec-17,2017,12,December,01-Dec-17,Q4,11,1,Monday,False
18-Dec-17,2017,12,December,01-Dec-17,Q4,18,1,Monday,False
25-Dec-17,2017,12,December,01-Dec-17,Q4,25,1,Monday,False
03-Dec-18,2018,12,December,01-Dec-18,Q4,3,1,Monday,False
10-Dec-18,2018,12,December,01-Dec-18,Q4,10,1,Monday,False
17-Dec-18,2018,12,December,01-Dec-18,Q4,17,1,Monday,False
24-Dec-18,2018,12,December,01-Dec-18,Q4,24,1,Monday,False
31-Dec-18,2018,12,December,01-Dec-18,Q4,31,1,Monday,False
02-Dec-19,2019,12,December,01-Dec-19,Q4,2,1,Monday,False
09-Dec-19,2019,12,December,01-Dec-19,Q4,9,1,Monday,False
16-Dec-19,2019,12,December,01-Dec-19,Q4,16,1,Monday,False
23-Dec-19,2019,12,December,01-Dec-19,Q4,23,1,Monday,False
30-Dec-19,2019,12,December,01-Dec-19,Q4,30,1,Monday,False
07-Dec-20,2020,12,December,01-Dec-20,Q4,7,1,Monday,False
14-Dec-20,2020,12,December,01-Dec-20,Q4,14,1,Monday,False
21-Dec-20,2020,12,December,01-Dec-20,Q4,21,1,Monday,False
28-Dec-20,2020,12,December,01-Dec-20,Q4,28,1,Monday,False
06-Dec-21,2021,12,December,01-Dec-21,Q4,6,1,Monday,False
13-Dec-21,2021,12,December,01-Dec-21,Q4,13,1,Monday,False
20-Dec-21,2021,12,December,01-Dec-21,Q4,20,1,Monday,False
27-Dec-21,2021,12,December,01-Dec-21,Q4,27,1,Monday,False
05-Dec-22,2022,12,December,01-Dec-22,Q4,5,1,Monday,False
12-Dec-22,2022,12,December,01-Dec-22,Q4,12,1,Monday,False
19-Dec-22,2022,12,December,01-Dec-22,Q4,19,1,Monday,False
26-Dec-22,2022,12,December,01-Dec-22,Q4,26,1,Monday,False
04-Dec-23,2023,12,December,01-Dec-23,Q4,4,1,Monday,False
11-Dec-23,2023,12,December,01-Dec-23,Q4,11,1,Monday,False
18-Dec-23,2023,12,December,01-Dec-23,Q4,18,1,Monday,False
25-Dec-23,2023,12,December,01-Dec-23,Q4,25,1,Monday,False
02-Dec-24,2024,12,December,01-Dec-24,Q4,2,1,Monday,False
09-Dec-24,2024,12,December,01-Dec-24,Q4,9,1,Monday,False
16-Dec-24,2024,12,December,01-Dec-24,Q4,16,1,Monday,False
23-Dec-24,2024,12,December,01-Dec-24,Q4,23,1,Monday,False
30-Dec-24,2024,12,December,01-Dec-24,Q4,30,1,Monday,False
01-Dec-25,2025,12,December,01-Dec-25,Q4,1,1,Monday,False
08-Dec-25,2025,12,December,01-Dec-25,Q4,8,1,Monday,False
15-Dec-25,2025,12,December,01-Dec-25,Q4,15,1,Monday,False
22-Dec-25,2025,12,December,01-Dec-25,Q4,22,1,Monday,False
29-Dec-25,2025,12,December,01-Dec-25,Q4,29,1,Monday,False
07-Dec-26,2026,12,December,01-Dec-26,Q4,7,1,Monday,False
14-Dec-26,2026,12,December,01-Dec-26,Q4,14,1,Monday,False
21-Dec-26,2026,12,December,01-Dec-26,Q4,21,1,Monday,False
28-Dec-26,2026,12,December,01-Dec-26,Q4,28,1,Monday,False
06-Dec-27,2027,12,December,01-Dec-27,Q4,6,1,Monday,False
13-Dec-27,2027,12,December,01-Dec-27,Q4,13,1,Monday,False
20-Dec-27,2027,12,December,01-Dec-27,Q4,20,1,Monday,False
27-Dec-27,2027,12,December,01-Dec-27,Q4,27,1,Monday,False
04-Dec-28,2028,12,December,01-Dec-28,Q4,4,1,Monday,False
11-Dec-28,2028,12,December,01-Dec-28,Q4,11,1,Monday,False
18-Dec-28,2028,12,December,01-Dec-28,Q4,18,1,Monday,False
25-Dec-28,2028,12,December,01-Dec-28,Q4,25,1,Monday,False
04-Oct-10,2010,10,October,01-Oct-10,Q4,4,1,Monday,False
11-Oct-10,2010,10,October,01-Oct-10,Q4,11,1,Monday,False
18-Oct-10,2010,10,October,01-Oct-10,Q4,18,1,Monday,False
25-Oct-10,2010,10,October,01-Oct-10,Q4,25,1,Monday,False
03-Oct-11,2011,10,October,01-Oct-11,Q4,3,1,Monday,False
10-Oct-11,2011,10,October,01-Oct-11,Q4,10,1,Monday,False
17-Oct-11,2011,10,October,01-Oct-11,Q4,17,1,Monday,False
24-Oct-11,2011,10,October,01-Oct-11,Q4,24,1,Monday,False
31-Oct-11,2011,10,October,01-Oct-11,Q4,31,1,Monday,False
01-Oct-12,2012,10,October,01-Oct-12,Q4,1,1,Monday,False
08-Oct-12,2012,10,October,01-Oct-12,Q4,8,1,Monday,False
15-Oct-12,2012,10,October,01-Oct-12,Q4,15,1,Monday,False
22-Oct-12,2012,10,October,01-Oct-12,Q4,22,1,Monday,False
29-Oct-12,2012,10,October,01-Oct-12,Q4,29,1,Monday,False
07-Oct-13,2013,10,October,01-Oct-13,Q4,7,1,Monday,False
14-Oct-13,2013,10,October,01-Oct-13,Q4,14,1,Monday,False
21-Oct-13,2013,10,October,01-Oct-13,Q4,21,1,Monday,False
28-Oct-13,2013,10,October,01-Oct-13,Q4,28,1,Monday,False
06-Oct-14,2014,10,October,01-Oct-14,Q4,6,1,Monday,False
13-Oct-14,2014,10,October,01-Oct-14,Q4,13,1,Monday,False
20-Oct-14,2014,10,October,01-Oct-14,Q4,20,1,Monday,False
27-Oct-14,2014,10,October,01-Oct-14,Q4,27,1,Monday,False
05-Oct-15,2015,10,October,01-Oct-15,Q4,5,1,Monday,False
12-Oct-15,2015,10,October,01-Oct-15,Q4,12,1,Monday,False
19-Oct-15,2015,10,October,01-Oct-15,Q4,19,1,Monday,False
26-Oct-15,2015,10,October,01-Oct-15,Q4,26,1,Monday,False
03-Oct-16,2016,10,October,01-Oct-16,Q4,3,1,Monday,False
10-Oct-16,2016,10,October,01-Oct-16,Q4,10,1,Monday,False
17-Oct-16,2016,10,October,01-Oct-16,Q4,17,1,Monday,False
24-Oct-16,2016,10,October,01-Oct-16,Q4,24,1,Monday,False
31-Oct-16,2016,10,October,01-Oct-16,Q4,31,1,Monday,False
02-Oct-17,2017,10,October,01-Oct-17,Q4,2,1,Monday,False
09-Oct-17,2017,10,October,01-Oct-17,Q4,9,1,Monday,False
16-Oct-17,2017,10,October,01-Oct-17,Q4,16,1,Monday,False
23-Oct-17,2017,10,October,01-Oct-17,Q4,23,1,Monday,False
30-Oct-17,2017,10,October,01-Oct-17,Q4,30,1,Monday,False
01-Oct-18,2018,10,October,01-Oct-18,Q4,1,1,Monday,False
08-Oct-18,2018,10,October,01-Oct-18,Q4,8,1,Monday,False
15-Oct-18,2018,10,October,01-Oct-18,Q4,15,1,Monday,False
22-Oct-18,2018,10,October,01-Oct-18,Q4,22,1,Monday,False
29-Oct-18,2018,10,October,01-Oct-18,Q4,29,1,Monday,False
07-Oct-19,2019,10,October,01-Oct-19,Q4,7,1,Monday,False
14-Oct-19,2019,10,October,01-Oct-19,Q4,14,1,Monday,False
21-Oct-19,2019,10,October,01-Oct-19,Q4,21,1,Monday,False
28-Oct-19,2019,10,October,01-Oct-19,Q4,28,1,Monday,False
05-Oct-20,2020,10,October,01-Oct-20,Q4,5,1,Monday,False
12-Oct-20,2020,10,October,01-Oct-20,Q4,12,1,Monday,False
19-Oct-20,2020,10,October,01-Oct-20,Q4,19,1,Monday,False
26-Oct-20,2020,10,October,01-Oct-20,Q4,26,1,Monday,False
04-Oct-21,2021,10,October,01-Oct-21,Q4,4,1,Monday,False
11-Oct-21,2021,10,October,01-Oct-21,Q4,11,1,Monday,False
18-Oct-21,2021,10,October,01-Oct-21,Q4,18,1,Monday,False
25-Oct-21,2021,10,October,01-Oct-21,Q4,25,1,Monday,False
03-Oct-22,2022,10,October,01-Oct-22,Q4,3,1,Monday,False
10-Oct-22,2022,10,October,01-Oct-22,Q4,10,1,Monday,False
17-Oct-22,2022,10,October,01-Oct-22,Q4,17,1,Monday,False
24-Oct-22,2022,10,October,01-Oct-22,Q4,24,1,Monday,False
31-Oct-22,2022,10,October,01-Oct-22,Q4,31,1,Monday,False
02-Oct-23,2023,10,October,01-Oct-23,Q4,2,1,Monday,False
09-Oct-23,2023,10,October,01-Oct-23,Q4,9,1,Monday,False
16-Oct-23,2023,10,October,01-Oct-23,Q4,16,1,Monday,False
23-Oct-23,2023,10,October,01-Oct-23,Q4,23,1,Monday,False
30-Oct-23,2023,10,October,01-Oct-23,Q4,30,1,Monday,False
07-Oct-24,2024,10,October,01-Oct-24,Q4,7,1,Monday,False
14-Oct-24,2024,10,October,01-Oct-24,Q4,14,1,Monday,False
21-Oct-24,2024,10,October,01-Oct-24,Q4,21,1,Monday,False
28-Oct-24,2024,10,October,01-Oct-24,Q4,28,1,Monday,False
06-Oct-25,2025,10,October,01-Oct-25,Q4,6,1,Monday,False
13-Oct-25,2025,10,October,01-Oct-25,Q4,13,1,Monday,False
20-Oct-25,2025,10,October,01-Oct-25,Q4,20,1,Monday,False
27-Oct-25,2025,10,October,01-Oct-25,Q4,27,1,Monday,False
05-Oct-26,2026,10,October,01-Oct-26,Q4,5,1,Monday,False
12-Oct-26,2026,10,October,01-Oct-26,Q4,12,1,Monday,False
19-Oct-26,2026,10,October,01-Oct-26,Q4,19,1,Monday,False
26-Oct-26,2026,10,October,01-Oct-26,Q4,26,1,Monday,False
04-Oct-27,2027,10,October,01-Oct-27,Q4,4,1,Monday,False
11-Oct-27,2027,10,October,01-Oct-27,Q4,11,1,Monday,False
18-Oct-27,2027,10,October,01-Oct-27,Q4,18,1,Monday,False
25-Oct-27,2027,10,October,01-Oct-27,Q4,25,1,Monday,False
02-Oct-28,2028,10,October,01-Oct-28,Q4,2,1,Monday,False
09-Oct-28,2028,10,October,01-Oct-28,Q4,9,1,Monday,False
16-Oct-28,2028,10,October,01-Oct-28,Q4,16,1,Monday,False
23-Oct-28,2028,10,October,01-Oct-28,Q4,23,1,Monday,False
30-Oct-28,2028,10,October,01-Oct-28,Q4,30,1,Monday,False
05-Jul-10,2010,7,July,01-Jul-10,Q3,5,1,Monday,False
12-Jul-10,2010,7,July,01-Jul-10,Q3,12,1,Monday,False
19-Jul-10,2010,7,July,01-Jul-10,Q3,19,1,Monday,False
26-Jul-10,2010,7,July,01-Jul-10,Q3,26,1,Monday,False
04-Jul-11,2011,7,July,01-Jul-11,Q3,4,1,Monday,False
11-Jul-11,2011,7,July,01-Jul-11,Q3,11,1,Monday,False
18-Jul-11,2011,7,July,01-Jul-11,Q3,18,1,Monday,False
25-Jul-11,2011,7,July,01-Jul-11,Q3,25,1,Monday,False
02-Jul-12,2012,7,July,01-Jul-12,Q3,2,1,Monday,False
09-Jul-12,2012,7,July,01-Jul-12,Q3,9,1,Monday,False
16-Jul-12,2012,7,July,01-Jul-12,Q3,16,1,Monday,False
23-Jul-12,2012,7,July,01-Jul-12,Q3,23,1,Monday,False
30-Jul-12,2012,7,July,01-Jul-12,Q3,30,1,Monday,False
01-Jul-13,2013,7,July,01-Jul-13,Q3,1,1,Monday,False
08-Jul-13,2013,7,July,01-Jul-13,Q3,8,1,Monday,False
15-Jul-13,2013,7,July,01-Jul-13,Q3,15,1,Monday,False
22-Jul-13,2013,7,July,01-Jul-13,Q3,22,1,Monday,False
29-Jul-13,2013,7,July,01-Jul-13,Q3,29,1,Monday,False
07-Jul-14,2014,7,July,01-Jul-14,Q3,7,1,Monday,False
14-Jul-14,2014,7,July,01-Jul-14,Q3,14,1,Monday,False
21-Jul-14,2014,7,July,01-Jul-14,Q3,21,1,Monday,False
28-Jul-14,2014,7,July,01-Jul-14,Q3,28,1,Monday,False
06-Jul-15,2015,7,July,01-Jul-15,Q3,6,1,Monday,False
13-Jul-15,2015,7,July,01-Jul-15,Q3,13,1,Monday,False
20-Jul-15,2015,7,July,01-Jul-15,Q3,20,1,Monday,False
27-Jul-15,2015,7,July,01-Jul-15,Q3,27,1,Monday,False
04-Jul-16,2016,7,July,01-Jul-16,Q3,4,1,Monday,False
11-Jul-16,2016,7,July,01-Jul-16,Q3,11,1,Monday,False
18-Jul-16,2016,7,July,01-Jul-16,Q3,18,1,Monday,False
25-Jul-16,2016,7,July,01-Jul-16,Q3,25,1,Monday,False
03-Jul-17,2017,7,July,01-Jul-17,Q3,3,1,Monday,False
10-Jul-17,2017,7,July,01-Jul-17,Q3,10,1,Monday,False
17-Jul-17,2017,7,July,01-Jul-17,Q3,17,1,Monday,False
24-Jul-17,2017,7,July,01-Jul-17,Q3,24,1,Monday,False
31-Jul-17,2017,7,July,01-Jul-17,Q3,31,1,Monday,False
02-Jul-18,2018,7,July,01-Jul-18,Q3,2,1,Monday,False
09-Jul-18,2018,7,July,01-Jul-18,Q3,9,1,Monday,False
16-Jul-18,2018,7,July,01-Jul-18,Q3,16,1,Monday,False
23-Jul-18,2018,7,July,01-Jul-18,Q3,23,1,Monday,False
30-Jul-18,2018,7,July,01-Jul-18,Q3,30,1,Monday,False
01-Jul-19,2019,7,July,01-Jul-19,Q3,1,1,Monday,False
08-Jul-19,2019,7,July,01-Jul-19,Q3,8,1,Monday,False
15-Jul-19,2019,7,July,01-Jul-19,Q3,15,1,Monday,False
22-Jul-19,2019,7,July,01-Jul-19,Q3,22,1,Monday,False
29-Jul-19,2019,7,July,01-Jul-19,Q3,29,1,Monday,False
06-Jul-20,2020,7,July,01-Jul-20,Q3,6,1,Monday,False
13-Jul-20,2020,7,July,01-Jul-20,Q3,13,1,Monday,False
20-Jul-20,2020,7,July,01-Jul-20,Q3,20,1,Monday,False
27-Jul-20,2020,7,July,01-Jul-20,Q3,27,1,Monday,False
05-Jul-21,2021,7,July,01-Jul-21,Q3,5,1,Monday,False
12-Jul-21,2021,7,July,01-Jul-21,Q3,12,1,Monday,False
19-Jul-21,2021,7,July,01-Jul-21,Q3,19,1,Monday,False
26-Jul-21,2021,7,July,01-Jul-21,Q3,26,1,Monday,False
04-Jul-22,2022,7,July,01-Jul-22,Q3,4,1,Monday,False
11-Jul-22,2022,7,July,01-Jul-22,Q3,11,1,Monday,False
18-Jul-22,2022,7,July,01-Jul-22,Q3,18,1,Monday,False
25-Jul-22,2022,7,July,01-Jul-22,Q3,25,1,Monday,False
03-Jul-23,2023,7,July,01-Jul-23,Q3,3,1,Monday,False
10-Jul-23,2023,7,July,01-Jul-23,Q3,10,1,Monday,False
17-Jul-23,2023,7,July,01-Jul-23,Q3,17,1,Monday,False
24-Jul-23,2023,7,July,01-Jul-23,Q3,24,1,Monday,False
31-Jul-23,2023,7,July,01-Jul-23,Q3,31,1,Monday,False
01-Jul-24,2024,7,July,01-Jul-24,Q3,1,1,Monday,False
08-Jul-24,2024,7,July,01-Jul-24,Q3,8,1,Monday,False
15-Jul-24,2024,7,July,01-Jul-24,Q3,15,1,Monday,False
22-Jul-24,2024,7,July,01-Jul-24,Q3,22,1,Monday,False
29-Jul-24,2024,7,July,01-Jul-24,Q3,29,1,Monday,False
07-Jul-25,2025,7,July,01-Jul-25,Q3,7,1,Monday,False
14-Jul-25,2025,7,July,01-Jul-25,Q3,14,1,Monday,False
21-Jul-25,2025,7,July,01-Jul-25,Q3,21,1,Monday,False
28-Jul-25,2025,7,July,01-Jul-25,Q3,28,1,Monday,False
06-Jul-26,2026,7,July,01-Jul-26,Q3,6,1,Monday,False
13-Jul-26,2026,7,July,01-Jul-26,Q3,13,1,Monday,False
20-Jul-26,2026,7,July,01-Jul-26,Q3,20,1,Monday,False
27-Jul-26,2026,7,July,01-Jul-26,Q3,27,1,Monday,False
05-Jul-27,2027,7,July,01-Jul-27,Q3,5,1,Monday,False
12-Jul-27,2027,7,July,01-Jul-27,Q3,12,1,Monday,False
19-Jul-27,2027,7,July,01-Jul-27,Q3,19,1,Monday,False
26-Jul-27,2027,7,July,01-Jul-27,Q3,26,1,Monday,False
03-Jul-28,2028,7,July,01-Jul-28,Q3,3,1,Monday,False
10-Jul-28,2028,7,July,01-Jul-28,Q3,10,1,Monday,False
17-Jul-28,2028,7,July,01-Jul-28,Q3,17,1,Monday,False
24-Jul-28,2028,7,July,01-Jul-28,Q3,24,1,Monday,False
31-Jul-28,2028,7,July,01-Jul-28,Q3,31,1,Monday,False
06-Sep-10,2010,9,September,01-Sep-10,Q3,6,1,Monday,False
13-Sep-10,2010,9,September,01-Sep-10,Q3,13,1,Monday,False
20-Sep-10,2010,9,September,01-Sep-10,Q3,20,1,Monday,False
27-Sep-10,2010,9,September,01-Sep-10,Q3,27,1,Monday,False
05-Sep-11,2011,9,September,01-Sep-11,Q3,5,1,Monday,False
12-Sep-11,2011,9,September,01-Sep-11,Q3,12,1,Monday,False
19-Sep-11,2011,9,September,01-Sep-11,Q3,19,1,Monday,False
26-Sep-11,2011,9,September,01-Sep-11,Q3,26,1,Monday,False
03-Sep-12,2012,9,September,01-Sep-12,Q3,3,1,Monday,False
10-Sep-12,2012,9,September,01-Sep-12,Q3,10,1,Monday,False
17-Sep-12,2012,9,September,01-Sep-12,Q3,17,1,Monday,False
24-Sep-12,2012,9,September,01-Sep-12,Q3,24,1,Monday,False
02-Sep-13,2013,9,September,01-Sep-13,Q3,2,1,Monday,False
09-Sep-13,2013,9,September,01-Sep-13,Q3,9,1,Monday,False
16-Sep-13,2013,9,September,01-Sep-13,Q3,16,1,Monday,False
23-Sep-13,2013,9,September,01-Sep-13,Q3,23,1,Monday,False
30-Sep-13,2013,9,September,01-Sep-13,Q3,30,1,Monday,False
01-Sep-14,2014,9,September,01-Sep-14,Q3,1,1,Monday,False
08-Sep-14,2014,9,September,01-Sep-14,Q3,8,1,Monday,False
15-Sep-14,2014,9,September,01-Sep-14,Q3,15,1,Monday,False
22-Sep-14,2014,9,September,01-Sep-14,Q3,22,1,Monday,False
29-Sep-14,2014,9,September,01-Sep-14,Q3,29,1,Monday,False
07-Sep-15,2015,9,September,01-Sep-15,Q3,7,1,Monday,False
14-Sep-15,2015,9,September,01-Sep-15,Q3,14,1,Monday,False
21-Sep-15,2015,9,September,01-Sep-15,Q3,21,1,Monday,False
28-Sep-15,2015,9,September,01-Sep-15,Q3,28,1,Monday,False
05-Sep-16,2016,9,September,01-Sep-16,Q3,5,1,Monday,False
12-Sep-16,2016,9,September,01-Sep-16,Q3,12,1,Monday,False
19-Sep-16,2016,9,September,01-Sep-16,Q3,19,1,Monday,False
26-Sep-16,2016,9,September,01-Sep-16,Q3,26,1,Monday,False
04-Sep-17,2017,9,September,01-Sep-17,Q3,4,1,Monday,False
11-Sep-17,2017,9,September,01-Sep-17,Q3,11,1,Monday,False
18-Sep-17,2017,9,September,01-Sep-17,Q3,18,1,Monday,False
25-Sep-17,2017,9,September,01-Sep-17,Q3,25,1,Monday,False
03-Sep-18,2018,9,September,01-Sep-18,Q3,3,1,Monday,False
10-Sep-18,2018,9,September,01-Sep-18,Q3,10,1,Monday,False
17-Sep-18,2018,9,September,01-Sep-18,Q3,17,1,Monday,False
24-Sep-18,2018,9,September,01-Sep-18,Q3,24,1,Monday,False
02-Sep-19,2019,9,September,01-Sep-19,Q3,2,1,Monday,False
09-Sep-19,2019,9,September,01-Sep-19,Q3,9,1,Monday,False
16-Sep-19,2019,9,September,01-Sep-19,Q3,16,1,Monday,False
23-Sep-19,2019,9,September,01-Sep-19,Q3,23,1,Monday,False
30-Sep-19,2019,9,September,01-Sep-19,Q3,30,1,Monday,False
07-Sep-20,2020,9,September,01-Sep-20,Q3,7,1,Monday,False
14-Sep-20,2020,9,September,01-Sep-20,Q3,14,1,Monday,False
21-Sep-20,2020,9,September,01-Sep-20,Q3,21,1,Monday,False
28-Sep-20,2020,9,September,01-Sep-20,Q3,28,1,Monday,False
06-Sep-21,2021,9,September,01-Sep-21,Q3,6,1,Monday,False
13-Sep-21,2021,9,September,01-Sep-21,Q3,13,1,Monday,False
20-Sep-21,2021,9,September,01-Sep-21,Q3,20,1,Monday,False
27-Sep-21,2021,9,September,01-Sep-21,Q3,27,1,Monday,False
05-Sep-22,2022,9,September,01-Sep-22,Q3,5,1,Monday,False
12-Sep-22,2022,9,September,01-Sep-22,Q3,12,1,Monday,False
19-Sep-22,2022,9,September,01-Sep-22,Q3,19,1,Monday,False
26-Sep-22,2022,9,September,01-Sep-22,Q3,26,1,Monday,False
04-Sep-23,2023,9,September,01-Sep-23,Q3,4,1,Monday,False
11-Sep-23,2023,9,September,01-Sep-23,Q3,11,1,Monday,False
18-Sep-23,2023,9,September,01-Sep-23,Q3,18,1,Monday,False
25-Sep-23,2023,9,September,01-Sep-23,Q3,25,1,Monday,False
02-Sep-24,2024,9,September,01-Sep-24,Q3,2,1,Monday,False
09-Sep-24,2024,9,September,01-Sep-24,Q3,9,1,Monday,False
16-Sep-24,2024,9,September,01-Sep-24,Q3,16,1,Monday,False
23-Sep-24,2024,9,September,01-Sep-24,Q3,23,1,Monday,False
30-Sep-24,2024,9,September,01-Sep-24,Q3,30,1,Monday,False
01-Sep-25,2025,9,September,01-Sep-25,Q3,1,1,Monday,False
08-Sep-25,2025,9,September,01-Sep-25,Q3,8,1,Monday,False
15-Sep-25,2025,9,September,01-Sep-25,Q3,15,1,Monday,False
22-Sep-25,2025,9,September,01-Sep-25,Q3,22,1,Monday,False
29-Sep-25,2025,9,September,01-Sep-25,Q3,29,1,Monday,False
07-Sep-26,2026,9,September,01-Sep-26,Q3,7,1,Monday,False
14-Sep-26,2026,9,September,01-Sep-26,Q3,14,1,Monday,False
21-Sep-26,2026,9,September,01-Sep-26,Q3,21,1,Monday,False
28-Sep-26,2026,9,September,01-Sep-26,Q3,28,1,Monday,False
06-Sep-27,2027,9,September,01-Sep-27,Q3,6,1,Monday,False
13-Sep-27,2027,9,September,01-Sep-27,Q3,13,1,Monday,False
20-Sep-27,2027,9,September,01-Sep-27,Q3,20,1,Monday,False
27-Sep-27,2027,9,September,01-Sep-27,Q3,27,1,Monday,False
04-Sep-28,2028,9,September,01-Sep-28,Q3,4,1,Monday,False
11-Sep-28,2028,9,September,01-Sep-28,Q3,11,1,Monday,False
18-Sep-28,2028,9,September,01-Sep-28,Q3,18,1,Monday,False
25-Sep-28,2028,9,September,01-Sep-28,Q3,25,1,Monday,False
02-Aug-10,2010,8,August,01-Aug-10,Q3,2,1,Monday,False
09-Aug-10,2010,8,August,01-Aug-10,Q3,9,1,Monday,False
16-Aug-10,2010,8,August,01-Aug-10,Q3,16,1,Monday,False
23-Aug-10,2010,8,August,01-Aug-10,Q3,23,1,Monday,False
30-Aug-10,2010,8,August,01-Aug-10,Q3,30,1,Monday,False
01-Aug-11,2011,8,August,01-Aug-11,Q3,1,1,Monday,False
08-Aug-11,2011,8,August,01-Aug-11,Q3,8,1,Monday,False
15-Aug-11,2011,8,August,01-Aug-11,Q3,15,1,Monday,False
22-Aug-11,2011,8,August,01-Aug-11,Q3,22,1,Monday,False
29-Aug-11,2011,8,August,01-Aug-11,Q3,29,1,Monday,False
06-Aug-12,2012,8,August,01-Aug-12,Q3,6,1,Monday,False
13-Aug-12,2012,8,August,01-Aug-12,Q3,13,1,Monday,False
20-Aug-12,2012,8,August,01-Aug-12,Q3,20,1,Monday,False
27-Aug-12,2012,8,August,01-Aug-12,Q3,27,1,Monday,False
05-Aug-13,2013,8,August,01-Aug-13,Q3,5,1,Monday,False
12-Aug-13,2013,8,August,01-Aug-13,Q3,12,1,Monday,False
19-Aug-13,2013,8,August,01-Aug-13,Q3,19,1,Monday,False
26-Aug-13,2013,8,August,01-Aug-13,Q3,26,1,Monday,False
04-Aug-14,2014,8,August,01-Aug-14,Q3,4,1,Monday,False
11-Aug-14,2014,8,August,01-Aug-14,Q3,11,1,Monday,False
18-Aug-14,2014,8,August,01-Aug-14,Q3,18,1,Monday,False
25-Aug-14,2014,8,August,01-Aug-14,Q3,25,1,Monday,False
03-Aug-15,2015,8,August,01-Aug-15,Q3,3,1,Monday,False
10-Aug-15,2015,8,August,01-Aug-15,Q3,10,1,Monday,False
17-Aug-15,2015,8,August,01-Aug-15,Q3,17,1,Monday,False
24-Aug-15,2015,8,August,01-Aug-15,Q3,24,1,Monday,False
31-Aug-15,2015,8,August,01-Aug-15,Q3,31,1,Monday,False
01-Aug-16,2016,8,August,01-Aug-16,Q3,1,1,Monday,False
08-Aug-16,2016,8,August,01-Aug-16,Q3,8,1,Monday,False
15-Aug-16,2016,8,August,01-Aug-16,Q3,15,1,Monday,False
22-Aug-16,2016,8,August,01-Aug-16,Q3,22,1,Monday,False
29-Aug-16,2016,8,August,01-Aug-16,Q3,29,1,Monday,False
07-Aug-17,2017,8,August,01-Aug-17,Q3,7,1,Monday,False
14-Aug-17,2017,8,August,01-Aug-17,Q3,14,1,Monday,False
21-Aug-17,2017,8,August,01-Aug-17,Q3,21,1,Monday,False
28-Aug-17,2017,8,August,01-Aug-17,Q3,28,1,Monday,False
06-Aug-18,2018,8,August,01-Aug-18,Q3,6,1,Monday,False
13-Aug-18,2018,8,August,01-Aug-18,Q3,13,1,Monday,False
20-Aug-18,2018,8,August,01-Aug-18,Q3,20,1,Monday,False
27-Aug-18,2018,8,August,01-Aug-18,Q3,27,1,Monday,False
05-Aug-19,2019,8,August,01-Aug-19,Q3,5,1,Monday,False
12-Aug-19,2019,8,August,01-Aug-19,Q3,12,1,Monday,False
19-Aug-19,2019,8,August,01-Aug-19,Q3,19,1,Monday,False
26-Aug-19,2019,8,August,01-Aug-19,Q3,26,1,Monday,False
03-Aug-20,2020,8,August,01-Aug-20,Q3,3,1,Monday,False
10-Aug-20,2020,8,August,01-Aug-20,Q3,10,1,Monday,False
17-Aug-20,2020,8,August,01-Aug-20,Q3,17,1,Monday,False
24-Aug-20,2020,8,August,01-Aug-20,Q3,24,1,Monday,False
31-Aug-20,2020,8,August,01-Aug-20,Q3,31,1,Monday,False
02-Aug-21,2021,8,August,01-Aug-21,Q3,2,1,Monday,False
09-Aug-21,2021,8,August,01-Aug-21,Q3,9,1,Monday,False
16-Aug-21,2021,8,August,01-Aug-21,Q3,16,1,Monday,False
23-Aug-21,2021,8,August,01-Aug-21,Q3,23,1,Monday,False
30-Aug-21,2021,8,August,01-Aug-21,Q3,30,1,Monday,False
01-Aug-22,2022,8,August,01-Aug-22,Q3,1,1,Monday,False
08-Aug-22,2022,8,August,01-Aug-22,Q3,8,1,Monday,False
15-Aug-22,2022,8,August,01-Aug-22,Q3,15,1,Monday,False
22-Aug-22,2022,8,August,01-Aug-22,Q3,22,1,Monday,False
29-Aug-22,2022,8,August,01-Aug-22,Q3,29,1,Monday,False
07-Aug-23,2023,8,August,01-Aug-23,Q3,7,1,Monday,False
14-Aug-23,2023,8,August,01-Aug-23,Q3,14,1,Monday,False
21-Aug-23,2023,8,August,01-Aug-23,Q3,21,1,Monday,False
28-Aug-23,2023,8,August,01-Aug-23,Q3,28,1,Monday,False
05-Aug-24,2024,8,August,01-Aug-24,Q3,5,1,Monday,False
12-Aug-24,2024,8,August,01-Aug-24,Q3,12,1,Monday,False
19-Aug-24,2024,8,August,01-Aug-24,Q3,19,1,Monday,False
26-Aug-24,2024,8,August,01-Aug-24,Q3,26,1,Monday,False
04-Aug-25,2025,8,August,01-Aug-25,Q3,4,1,Monday,False
11-Aug-25,2025,8,August,01-Aug-25,Q3,11,1,Monday,False
18-Aug-25,2025,8,August,01-Aug-25,Q3,18,1,Monday,False
25-Aug-25,2025,8,August,01-Aug-25,Q3,25,1,Monday,False
03-Aug-26,2026,8,August,01-Aug-26,Q3,3,1,Monday,False
10-Aug-26,2026,8,August,01-Aug-26,Q3,10,1,Monday,False
17-Aug-26,2026,8,August,01-Aug-26,Q3,17,1,Monday,False
24-Aug-26,2026,8,August,01-Aug-26,Q3,24,1,Monday,False
31-Aug-26,2026,8,August,01-Aug-26,Q3,31,1,Monday,False
02-Aug-27,2027,8,August,01-Aug-27,Q3,2,1,Monday,False
09-Aug-27,2027,8,August,01-Aug-27,Q3,9,1,Monday,False
16-Aug-27,2027,8,August,01-Aug-27,Q3,16,1,Monday,False
23-Aug-27,2027,8,August,01-Aug-27,Q3,23,1,Monday,False
30-Aug-27,2027,8,August,01-Aug-27,Q3,30,1,Monday,False
07-Aug-28,2028,8,August,01-Aug-28,Q3,7,1,Monday,False
14-Aug-28,2028,8,August,01-Aug-28,Q3,14,1,Monday,False
21-Aug-28,2028,8,August,01-Aug-28,Q3,21,1,Monday,False
28-Aug-28,2028,8,August,01-Aug-28,Q3,28,1,Monday,False
03-Aug-10,2010,8,August,01-Aug-10,Q3,3,2,Tuesday,False
10-Aug-10,2010,8,August,01-Aug-10,Q3,10,2,Tuesday,False
17-Aug-10,2010,8,August,01-Aug-10,Q3,17,2,Tuesday,False
24-Aug-10,2010,8,August,01-Aug-10,Q3,24,2,Tuesday,False
31-Aug-10,2010,8,August,01-Aug-10,Q3,31,2,Tuesday,False
02-Aug-11,2011,8,August,01-Aug-11,Q3,2,2,Tuesday,False
09-Aug-11,2011,8,August,01-Aug-11,Q3,9,2,Tuesday,False
16-Aug-11,2011,8,August,01-Aug-11,Q3,16,2,Tuesday,False
23-Aug-11,2011,8,August,01-Aug-11,Q3,23,2,Tuesday,False
30-Aug-11,2011,8,August,01-Aug-11,Q3,30,2,Tuesday,False
07-Aug-12,2012,8,August,01-Aug-12,Q3,7,2,Tuesday,False
14-Aug-12,2012,8,August,01-Aug-12,Q3,14,2,Tuesday,False
21-Aug-12,2012,8,August,01-Aug-12,Q3,21,2,Tuesday,False
28-Aug-12,2012,8,August,01-Aug-12,Q3,28,2,Tuesday,False
06-Aug-13,2013,8,August,01-Aug-13,Q3,6,2,Tuesday,False
13-Aug-13,2013,8,August,01-Aug-13,Q3,13,2,Tuesday,False
20-Aug-13,2013,8,August,01-Aug-13,Q3,20,2,Tuesday,False
27-Aug-13,2013,8,August,01-Aug-13,Q3,27,2,Tuesday,False
05-Aug-14,2014,8,August,01-Aug-14,Q3,5,2,Tuesday,False
12-Aug-14,2014,8,August,01-Aug-14,Q3,12,2,Tuesday,False
19-Aug-14,2014,8,August,01-Aug-14,Q3,19,2,Tuesday,False
26-Aug-14,2014,8,August,01-Aug-14,Q3,26,2,Tuesday,False
04-Aug-15,2015,8,August,01-Aug-15,Q3,4,2,Tuesday,False
11-Aug-15,2015,8,August,01-Aug-15,Q3,11,2,Tuesday,False
18-Aug-15,2015,8,August,01-Aug-15,Q3,18,2,Tuesday,False
25-Aug-15,2015,8,August,01-Aug-15,Q3,25,2,Tuesday,False
02-Aug-16,2016,8,August,01-Aug-16,Q3,2,2,Tuesday,False
09-Aug-16,2016,8,August,01-Aug-16,Q3,9,2,Tuesday,False
16-Aug-16,2016,8,August,01-Aug-16,Q3,16,2,Tuesday,False
23-Aug-16,2016,8,August,01-Aug-16,Q3,23,2,Tuesday,False
30-Aug-16,2016,8,August,01-Aug-16,Q3,30,2,Tuesday,False
01-Aug-17,2017,8,August,01-Aug-17,Q3,1,2,Tuesday,False
08-Aug-17,2017,8,August,01-Aug-17,Q3,8,2,Tuesday,False
15-Aug-17,2017,8,August,01-Aug-17,Q3,15,2,Tuesday,False
22-Aug-17,2017,8,August,01-Aug-17,Q3,22,2,Tuesday,False
29-Aug-17,2017,8,August,01-Aug-17,Q3,29,2,Tuesday,False
07-Aug-18,2018,8,August,01-Aug-18,Q3,7,2,Tuesday,False
14-Aug-18,2018,8,August,01-Aug-18,Q3,14,2,Tuesday,False
21-Aug-18,2018,8,August,01-Aug-18,Q3,21,2,Tuesday,False
28-Aug-18,2018,8,August,01-Aug-18,Q3,28,2,Tuesday,False
06-Aug-19,2019,8,August,01-Aug-19,Q3,6,2,Tuesday,False
13-Aug-19,2019,8,August,01-Aug-19,Q3,13,2,Tuesday,False
20-Aug-19,2019,8,August,01-Aug-19,Q3,20,2,Tuesday,False
27-Aug-19,2019,8,August,01-Aug-19,Q3,27,2,Tuesday,False
04-Aug-20,2020,8,August,01-Aug-20,Q3,4,2,Tuesday,False
11-Aug-20,2020,8,August,01-Aug-20,Q3,11,2,Tuesday,False
18-Aug-20,2020,8,August,01-Aug-20,Q3,18,2,Tuesday,False
25-Aug-20,2020,8,August,01-Aug-20,Q3,25,2,Tuesday,False
03-Aug-21,2021,8,August,01-Aug-21,Q3,3,2,Tuesday,False
10-Aug-21,2021,8,August,01-Aug-21,Q3,10,2,Tuesday,False
17-Aug-21,2021,8,August,01-Aug-21,Q3,17,2,Tuesday,False
24-Aug-21,2021,8,August,01-Aug-21,Q3,24,2,Tuesday,False
31-Aug-21,2021,8,August,01-Aug-21,Q3,31,2,Tuesday,False
02-Aug-22,2022,8,August,01-Aug-22,Q3,2,2,Tuesday,False
09-Aug-22,2022,8,August,01-Aug-22,Q3,9,2,Tuesday,False
16-Aug-22,2022,8,August,01-Aug-22,Q3,16,2,Tuesday,False
23-Aug-22,2022,8,August,01-Aug-22,Q3,23,2,Tuesday,False
30-Aug-22,2022,8,August,01-Aug-22,Q3,30,2,Tuesday,False
01-Aug-23,2023,8,August,01-Aug-23,Q3,1,2,Tuesday,False
08-Aug-23,2023,8,August,01-Aug-23,Q3,8,2,Tuesday,False
15-Aug-23,2023,8,August,01-Aug-23,Q3,15,2,Tuesday,False
22-Aug-23,2023,8,August,01-Aug-23,Q3,22,2,Tuesday,False
29-Aug-23,2023,8,August,01-Aug-23,Q3,29,2,Tuesday,False
06-Aug-24,2024,8,August,01-Aug-24,Q3,6,2,Tuesday,False
13-Aug-24,2024,8,August,01-Aug-24,Q3,13,2,Tuesday,False
20-Aug-24,2024,8,August,01-Aug-24,Q3,20,2,Tuesday,False
27-Aug-24,2024,8,August,01-Aug-24,Q3,27,2,Tuesday,False
05-Aug-25,2025,8,August,01-Aug-25,Q3,5,2,Tuesday,False
12-Aug-25,2025,8,August,01-Aug-25,Q3,12,2,Tuesday,False
19-Aug-25,2025,8,August,01-Aug-25,Q3,19,2,Tuesday,False
26-Aug-25,2025,8,August,01-Aug-25,Q3,26,2,Tuesday,False
04-Aug-26,2026,8,August,01-Aug-26,Q3,4,2,Tuesday,False
11-Aug-26,2026,8,August,01-Aug-26,Q3,11,2,Tuesday,False
18-Aug-26,2026,8,August,01-Aug-26,Q3,18,2,Tuesday,False
25-Aug-26,2026,8,August,01-Aug-26,Q3,25,2,Tuesday,False
03-Aug-27,2027,8,August,01-Aug-27,Q3,3,2,Tuesday,False
10-Aug-27,2027,8,August,01-Aug-27,Q3,10,2,Tuesday,False
17-Aug-27,2027,8,August,01-Aug-27,Q3,17,2,Tuesday,False
24-Aug-27,2027,8,August,01-Aug-27,Q3,24,2,Tuesday,False
31-Aug-27,2027,8,August,01-Aug-27,Q3,31,2,Tuesday,False
01-Aug-28,2028,8,August,01-Aug-28,Q3,1,2,Tuesday,False
08-Aug-28,2028,8,August,01-Aug-28,Q3,8,2,Tuesday,False
15-Aug-28,2028,8,August,01-Aug-28,Q3,15,2,Tuesday,False
22-Aug-28,2028,8,August,01-Aug-28,Q3,22,2,Tuesday,False
29-Aug-28,2028,8,August,01-Aug-28,Q3,29,2,Tuesday,False
06-Jul-10,2010,7,July,01-Jul-10,Q3,6,2,Tuesday,False
13-Jul-10,2010,7,July,01-Jul-10,Q3,13,2,Tuesday,False
20-Jul-10,2010,7,July,01-Jul-10,Q3,20,2,Tuesday,False
27-Jul-10,2010,7,July,01-Jul-10,Q3,27,2,Tuesday,False
05-Jul-11,2011,7,July,01-Jul-11,Q3,5,2,Tuesday,False
12-Jul-11,2011,7,July,01-Jul-11,Q3,12,2,Tuesday,False
19-Jul-11,2011,7,July,01-Jul-11,Q3,19,2,Tuesday,False
26-Jul-11,2011,7,July,01-Jul-11,Q3,26,2,Tuesday,False
03-Jul-12,2012,7,July,01-Jul-12,Q3,3,2,Tuesday,False
10-Jul-12,2012,7,July,01-Jul-12,Q3,10,2,Tuesday,False
17-Jul-12,2012,7,July,01-Jul-12,Q3,17,2,Tuesday,False
24-Jul-12,2012,7,July,01-Jul-12,Q3,24,2,Tuesday,False
31-Jul-12,2012,7,July,01-Jul-12,Q3,31,2,Tuesday,False
02-Jul-13,2013,7,July,01-Jul-13,Q3,2,2,Tuesday,False
09-Jul-13,2013,7,July,01-Jul-13,Q3,9,2,Tuesday,False
16-Jul-13,2013,7,July,01-Jul-13,Q3,16,2,Tuesday,False
23-Jul-13,2013,7,July,01-Jul-13,Q3,23,2,Tuesday,False
30-Jul-13,2013,7,July,01-Jul-13,Q3,30,2,Tuesday,False
01-Jul-14,2014,7,July,01-Jul-14,Q3,1,2,Tuesday,False
08-Jul-14,2014,7,July,01-Jul-14,Q3,8,2,Tuesday,False
15-Jul-14,2014,7,July,01-Jul-14,Q3,15,2,Tuesday,False
22-Jul-14,2014,7,July,01-Jul-14,Q3,22,2,Tuesday,False
29-Jul-14,2014,7,July,01-Jul-14,Q3,29,2,Tuesday,False
07-Jul-15,2015,7,July,01-Jul-15,Q3,7,2,Tuesday,False
14-Jul-15,2015,7,July,01-Jul-15,Q3,14,2,Tuesday,False
21-Jul-15,2015,7,July,01-Jul-15,Q3,21,2,Tuesday,False
28-Jul-15,2015,7,July,01-Jul-15,Q3,28,2,Tuesday,False
05-Jul-16,2016,7,July,01-Jul-16,Q3,5,2,Tuesday,False
12-Jul-16,2016,7,July,01-Jul-16,Q3,12,2,Tuesday,False
19-Jul-16,2016,7,July,01-Jul-16,Q3,19,2,Tuesday,False
26-Jul-16,2016,7,July,01-Jul-16,Q3,26,2,Tuesday,False
04-Jul-17,2017,7,July,01-Jul-17,Q3,4,2,Tuesday,False
11-Jul-17,2017,7,July,01-Jul-17,Q3,11,2,Tuesday,False
18-Jul-17,2017,7,July,01-Jul-17,Q3,18,2,Tuesday,False
25-Jul-17,2017,7,July,01-Jul-17,Q3,25,2,Tuesday,False
03-Jul-18,2018,7,July,01-Jul-18,Q3,3,2,Tuesday,False
10-Jul-18,2018,7,July,01-Jul-18,Q3,10,2,Tuesday,False
17-Jul-18,2018,7,July,01-Jul-18,Q3,17,2,Tuesday,False
24-Jul-18,2018,7,July,01-Jul-18,Q3,24,2,Tuesday,False
31-Jul-18,2018,7,July,01-Jul-18,Q3,31,2,Tuesday,False
02-Jul-19,2019,7,July,01-Jul-19,Q3,2,2,Tuesday,False
09-Jul-19,2019,7,July,01-Jul-19,Q3,9,2,Tuesday,False
16-Jul-19,2019,7,July,01-Jul-19,Q3,16,2,Tuesday,False
23-Jul-19,2019,7,July,01-Jul-19,Q3,23,2,Tuesday,False
30-Jul-19,2019,7,July,01-Jul-19,Q3,30,2,Tuesday,False
07-Jul-20,2020,7,July,01-Jul-20,Q3,7,2,Tuesday,False
14-Jul-20,2020,7,July,01-Jul-20,Q3,14,2,Tuesday,False
21-Jul-20,2020,7,July,01-Jul-20,Q3,21,2,Tuesday,False
28-Jul-20,2020,7,July,01-Jul-20,Q3,28,2,Tuesday,False
06-Jul-21,2021,7,July,01-Jul-21,Q3,6,2,Tuesday,False
13-Jul-21,2021,7,July,01-Jul-21,Q3,13,2,Tuesday,False
20-Jul-21,2021,7,July,01-Jul-21,Q3,20,2,Tuesday,False
27-Jul-21,2021,7,July,01-Jul-21,Q3,27,2,Tuesday,False
05-Jul-22,2022,7,July,01-Jul-22,Q3,5,2,Tuesday,False
12-Jul-22,2022,7,July,01-Jul-22,Q3,12,2,Tuesday,False
19-Jul-22,2022,7,July,01-Jul-22,Q3,19,2,Tuesday,False
26-Jul-22,2022,7,July,01-Jul-22,Q3,26,2,Tuesday,False
04-Jul-23,2023,7,July,01-Jul-23,Q3,4,2,Tuesday,False
11-Jul-23,2023,7,July,01-Jul-23,Q3,11,2,Tuesday,False
18-Jul-23,2023,7,July,01-Jul-23,Q3,18,2,Tuesday,False
25-Jul-23,2023,7,July,01-Jul-23,Q3,25,2,Tuesday,False
02-Jul-24,2024,7,July,01-Jul-24,Q3,2,2,Tuesday,False
09-Jul-24,2024,7,July,01-Jul-24,Q3,9,2,Tuesday,False
16-Jul-24,2024,7,July,01-Jul-24,Q3,16,2,Tuesday,False
23-Jul-24,2024,7,July,01-Jul-24,Q3,23,2,Tuesday,False
30-Jul-24,2024,7,July,01-Jul-24,Q3,30,2,Tuesday,False
01-Jul-25,2025,7,July,01-Jul-25,Q3,1,2,Tuesday,False
08-Jul-25,2025,7,July,01-Jul-25,Q3,8,2,Tuesday,False
15-Jul-25,2025,7,July,01-Jul-25,Q3,15,2,Tuesday,False
22-Jul-25,2025,7,July,01-Jul-25,Q3,22,2,Tuesday,False
29-Jul-25,2025,7,July,01-Jul-25,Q3,29,2,Tuesday,False
07-Jul-26,2026,7,July,01-Jul-26,Q3,7,2,Tuesday,False
14-Jul-26,2026,7,July,01-Jul-26,Q3,14,2,Tuesday,False
21-Jul-26,2026,7,July,01-Jul-26,Q3,21,2,Tuesday,False
28-Jul-26,2026,7,July,01-Jul-26,Q3,28,2,Tuesday,False
06-Jul-27,2027,7,July,01-Jul-27,Q3,6,2,Tuesday,False
13-Jul-27,2027,7,July,01-Jul-27,Q3,13,2,Tuesday,False
20-Jul-27,2027,7,July,01-Jul-27,Q3,20,2,Tuesday,False
27-Jul-27,2027,7,July,01-Jul-27,Q3,27,2,Tuesday,False
04-Jul-28,2028,7,July,01-Jul-28,Q3,4,2,Tuesday,False
11-Jul-28,2028,7,July,01-Jul-28,Q3,11,2,Tuesday,False
18-Jul-28,2028,7,July,01-Jul-28,Q3,18,2,Tuesday,False
25-Jul-28,2028,7,July,01-Jul-28,Q3,25,2,Tuesday,False
07-Sep-10,2010,9,September,01-Sep-10,Q3,7,2,Tuesday,False
14-Sep-10,2010,9,September,01-Sep-10,Q3,14,2,Tuesday,False
21-Sep-10,2010,9,September,01-Sep-10,Q3,21,2,Tuesday,False
28-Sep-10,2010,9,September,01-Sep-10,Q3,28,2,Tuesday,False
06-Sep-11,2011,9,September,01-Sep-11,Q3,6,2,Tuesday,False
13-Sep-11,2011,9,September,01-Sep-11,Q3,13,2,Tuesday,False
20-Sep-11,2011,9,September,01-Sep-11,Q3,20,2,Tuesday,False
27-Sep-11,2011,9,September,01-Sep-11,Q3,27,2,Tuesday,False
04-Sep-12,2012,9,September,01-Sep-12,Q3,4,2,Tuesday,False
11-Sep-12,2012,9,September,01-Sep-12,Q3,11,2,Tuesday,False
18-Sep-12,2012,9,September,01-Sep-12,Q3,18,2,Tuesday,False
25-Sep-12,2012,9,September,01-Sep-12,Q3,25,2,Tuesday,False
03-Sep-13,2013,9,September,01-Sep-13,Q3,3,2,Tuesday,False
10-Sep-13,2013,9,September,01-Sep-13,Q3,10,2,Tuesday,False
17-Sep-13,2013,9,September,01-Sep-13,Q3,17,2,Tuesday,False
24-Sep-13,2013,9,September,01-Sep-13,Q3,24,2,Tuesday,False
02-Sep-14,2014,9,September,01-Sep-14,Q3,2,2,Tuesday,False
09-Sep-14,2014,9,September,01-Sep-14,Q3,9,2,Tuesday,False
16-Sep-14,2014,9,September,01-Sep-14,Q3,16,2,Tuesday,False
23-Sep-14,2014,9,September,01-Sep-14,Q3,23,2,Tuesday,False
30-Sep-14,2014,9,September,01-Sep-14,Q3,30,2,Tuesday,False
01-Sep-15,2015,9,September,01-Sep-15,Q3,1,2,Tuesday,False
08-Sep-15,2015,9,September,01-Sep-15,Q3,8,2,Tuesday,False
15-Sep-15,2015,9,September,01-Sep-15,Q3,15,2,Tuesday,False
22-Sep-15,2015,9,September,01-Sep-15,Q3,22,2,Tuesday,False
29-Sep-15,2015,9,September,01-Sep-15,Q3,29,2,Tuesday,False
06-Sep-16,2016,9,September,01-Sep-16,Q3,6,2,Tuesday,False
13-Sep-16,2016,9,September,01-Sep-16,Q3,13,2,Tuesday,False
20-Sep-16,2016,9,September,01-Sep-16,Q3,20,2,Tuesday,False
27-Sep-16,2016,9,September,01-Sep-16,Q3,27,2,Tuesday,False
05-Sep-17,2017,9,September,01-Sep-17,Q3,5,2,Tuesday,False
12-Sep-17,2017,9,September,01-Sep-17,Q3,12,2,Tuesday,False
19-Sep-17,2017,9,September,01-Sep-17,Q3,19,2,Tuesday,False
26-Sep-17,2017,9,September,01-Sep-17,Q3,26,2,Tuesday,False
04-Sep-18,2018,9,September,01-Sep-18,Q3,4,2,Tuesday,False
11-Sep-18,2018,9,September,01-Sep-18,Q3,11,2,Tuesday,False
18-Sep-18,2018,9,September,01-Sep-18,Q3,18,2,Tuesday,False
25-Sep-18,2018,9,September,01-Sep-18,Q3,25,2,Tuesday,False
03-Sep-19,2019,9,September,01-Sep-19,Q3,3,2,Tuesday,False
10-Sep-19,2019,9,September,01-Sep-19,Q3,10,2,Tuesday,False
17-Sep-19,2019,9,September,01-Sep-19,Q3,17,2,Tuesday,False
24-Sep-19,2019,9,September,01-Sep-19,Q3,24,2,Tuesday,False
01-Sep-20,2020,9,September,01-Sep-20,Q3,1,2,Tuesday,False
08-Sep-20,2020,9,September,01-Sep-20,Q3,8,2,Tuesday,False
15-Sep-20,2020,9,September,01-Sep-20,Q3,15,2,Tuesday,False
22-Sep-20,2020,9,September,01-Sep-20,Q3,22,2,Tuesday,False
29-Sep-20,2020,9,September,01-Sep-20,Q3,29,2,Tuesday,False
07-Sep-21,2021,9,September,01-Sep-21,Q3,7,2,Tuesday,False
14-Sep-21,2021,9,September,01-Sep-21,Q3,14,2,Tuesday,False
21-Sep-21,2021,9,September,01-Sep-21,Q3,21,2,Tuesday,False
28-Sep-21,2021,9,September,01-Sep-21,Q3,28,2,Tuesday,False
06-Sep-22,2022,9,September,01-Sep-22,Q3,6,2,Tuesday,False
13-Sep-22,2022,9,September,01-Sep-22,Q3,13,2,Tuesday,False
20-Sep-22,2022,9,September,01-Sep-22,Q3,20,2,Tuesday,False
27-Sep-22,2022,9,September,01-Sep-22,Q3,27,2,Tuesday,False
05-Sep-23,2023,9,September,01-Sep-23,Q3,5,2,Tuesday,False
12-Sep-23,2023,9,September,01-Sep-23,Q3,12,2,Tuesday,False
19-Sep-23,2023,9,September,01-Sep-23,Q3,19,2,Tuesday,False
26-Sep-23,2023,9,September,01-Sep-23,Q3,26,2,Tuesday,False
03-Sep-24,2024,9,September,01-Sep-24,Q3,3,2,Tuesday,False
10-Sep-24,2024,9,September,01-Sep-24,Q3,10,2,Tuesday,False
17-Sep-24,2024,9,September,01-Sep-24,Q3,17,2,Tuesday,False
24-Sep-24,2024,9,September,01-Sep-24,Q3,24,2,Tuesday,False
02-Sep-25,2025,9,September,01-Sep-25,Q3,2,2,Tuesday,False
09-Sep-25,2025,9,September,01-Sep-25,Q3,9,2,Tuesday,False
16-Sep-25,2025,9,September,01-Sep-25,Q3,16,2,Tuesday,False
23-Sep-25,2025,9,September,01-Sep-25,Q3,23,2,Tuesday,False
30-Sep-25,2025,9,September,01-Sep-25,Q3,30,2,Tuesday,False
01-Sep-26,2026,9,September,01-Sep-26,Q3,1,2,Tuesday,False
08-Sep-26,2026,9,September,01-Sep-26,Q3,8,2,Tuesday,False
15-Sep-26,2026,9,September,01-Sep-26,Q3,15,2,Tuesday,False
22-Sep-26,2026,9,September,01-Sep-26,Q3,22,2,Tuesday,False
29-Sep-26,2026,9,September,01-Sep-26,Q3,29,2,Tuesday,False
07-Sep-27,2027,9,September,01-Sep-27,Q3,7,2,Tuesday,False
14-Sep-27,2027,9,September,01-Sep-27,Q3,14,2,Tuesday,False
21-Sep-27,2027,9,September,01-Sep-27,Q3,21,2,Tuesday,False
28-Sep-27,2027,9,September,01-Sep-27,Q3,28,2,Tuesday,False
05-Sep-28,2028,9,September,01-Sep-28,Q3,5,2,Tuesday,False
12-Sep-28,2028,9,September,01-Sep-28,Q3,12,2,Tuesday,False
19-Sep-28,2028,9,September,01-Sep-28,Q3,19,2,Tuesday,False
26-Sep-28,2028,9,September,01-Sep-28,Q3,26,2,Tuesday,False
02-Nov-10,2010,11,November,01-Nov-10,Q4,2,2,Tuesday,False
09-Nov-10,2010,11,November,01-Nov-10,Q4,9,2,Tuesday,False
16-Nov-10,2010,11,November,01-Nov-10,Q4,16,2,Tuesday,False
23-Nov-10,2010,11,November,01-Nov-10,Q4,23,2,Tuesday,False
30-Nov-10,2010,11,November,01-Nov-10,Q4,30,2,Tuesday,False
01-Nov-11,2011,11,November,01-Nov-11,Q4,1,2,Tuesday,False
08-Nov-11,2011,11,November,01-Nov-11,Q4,8,2,Tuesday,False
15-Nov-11,2011,11,November,01-Nov-11,Q4,15,2,Tuesday,False
22-Nov-11,2011,11,November,01-Nov-11,Q4,22,2,Tuesday,False
29-Nov-11,2011,11,November,01-Nov-11,Q4,29,2,Tuesday,False
06-Nov-12,2012,11,November,01-Nov-12,Q4,6,2,Tuesday,False
13-Nov-12,2012,11,November,01-Nov-12,Q4,13,2,Tuesday,False
20-Nov-12,2012,11,November,01-Nov-12,Q4,20,2,Tuesday,False
27-Nov-12,2012,11,November,01-Nov-12,Q4,27,2,Tuesday,False
05-Nov-13,2013,11,November,01-Nov-13,Q4,5,2,Tuesday,False
12-Nov-13,2013,11,November,01-Nov-13,Q4,12,2,Tuesday,False
19-Nov-13,2013,11,November,01-Nov-13,Q4,19,2,Tuesday,False
26-Nov-13,2013,11,November,01-Nov-13,Q4,26,2,Tuesday,False
04-Nov-14,2014,11,November,01-Nov-14,Q4,4,2,Tuesday,False
11-Nov-14,2014,11,November,01-Nov-14,Q4,11,2,Tuesday,False
18-Nov-14,2014,11,November,01-Nov-14,Q4,18,2,Tuesday,False
25-Nov-14,2014,11,November,01-Nov-14,Q4,25,2,Tuesday,False
03-Nov-15,2015,11,November,01-Nov-15,Q4,3,2,Tuesday,False
10-Nov-15,2015,11,November,01-Nov-15,Q4,10,2,Tuesday,False
17-Nov-15,2015,11,November,01-Nov-15,Q4,17,2,Tuesday,False
24-Nov-15,2015,11,November,01-Nov-15,Q4,24,2,Tuesday,False
01-Nov-16,2016,11,November,01-Nov-16,Q4,1,2,Tuesday,False
08-Nov-16,2016,11,November,01-Nov-16,Q4,8,2,Tuesday,False
15-Nov-16,2016,11,November,01-Nov-16,Q4,15,2,Tuesday,False
22-Nov-16,2016,11,November,01-Nov-16,Q4,22,2,Tuesday,False
29-Nov-16,2016,11,November,01-Nov-16,Q4,29,2,Tuesday,False
07-Nov-17,2017,11,November,01-Nov-17,Q4,7,2,Tuesday,False
14-Nov-17,2017,11,November,01-Nov-17,Q4,14,2,Tuesday,False
21-Nov-17,2017,11,November,01-Nov-17,Q4,21,2,Tuesday,False
28-Nov-17,2017,11,November,01-Nov-17,Q4,28,2,Tuesday,False
06-Nov-18,2018,11,November,01-Nov-18,Q4,6,2,Tuesday,False
13-Nov-18,2018,11,November,01-Nov-18,Q4,13,2,Tuesday,False
20-Nov-18,2018,11,November,01-Nov-18,Q4,20,2,Tuesday,False
27-Nov-18,2018,11,November,01-Nov-18,Q4,27,2,Tuesday,False
05-Nov-19,2019,11,November,01-Nov-19,Q4,5,2,Tuesday,False
12-Nov-19,2019,11,November,01-Nov-19,Q4,12,2,Tuesday,False
19-Nov-19,2019,11,November,01-Nov-19,Q4,19,2,Tuesday,False
26-Nov-19,2019,11,November,01-Nov-19,Q4,26,2,Tuesday,False
03-Nov-20,2020,11,November,01-Nov-20,Q4,3,2,Tuesday,False
10-Nov-20,2020,11,November,01-Nov-20,Q4,10,2,Tuesday,False
17-Nov-20,2020,11,November,01-Nov-20,Q4,17,2,Tuesday,False
24-Nov-20,2020,11,November,01-Nov-20,Q4,24,2,Tuesday,False
02-Nov-21,2021,11,November,01-Nov-21,Q4,2,2,Tuesday,False
09-Nov-21,2021,11,November,01-Nov-21,Q4,9,2,Tuesday,False
16-Nov-21,2021,11,November,01-Nov-21,Q4,16,2,Tuesday,False
23-Nov-21,2021,11,November,01-Nov-21,Q4,23,2,Tuesday,False
30-Nov-21,2021,11,November,01-Nov-21,Q4,30,2,Tuesday,False
01-Nov-22,2022,11,November,01-Nov-22,Q4,1,2,Tuesday,False
08-Nov-22,2022,11,November,01-Nov-22,Q4,8,2,Tuesday,False
15-Nov-22,2022,11,November,01-Nov-22,Q4,15,2,Tuesday,False
22-Nov-22,2022,11,November,01-Nov-22,Q4,22,2,Tuesday,False
29-Nov-22,2022,11,November,01-Nov-22,Q4,29,2,Tuesday,False
07-Nov-23,2023,11,November,01-Nov-23,Q4,7,2,Tuesday,False
14-Nov-23,2023,11,November,01-Nov-23,Q4,14,2,Tuesday,False
21-Nov-23,2023,11,November,01-Nov-23,Q4,21,2,Tuesday,False
28-Nov-23,2023,11,November,01-Nov-23,Q4,28,2,Tuesday,False
05-Nov-24,2024,11,November,01-Nov-24,Q4,5,2,Tuesday,False
12-Nov-24,2024,11,November,01-Nov-24,Q4,12,2,Tuesday,False
19-Nov-24,2024,11,November,01-Nov-24,Q4,19,2,Tuesday,False
26-Nov-24,2024,11,November,01-Nov-24,Q4,26,2,Tuesday,False
04-Nov-25,2025,11,November,01-Nov-25,Q4,4,2,Tuesday,False
11-Nov-25,2025,11,November,01-Nov-25,Q4,11,2,Tuesday,False
18-Nov-25,2025,11,November,01-Nov-25,Q4,18,2,Tuesday,False
25-Nov-25,2025,11,November,01-Nov-25,Q4,25,2,Tuesday,False
03-Nov-26,2026,11,November,01-Nov-26,Q4,3,2,Tuesday,False
10-Nov-26,2026,11,November,01-Nov-26,Q4,10,2,Tuesday,False
17-Nov-26,2026,11,November,01-Nov-26,Q4,17,2,Tuesday,False
24-Nov-26,2026,11,November,01-Nov-26,Q4,24,2,Tuesday,False
02-Nov-27,2027,11,November,01-Nov-27,Q4,2,2,Tuesday,False
09-Nov-27,2027,11,November,01-Nov-27,Q4,9,2,Tuesday,False
16-Nov-27,2027,11,November,01-Nov-27,Q4,16,2,Tuesday,False
23-Nov-27,2027,11,November,01-Nov-27,Q4,23,2,Tuesday,False
30-Nov-27,2027,11,November,01-Nov-27,Q4,30,2,Tuesday,False
07-Nov-28,2028,11,November,01-Nov-28,Q4,7,2,Tuesday,False
14-Nov-28,2028,11,November,01-Nov-28,Q4,14,2,Tuesday,False
21-Nov-28,2028,11,November,01-Nov-28,Q4,21,2,Tuesday,False
28-Nov-28,2028,11,November,01-Nov-28,Q4,28,2,Tuesday,False
07-Dec-10,2010,12,December,01-Dec-10,Q4,7,2,Tuesday,False
14-Dec-10,2010,12,December,01-Dec-10,Q4,14,2,Tuesday,False
21-Dec-10,2010,12,December,01-Dec-10,Q4,21,2,Tuesday,False
28-Dec-10,2010,12,December,01-Dec-10,Q4,28,2,Tuesday,False
06-Dec-11,2011,12,December,01-Dec-11,Q4,6,2,Tuesday,False
13-Dec-11,2011,12,December,01-Dec-11,Q4,13,2,Tuesday,False
20-Dec-11,2011,12,December,01-Dec-11,Q4,20,2,Tuesday,False
27-Dec-11,2011,12,December,01-Dec-11,Q4,27,2,Tuesday,False
04-Dec-12,2012,12,December,01-Dec-12,Q4,4,2,Tuesday,False
11-Dec-12,2012,12,December,01-Dec-12,Q4,11,2,Tuesday,False
18-Dec-12,2012,12,December,01-Dec-12,Q4,18,2,Tuesday,False
25-Dec-12,2012,12,December,01-Dec-12,Q4,25,2,Tuesday,False
03-Dec-13,2013,12,December,01-Dec-13,Q4,3,2,Tuesday,False
10-Dec-13,2013,12,December,01-Dec-13,Q4,10,2,Tuesday,False
17-Dec-13,2013,12,December,01-Dec-13,Q4,17,2,Tuesday,False
24-Dec-13,2013,12,December,01-Dec-13,Q4,24,2,Tuesday,False
31-Dec-13,2013,12,December,01-Dec-13,Q4,31,2,Tuesday,False
02-Dec-14,2014,12,December,01-Dec-14,Q4,2,2,Tuesday,False
09-Dec-14,2014,12,December,01-Dec-14,Q4,9,2,Tuesday,False
16-Dec-14,2014,12,December,01-Dec-14,Q4,16,2,Tuesday,False
23-Dec-14,2014,12,December,01-Dec-14,Q4,23,2,Tuesday,False
30-Dec-14,2014,12,December,01-Dec-14,Q4,30,2,Tuesday,False
01-Dec-15,2015,12,December,01-Dec-15,Q4,1,2,Tuesday,False
08-Dec-15,2015,12,December,01-Dec-15,Q4,8,2,Tuesday,False
15-Dec-15,2015,12,December,01-Dec-15,Q4,15,2,Tuesday,False
22-Dec-15,2015,12,December,01-Dec-15,Q4,22,2,Tuesday,False
29-Dec-15,2015,12,December,01-Dec-15,Q4,29,2,Tuesday,False
06-Dec-16,2016,12,December,01-Dec-16,Q4,6,2,Tuesday,False
13-Dec-16,2016,12,December,01-Dec-16,Q4,13,2,Tuesday,False
20-Dec-16,2016,12,December,01-Dec-16,Q4,20,2,Tuesday,False
27-Dec-16,2016,12,December,01-Dec-16,Q4,27,2,Tuesday,False
05-Dec-17,2017,12,December,01-Dec-17,Q4,5,2,Tuesday,False
12-Dec-17,2017,12,December,01-Dec-17,Q4,12,2,Tuesday,False
19-Dec-17,2017,12,December,01-Dec-17,Q4,19,2,Tuesday,False
26-Dec-17,2017,12,December,01-Dec-17,Q4,26,2,Tuesday,False
04-Dec-18,2018,12,December,01-Dec-18,Q4,4,2,Tuesday,False
11-Dec-18,2018,12,December,01-Dec-18,Q4,11,2,Tuesday,False
18-Dec-18,2018,12,December,01-Dec-18,Q4,18,2,Tuesday,False
25-Dec-18,2018,12,December,01-Dec-18,Q4,25,2,Tuesday,False
03-Dec-19,2019,12,December,01-Dec-19,Q4,3,2,Tuesday,False
10-Dec-19,2019,12,December,01-Dec-19,Q4,10,2,Tuesday,False
17-Dec-19,2019,12,December,01-Dec-19,Q4,17,2,Tuesday,False
24-Dec-19,2019,12,December,01-Dec-19,Q4,24,2,Tuesday,False
31-Dec-19,2019,12,December,01-Dec-19,Q4,31,2,Tuesday,False
01-Dec-20,2020,12,December,01-Dec-20,Q4,1,2,Tuesday,False
08-Dec-20,2020,12,December,01-Dec-20,Q4,8,2,Tuesday,False
15-Dec-20,2020,12,December,01-Dec-20,Q4,15,2,Tuesday,False
22-Dec-20,2020,12,December,01-Dec-20,Q4,22,2,Tuesday,False
29-Dec-20,2020,12,December,01-Dec-20,Q4,29,2,Tuesday,False
07-Dec-21,2021,12,December,01-Dec-21,Q4,7,2,Tuesday,False
14-Dec-21,2021,12,December,01-Dec-21,Q4,14,2,Tuesday,False
21-Dec-21,2021,12,December,01-Dec-21,Q4,21,2,Tuesday,False
28-Dec-21,2021,12,December,01-Dec-21,Q4,28,2,Tuesday,False
06-Dec-22,2022,12,December,01-Dec-22,Q4,6,2,Tuesday,False
13-Dec-22,2022,12,December,01-Dec-22,Q4,13,2,Tuesday,False
20-Dec-22,2022,12,December,01-Dec-22,Q4,20,2,Tuesday,False
27-Dec-22,2022,12,December,01-Dec-22,Q4,27,2,Tuesday,False
05-Dec-23,2023,12,December,01-Dec-23,Q4,5,2,Tuesday,False
12-Dec-23,2023,12,December,01-Dec-23,Q4,12,2,Tuesday,False
19-Dec-23,2023,12,December,01-Dec-23,Q4,19,2,Tuesday,False
26-Dec-23,2023,12,December,01-Dec-23,Q4,26,2,Tuesday,False
03-Dec-24,2024,12,December,01-Dec-24,Q4,3,2,Tuesday,False
10-Dec-24,2024,12,December,01-Dec-24,Q4,10,2,Tuesday,False
17-Dec-24,2024,12,December,01-Dec-24,Q4,17,2,Tuesday,False
24-Dec-24,2024,12,December,01-Dec-24,Q4,24,2,Tuesday,False
31-Dec-24,2024,12,December,01-Dec-24,Q4,31,2,Tuesday,False
02-Dec-25,2025,12,December,01-Dec-25,Q4,2,2,Tuesday,False
09-Dec-25,2025,12,December,01-Dec-25,Q4,9,2,Tuesday,False
16-Dec-25,2025,12,December,01-Dec-25,Q4,16,2,Tuesday,False
23-Dec-25,2025,12,December,01-Dec-25,Q4,23,2,Tuesday,False
30-Dec-25,2025,12,December,01-Dec-25,Q4,30,2,Tuesday,False
01-Dec-26,2026,12,December,01-Dec-26,Q4,1,2,Tuesday,False
08-Dec-26,2026,12,December,01-Dec-26,Q4,8,2,Tuesday,False
15-Dec-26,2026,12,December,01-Dec-26,Q4,15,2,Tuesday,False
22-Dec-26,2026,12,December,01-Dec-26,Q4,22,2,Tuesday,False
29-Dec-26,2026,12,December,01-Dec-26,Q4,29,2,Tuesday,False
07-Dec-27,2027,12,December,01-Dec-27,Q4,7,2,Tuesday,False
14-Dec-27,2027,12,December,01-Dec-27,Q4,14,2,Tuesday,False
21-Dec-27,2027,12,December,01-Dec-27,Q4,21,2,Tuesday,False
28-Dec-27,2027,12,December,01-Dec-27,Q4,28,2,Tuesday,False
05-Dec-28,2028,12,December,01-Dec-28,Q4,5,2,Tuesday,False
12-Dec-28,2028,12,December,01-Dec-28,Q4,12,2,Tuesday,False
19-Dec-28,2028,12,December,01-Dec-28,Q4,19,2,Tuesday,False
26-Dec-28,2028,12,December,01-Dec-28,Q4,26,2,Tuesday,False
05-Oct-10,2010,10,October,01-Oct-10,Q4,5,2,Tuesday,False
12-Oct-10,2010,10,October,01-Oct-10,Q4,12,2,Tuesday,False
19-Oct-10,2010,10,October,01-Oct-10,Q4,19,2,Tuesday,False
26-Oct-10,2010,10,October,01-Oct-10,Q4,26,2,Tuesday,False
04-Oct-11,2011,10,October,01-Oct-11,Q4,4,2,Tuesday,False
11-Oct-11,2011,10,October,01-Oct-11,Q4,11,2,Tuesday,False
18-Oct-11,2011,10,October,01-Oct-11,Q4,18,2,Tuesday,False
25-Oct-11,2011,10,October,01-Oct-11,Q4,25,2,Tuesday,False
02-Oct-12,2012,10,October,01-Oct-12,Q4,2,2,Tuesday,False
09-Oct-12,2012,10,October,01-Oct-12,Q4,9,2,Tuesday,False
16-Oct-12,2012,10,October,01-Oct-12,Q4,16,2,Tuesday,False
23-Oct-12,2012,10,October,01-Oct-12,Q4,23,2,Tuesday,False
30-Oct-12,2012,10,October,01-Oct-12,Q4,30,2,Tuesday,False
01-Oct-13,2013,10,October,01-Oct-13,Q4,1,2,Tuesday,False
08-Oct-13,2013,10,October,01-Oct-13,Q4,8,2,Tuesday,False
15-Oct-13,2013,10,October,01-Oct-13,Q4,15,2,Tuesday,False
22-Oct-13,2013,10,October,01-Oct-13,Q4,22,2,Tuesday,False
29-Oct-13,2013,10,October,01-Oct-13,Q4,29,2,Tuesday,False
07-Oct-14,2014,10,October,01-Oct-14,Q4,7,2,Tuesday,False
14-Oct-14,2014,10,October,01-Oct-14,Q4,14,2,Tuesday,False
21-Oct-14,2014,10,October,01-Oct-14,Q4,21,2,Tuesday,False
28-Oct-14,2014,10,October,01-Oct-14,Q4,28,2,Tuesday,False
06-Oct-15,2015,10,October,01-Oct-15,Q4,6,2,Tuesday,False
13-Oct-15,2015,10,October,01-Oct-15,Q4,13,2,Tuesday,False
20-Oct-15,2015,10,October,01-Oct-15,Q4,20,2,Tuesday,False
27-Oct-15,2015,10,October,01-Oct-15,Q4,27,2,Tuesday,False
04-Oct-16,2016,10,October,01-Oct-16,Q4,4,2,Tuesday,False
11-Oct-16,2016,10,October,01-Oct-16,Q4,11,2,Tuesday,False
18-Oct-16,2016,10,October,01-Oct-16,Q4,18,2,Tuesday,False
25-Oct-16,2016,10,October,01-Oct-16,Q4,25,2,Tuesday,False
03-Oct-17,2017,10,October,01-Oct-17,Q4,3,2,Tuesday,False
10-Oct-17,2017,10,October,01-Oct-17,Q4,10,2,Tuesday,False
17-Oct-17,2017,10,October,01-Oct-17,Q4,17,2,Tuesday,False
24-Oct-17,2017,10,October,01-Oct-17,Q4,24,2,Tuesday,False
31-Oct-17,2017,10,October,01-Oct-17,Q4,31,2,Tuesday,False
02-Oct-18,2018,10,October,01-Oct-18,Q4,2,2,Tuesday,False
09-Oct-18,2018,10,October,01-Oct-18,Q4,9,2,Tuesday,False
16-Oct-18,2018,10,October,01-Oct-18,Q4,16,2,Tuesday,False
23-Oct-18,2018,10,October,01-Oct-18,Q4,23,2,Tuesday,False
30-Oct-18,2018,10,October,01-Oct-18,Q4,30,2,Tuesday,False
01-Oct-19,2019,10,October,01-Oct-19,Q4,1,2,Tuesday,False
08-Oct-19,2019,10,October,01-Oct-19,Q4,8,2,Tuesday,False
15-Oct-19,2019,10,October,01-Oct-19,Q4,15,2,Tuesday,False
22-Oct-19,2019,10,October,01-Oct-19,Q4,22,2,Tuesday,False
29-Oct-19,2019,10,October,01-Oct-19,Q4,29,2,Tuesday,False
06-Oct-20,2020,10,October,01-Oct-20,Q4,6,2,Tuesday,False
13-Oct-20,2020,10,October,01-Oct-20,Q4,13,2,Tuesday,False
20-Oct-20,2020,10,October,01-Oct-20,Q4,20,2,Tuesday,False
27-Oct-20,2020,10,October,01-Oct-20,Q4,27,2,Tuesday,False
05-Oct-21,2021,10,October,01-Oct-21,Q4,5,2,Tuesday,False
12-Oct-21,2021,10,October,01-Oct-21,Q4,12,2,Tuesday,False
19-Oct-21,2021,10,October,01-Oct-21,Q4,19,2,Tuesday,False
26-Oct-21,2021,10,October,01-Oct-21,Q4,26,2,Tuesday,False
04-Oct-22,2022,10,October,01-Oct-22,Q4,4,2,Tuesday,False
11-Oct-22,2022,10,October,01-Oct-22,Q4,11,2,Tuesday,False
18-Oct-22,2022,10,October,01-Oct-22,Q4,18,2,Tuesday,False
25-Oct-22,2022,10,October,01-Oct-22,Q4,25,2,Tuesday,False
03-Oct-23,2023,10,October,01-Oct-23,Q4,3,2,Tuesday,False
10-Oct-23,2023,10,October,01-Oct-23,Q4,10,2,Tuesday,False
17-Oct-23,2023,10,October,01-Oct-23,Q4,17,2,Tuesday,False
24-Oct-23,2023,10,October,01-Oct-23,Q4,24,2,Tuesday,False
31-Oct-23,2023,10,October,01-Oct-23,Q4,31,2,Tuesday,False
01-Oct-24,2024,10,October,01-Oct-24,Q4,1,2,Tuesday,False
08-Oct-24,2024,10,October,01-Oct-24,Q4,8,2,Tuesday,False
15-Oct-24,2024,10,October,01-Oct-24,Q4,15,2,Tuesday,False
22-Oct-24,2024,10,October,01-Oct-24,Q4,22,2,Tuesday,False
29-Oct-24,2024,10,October,01-Oct-24,Q4,29,2,Tuesday,False
07-Oct-25,2025,10,October,01-Oct-25,Q4,7,2,Tuesday,False
14-Oct-25,2025,10,October,01-Oct-25,Q4,14,2,Tuesday,False
21-Oct-25,2025,10,October,01-Oct-25,Q4,21,2,Tuesday,False
28-Oct-25,2025,10,October,01-Oct-25,Q4,28,2,Tuesday,False
06-Oct-26,2026,10,October,01-Oct-26,Q4,6,2,Tuesday,False
13-Oct-26,2026,10,October,01-Oct-26,Q4,13,2,Tuesday,False
20-Oct-26,2026,10,October,01-Oct-26,Q4,20,2,Tuesday,False
27-Oct-26,2026,10,October,01-Oct-26,Q4,27,2,Tuesday,False
05-Oct-27,2027,10,October,01-Oct-27,Q4,5,2,Tuesday,False
12-Oct-27,2027,10,October,01-Oct-27,Q4,12,2,Tuesday,False
19-Oct-27,2027,10,October,01-Oct-27,Q4,19,2,Tuesday,False
26-Oct-27,2027,10,October,01-Oct-27,Q4,26,2,Tuesday,False
03-Oct-28,2028,10,October,01-Oct-28,Q4,3,2,Tuesday,False
10-Oct-28,2028,10,October,01-Oct-28,Q4,10,2,Tuesday,False
17-Oct-28,2028,10,October,01-Oct-28,Q4,17,2,Tuesday,False
24-Oct-28,2028,10,October,01-Oct-28,Q4,24,2,Tuesday,False
31-Oct-28,2028,10,October,01-Oct-28,Q4,31,2,Tuesday,False
04-May-10,2010,5,May,01-May-10,Q2,4,2,Tuesday,False
11-May-10,2010,5,May,01-May-10,Q2,11,2,Tuesday,False
18-May-10,2010,5,May,01-May-10,Q2,18,2,Tuesday,False
25-May-10,2010,5,May,01-May-10,Q2,25,2,Tuesday,False
03-May-11,2011,5,May,01-May-11,Q2,3,2,Tuesday,False
10-May-11,2011,5,May,01-May-11,Q2,10,2,Tuesday,False
17-May-11,2011,5,May,01-May-11,Q2,17,2,Tuesday,False
24-May-11,2011,5,May,01-May-11,Q2,24,2,Tuesday,False
31-May-11,2011,5,May,01-May-11,Q2,31,2,Tuesday,False
01-May-12,2012,5,May,01-May-12,Q2,1,2,Tuesday,False
08-May-12,2012,5,May,01-May-12,Q2,8,2,Tuesday,False
15-May-12,2012,5,May,01-May-12,Q2,15,2,Tuesday,False
22-May-12,2012,5,May,01-May-12,Q2,22,2,Tuesday,False
29-May-12,2012,5,May,01-May-12,Q2,29,2,Tuesday,False
07-May-13,2013,5,May,01-May-13,Q2,7,2,Tuesday,False
14-May-13,2013,5,May,01-May-13,Q2,14,2,Tuesday,False
21-May-13,2013,5,May,01-May-13,Q2,21,2,Tuesday,False
28-May-13,2013,5,May,01-May-13,Q2,28,2,Tuesday,False
06-May-14,2014,5,May,01-May-14,Q2,6,2,Tuesday,False
13-May-14,2014,5,May,01-May-14,Q2,13,2,Tuesday,False
20-May-14,2014,5,May,01-May-14,Q2,20,2,Tuesday,False
27-May-14,2014,5,May,01-May-14,Q2,27,2,Tuesday,False
05-May-15,2015,5,May,01-May-15,Q2,5,2,Tuesday,False
12-May-15,2015,5,May,01-May-15,Q2,12,2,Tuesday,False
19-May-15,2015,5,May,01-May-15,Q2,19,2,Tuesday,False
26-May-15,2015,5,May,01-May-15,Q2,26,2,Tuesday,False
03-May-16,2016,5,May,01-May-16,Q2,3,2,Tuesday,False
10-May-16,2016,5,May,01-May-16,Q2,10,2,Tuesday,False
17-May-16,2016,5,May,01-May-16,Q2,17,2,Tuesday,False
24-May-16,2016,5,May,01-May-16,Q2,24,2,Tuesday,False
31-May-16,2016,5,May,01-May-16,Q2,31,2,Tuesday,False
02-May-17,2017,5,May,01-May-17,Q2,2,2,Tuesday,False
09-May-17,2017,5,May,01-May-17,Q2,9,2,Tuesday,False
16-May-17,2017,5,May,01-May-17,Q2,16,2,Tuesday,False
23-May-17,2017,5,May,01-May-17,Q2,23,2,Tuesday,False
30-May-17,2017,5,May,01-May-17,Q2,30,2,Tuesday,False
01-May-18,2018,5,May,01-May-18,Q2,1,2,Tuesday,False
08-May-18,2018,5,May,01-May-18,Q2,8,2,Tuesday,False
15-May-18,2018,5,May,01-May-18,Q2,15,2,Tuesday,False
22-May-18,2018,5,May,01-May-18,Q2,22,2,Tuesday,False
29-May-18,2018,5,May,01-May-18,Q2,29,2,Tuesday,False
07-May-19,2019,5,May,01-May-19,Q2,7,2,Tuesday,False
14-May-19,2019,5,May,01-May-19,Q2,14,2,Tuesday,False
21-May-19,2019,5,May,01-May-19,Q2,21,2,Tuesday,False
28-May-19,2019,5,May,01-May-19,Q2,28,2,Tuesday,False
05-May-20,2020,5,May,01-May-20,Q2,5,2,Tuesday,False
12-May-20,2020,5,May,01-May-20,Q2,12,2,Tuesday,False
19-May-20,2020,5,May,01-May-20,Q2,19,2,Tuesday,False
26-May-20,2020,5,May,01-May-20,Q2,26,2,Tuesday,False
04-May-21,2021,5,May,01-May-21,Q2,4,2,Tuesday,False
11-May-21,2021,5,May,01-May-21,Q2,11,2,Tuesday,False
18-May-21,2021,5,May,01-May-21,Q2,18,2,Tuesday,False
25-May-21,2021,5,May,01-May-21,Q2,25,2,Tuesday,False
03-May-22,2022,5,May,01-May-22,Q2,3,2,Tuesday,False
10-May-22,2022,5,May,01-May-22,Q2,10,2,Tuesday,False
17-May-22,2022,5,May,01-May-22,Q2,17,2,Tuesday,False
24-May-22,2022,5,May,01-May-22,Q2,24,2,Tuesday,False
31-May-22,2022,5,May,01-May-22,Q2,31,2,Tuesday,False
02-May-23,2023,5,May,01-May-23,Q2,2,2,Tuesday,False
09-May-23,2023,5,May,01-May-23,Q2,9,2,Tuesday,False
16-May-23,2023,5,May,01-May-23,Q2,16,2,Tuesday,False
23-May-23,2023,5,May,01-May-23,Q2,23,2,Tuesday,False
30-May-23,2023,5,May,01-May-23,Q2,30,2,Tuesday,False
07-May-24,2024,5,May,01-May-24,Q2,7,2,Tuesday,False
14-May-24,2024,5,May,01-May-24,Q2,14,2,Tuesday,False
21-May-24,2024,5,May,01-May-24,Q2,21,2,Tuesday,False
28-May-24,2024,5,May,01-May-24,Q2,28,2,Tuesday,False
06-May-25,2025,5,May,01-May-25,Q2,6,2,Tuesday,False
13-May-25,2025,5,May,01-May-25,Q2,13,2,Tuesday,False
20-May-25,2025,5,May,01-May-25,Q2,20,2,Tuesday,False
27-May-25,2025,5,May,01-May-25,Q2,27,2,Tuesday,False
05-May-26,2026,5,May,01-May-26,Q2,5,2,Tuesday,False
12-May-26,2026,5,May,01-May-26,Q2,12,2,Tuesday,False
19-May-26,2026,5,May,01-May-26,Q2,19,2,Tuesday,False
26-May-26,2026,5,May,01-May-26,Q2,26,2,Tuesday,False
04-May-27,2027,5,May,01-May-27,Q2,4,2,Tuesday,False
11-May-27,2027,5,May,01-May-27,Q2,11,2,Tuesday,False
18-May-27,2027,5,May,01-May-27,Q2,18,2,Tuesday,False
25-May-27,2027,5,May,01-May-27,Q2,25,2,Tuesday,False
02-May-28,2028,5,May,01-May-28,Q2,2,2,Tuesday,False
09-May-28,2028,5,May,01-May-28,Q2,9,2,Tuesday,False
16-May-28,2028,5,May,01-May-28,Q2,16,2,Tuesday,False
23-May-28,2028,5,May,01-May-28,Q2,23,2,Tuesday,False
30-May-28,2028,5,May,01-May-28,Q2,30,2,Tuesday,False
06-Apr-10,2010,4,April,01-Apr-10,Q2,6,2,Tuesday,False
13-Apr-10,2010,4,April,01-Apr-10,Q2,13,2,Tuesday,False
20-Apr-10,2010,4,April,01-Apr-10,Q2,20,2,Tuesday,False
27-Apr-10,2010,4,April,01-Apr-10,Q2,27,2,Tuesday,False
05-Apr-11,2011,4,April,01-Apr-11,Q2,5,2,Tuesday,False
12-Apr-11,2011,4,April,01-Apr-11,Q2,12,2,Tuesday,False
19-Apr-11,2011,4,April,01-Apr-11,Q2,19,2,Tuesday,False
26-Apr-11,2011,4,April,01-Apr-11,Q2,26,2,Tuesday,False
03-Apr-12,2012,4,April,01-Apr-12,Q2,3,2,Tuesday,False
10-Apr-12,2012,4,April,01-Apr-12,Q2,10,2,Tuesday,False
17-Apr-12,2012,4,April,01-Apr-12,Q2,17,2,Tuesday,False
24-Apr-12,2012,4,April,01-Apr-12,Q2,24,2,Tuesday,False
02-Apr-13,2013,4,April,01-Apr-13,Q2,2,2,Tuesday,False
09-Apr-13,2013,4,April,01-Apr-13,Q2,9,2,Tuesday,False
16-Apr-13,2013,4,April,01-Apr-13,Q2,16,2,Tuesday,False
23-Apr-13,2013,4,April,01-Apr-13,Q2,23,2,Tuesday,False
30-Apr-13,2013,4,April,01-Apr-13,Q2,30,2,Tuesday,False
01-Apr-14,2014,4,April,01-Apr-14,Q2,1,2,Tuesday,False
08-Apr-14,2014,4,April,01-Apr-14,Q2,8,2,Tuesday,False
15-Apr-14,2014,4,April,01-Apr-14,Q2,15,2,Tuesday,False
22-Apr-14,2014,4,April,01-Apr-14,Q2,22,2,Tuesday,False
29-Apr-14,2014,4,April,01-Apr-14,Q2,29,2,Tuesday,False
07-Apr-15,2015,4,April,01-Apr-15,Q2,7,2,Tuesday,False
14-Apr-15,2015,4,April,01-Apr-15,Q2,14,2,Tuesday,False
21-Apr-15,2015,4,April,01-Apr-15,Q2,21,2,Tuesday,False
28-Apr-15,2015,4,April,01-Apr-15,Q2,28,2,Tuesday,False
05-Apr-16,2016,4,April,01-Apr-16,Q2,5,2,Tuesday,False
12-Apr-16,2016,4,April,01-Apr-16,Q2,12,2,Tuesday,False
19-Apr-16,2016,4,April,01-Apr-16,Q2,19,2,Tuesday,False
26-Apr-16,2016,4,April,01-Apr-16,Q2,26,2,Tuesday,False
04-Apr-17,2017,4,April,01-Apr-17,Q2,4,2,Tuesday,False
11-Apr-17,2017,4,April,01-Apr-17,Q2,11,2,Tuesday,False
18-Apr-17,2017,4,April,01-Apr-17,Q2,18,2,Tuesday,False
25-Apr-17,2017,4,April,01-Apr-17,Q2,25,2,Tuesday,False
03-Apr-18,2018,4,April,01-Apr-18,Q2,3,2,Tuesday,False
10-Apr-18,2018,4,April,01-Apr-18,Q2,10,2,Tuesday,False
17-Apr-18,2018,4,April,01-Apr-18,Q2,17,2,Tuesday,False
24-Apr-18,2018,4,April,01-Apr-18,Q2,24,2,Tuesday,False
02-Apr-19,2019,4,April,01-Apr-19,Q2,2,2,Tuesday,False
09-Apr-19,2019,4,April,01-Apr-19,Q2,9,2,Tuesday,False
16-Apr-19,2019,4,April,01-Apr-19,Q2,16,2,Tuesday,False
23-Apr-19,2019,4,April,01-Apr-19,Q2,23,2,Tuesday,False
30-Apr-19,2019,4,April,01-Apr-19,Q2,30,2,Tuesday,False
07-Apr-20,2020,4,April,01-Apr-20,Q2,7,2,Tuesday,False
14-Apr-20,2020,4,April,01-Apr-20,Q2,14,2,Tuesday,False
21-Apr-20,2020,4,April,01-Apr-20,Q2,21,2,Tuesday,False
28-Apr-20,2020,4,April,01-Apr-20,Q2,28,2,Tuesday,False
06-Apr-21,2021,4,April,01-Apr-21,Q2,6,2,Tuesday,False
13-Apr-21,2021,4,April,01-Apr-21,Q2,13,2,Tuesday,False
20-Apr-21,2021,4,April,01-Apr-21,Q2,20,2,Tuesday,False
27-Apr-21,2021,4,April,01-Apr-21,Q2,27,2,Tuesday,False
05-Apr-22,2022,4,April,01-Apr-22,Q2,5,2,Tuesday,False
12-Apr-22,2022,4,April,01-Apr-22,Q2,12,2,Tuesday,False
19-Apr-22,2022,4,April,01-Apr-22,Q2,19,2,Tuesday,False
26-Apr-22,2022,4,April,01-Apr-22,Q2,26,2,Tuesday,False
04-Apr-23,2023,4,April,01-Apr-23,Q2,4,2,Tuesday,False
11-Apr-23,2023,4,April,01-Apr-23,Q2,11,2,Tuesday,False
18-Apr-23,2023,4,April,01-Apr-23,Q2,18,2,Tuesday,False
25-Apr-23,2023,4,April,01-Apr-23,Q2,25,2,Tuesday,False
02-Apr-24,2024,4,April,01-Apr-24,Q2,2,2,Tuesday,False
09-Apr-24,2024,4,April,01-Apr-24,Q2,9,2,Tuesday,False
16-Apr-24,2024,4,April,01-Apr-24,Q2,16,2,Tuesday,False
23-Apr-24,2024,4,April,01-Apr-24,Q2,23,2,Tuesday,False
30-Apr-24,2024,4,April,01-Apr-24,Q2,30,2,Tuesday,False
01-Apr-25,2025,4,April,01-Apr-25,Q2,1,2,Tuesday,False
08-Apr-25,2025,4,April,01-Apr-25,Q2,8,2,Tuesday,False
15-Apr-25,2025,4,April,01-Apr-25,Q2,15,2,Tuesday,False
22-Apr-25,2025,4,April,01-Apr-25,Q2,22,2,Tuesday,False
29-Apr-25,2025,4,April,01-Apr-25,Q2,29,2,Tuesday,False
07-Apr-26,2026,4,April,01-Apr-26,Q2,7,2,Tuesday,False
14-Apr-26,2026,4,April,01-Apr-26,Q2,14,2,Tuesday,False
21-Apr-26,2026,4,April,01-Apr-26,Q2,21,2,Tuesday,False
28-Apr-26,2026,4,April,01-Apr-26,Q2,28,2,Tuesday,False
06-Apr-27,2027,4,April,01-Apr-27,Q2,6,2,Tuesday,False
13-Apr-27,2027,4,April,01-Apr-27,Q2,13,2,Tuesday,False
20-Apr-27,2027,4,April,01-Apr-27,Q2,20,2,Tuesday,False
27-Apr-27,2027,4,April,01-Apr-27,Q2,27,2,Tuesday,False
04-Apr-28,2028,4,April,01-Apr-28,Q2,4,2,Tuesday,False
11-Apr-28,2028,4,April,01-Apr-28,Q2,11,2,Tuesday,False
18-Apr-28,2028,4,April,01-Apr-28,Q2,18,2,Tuesday,False
25-Apr-28,2028,4,April,01-Apr-28,Q2,25,2,Tuesday,False
01-Jun-10,2010,6,June,01-Jun-10,Q2,1,2,Tuesday,False
08-Jun-10,2010,6,June,01-Jun-10,Q2,8,2,Tuesday,False
15-Jun-10,2010,6,June,01-Jun-10,Q2,15,2,Tuesday,False
22-Jun-10,2010,6,June,01-Jun-10,Q2,22,2,Tuesday,False
29-Jun-10,2010,6,June,01-Jun-10,Q2,29,2,Tuesday,False
07-Jun-11,2011,6,June,01-Jun-11,Q2,7,2,Tuesday,False
14-Jun-11,2011,6,June,01-Jun-11,Q2,14,2,Tuesday,False
21-Jun-11,2011,6,June,01-Jun-11,Q2,21,2,Tuesday,False
28-Jun-11,2011,6,June,01-Jun-11,Q2,28,2,Tuesday,False
05-Jun-12,2012,6,June,01-Jun-12,Q2,5,2,Tuesday,False
12-Jun-12,2012,6,June,01-Jun-12,Q2,12,2,Tuesday,False
19-Jun-12,2012,6,June,01-Jun-12,Q2,19,2,Tuesday,False
26-Jun-12,2012,6,June,01-Jun-12,Q2,26,2,Tuesday,False
04-Jun-13,2013,6,June,01-Jun-13,Q2,4,2,Tuesday,False
11-Jun-13,2013,6,June,01-Jun-13,Q2,11,2,Tuesday,False
18-Jun-13,2013,6,June,01-Jun-13,Q2,18,2,Tuesday,False
25-Jun-13,2013,6,June,01-Jun-13,Q2,25,2,Tuesday,False
03-Jun-14,2014,6,June,01-Jun-14,Q2,3,2,Tuesday,False
10-Jun-14,2014,6,June,01-Jun-14,Q2,10,2,Tuesday,False
17-Jun-14,2014,6,June,01-Jun-14,Q2,17,2,Tuesday,False
24-Jun-14,2014,6,June,01-Jun-14,Q2,24,2,Tuesday,False
02-Jun-15,2015,6,June,01-Jun-15,Q2,2,2,Tuesday,False
09-Jun-15,2015,6,June,01-Jun-15,Q2,9,2,Tuesday,False
16-Jun-15,2015,6,June,01-Jun-15,Q2,16,2,Tuesday,False
23-Jun-15,2015,6,June,01-Jun-15,Q2,23,2,Tuesday,False
30-Jun-15,2015,6,June,01-Jun-15,Q2,30,2,Tuesday,False
07-Jun-16,2016,6,June,01-Jun-16,Q2,7,2,Tuesday,False
14-Jun-16,2016,6,June,01-Jun-16,Q2,14,2,Tuesday,False
21-Jun-16,2016,6,June,01-Jun-16,Q2,21,2,Tuesday,False
28-Jun-16,2016,6,June,01-Jun-16,Q2,28,2,Tuesday,False
06-Jun-17,2017,6,June,01-Jun-17,Q2,6,2,Tuesday,False
13-Jun-17,2017,6,June,01-Jun-17,Q2,13,2,Tuesday,False
20-Jun-17,2017,6,June,01-Jun-17,Q2,20,2,Tuesday,False
27-Jun-17,2017,6,June,01-Jun-17,Q2,27,2,Tuesday,False
05-Jun-18,2018,6,June,01-Jun-18,Q2,5,2,Tuesday,False
12-Jun-18,2018,6,June,01-Jun-18,Q2,12,2,Tuesday,False
19-Jun-18,2018,6,June,01-Jun-18,Q2,19,2,Tuesday,False
26-Jun-18,2018,6,June,01-Jun-18,Q2,26,2,Tuesday,False
04-Jun-19,2019,6,June,01-Jun-19,Q2,4,2,Tuesday,False
11-Jun-19,2019,6,June,01-Jun-19,Q2,11,2,Tuesday,False
18-Jun-19,2019,6,June,01-Jun-19,Q2,18,2,Tuesday,False
25-Jun-19,2019,6,June,01-Jun-19,Q2,25,2,Tuesday,False
02-Jun-20,2020,6,June,01-Jun-20,Q2,2,2,Tuesday,False
09-Jun-20,2020,6,June,01-Jun-20,Q2,9,2,Tuesday,False
16-Jun-20,2020,6,June,01-Jun-20,Q2,16,2,Tuesday,False
23-Jun-20,2020,6,June,01-Jun-20,Q2,23,2,Tuesday,False
30-Jun-20,2020,6,June,01-Jun-20,Q2,30,2,Tuesday,False
01-Jun-21,2021,6,June,01-Jun-21,Q2,1,2,Tuesday,False
08-Jun-21,2021,6,June,01-Jun-21,Q2,8,2,Tuesday,False
15-Jun-21,2021,6,June,01-Jun-21,Q2,15,2,Tuesday,False
22-Jun-21,2021,6,June,01-Jun-21,Q2,22,2,Tuesday,False
29-Jun-21,2021,6,June,01-Jun-21,Q2,29,2,Tuesday,False
07-Jun-22,2022,6,June,01-Jun-22,Q2,7,2,Tuesday,False
14-Jun-22,2022,6,June,01-Jun-22,Q2,14,2,Tuesday,False
21-Jun-22,2022,6,June,01-Jun-22,Q2,21,2,Tuesday,False
28-Jun-22,2022,6,June,01-Jun-22,Q2,28,2,Tuesday,False
06-Jun-23,2023,6,June,01-Jun-23,Q2,6,2,Tuesday,False
13-Jun-23,2023,6,June,01-Jun-23,Q2,13,2,Tuesday,False
20-Jun-23,2023,6,June,01-Jun-23,Q2,20,2,Tuesday,False
27-Jun-23,2023,6,June,01-Jun-23,Q2,27,2,Tuesday,False
04-Jun-24,2024,6,June,01-Jun-24,Q2,4,2,Tuesday,False
11-Jun-24,2024,6,June,01-Jun-24,Q2,11,2,Tuesday,False
18-Jun-24,2024,6,June,01-Jun-24,Q2,18,2,Tuesday,False
25-Jun-24,2024,6,June,01-Jun-24,Q2,25,2,Tuesday,False
03-Jun-25,2025,6,June,01-Jun-25,Q2,3,2,Tuesday,False
10-Jun-25,2025,6,June,01-Jun-25,Q2,10,2,Tuesday,False
17-Jun-25,2025,6,June,01-Jun-25,Q2,17,2,Tuesday,False
24-Jun-25,2025,6,June,01-Jun-25,Q2,24,2,Tuesday,False
02-Jun-26,2026,6,June,01-Jun-26,Q2,2,2,Tuesday,False
09-Jun-26,2026,6,June,01-Jun-26,Q2,9,2,Tuesday,False
16-Jun-26,2026,6,June,01-Jun-26,Q2,16,2,Tuesday,False
23-Jun-26,2026,6,June,01-Jun-26,Q2,23,2,Tuesday,False
30-Jun-26,2026,6,June,01-Jun-26,Q2,30,2,Tuesday,False
01-Jun-27,2027,6,June,01-Jun-27,Q2,1,2,Tuesday,False
08-Jun-27,2027,6,June,01-Jun-27,Q2,8,2,Tuesday,False
15-Jun-27,2027,6,June,01-Jun-27,Q2,15,2,Tuesday,False
22-Jun-27,2027,6,June,01-Jun-27,Q2,22,2,Tuesday,False
29-Jun-27,2027,6,June,01-Jun-27,Q2,29,2,Tuesday,False
06-Jun-28,2028,6,June,01-Jun-28,Q2,6,2,Tuesday,False
13-Jun-28,2028,6,June,01-Jun-28,Q2,13,2,Tuesday,False
20-Jun-28,2028,6,June,01-Jun-28,Q2,20,2,Tuesday,False
27-Jun-28,2028,6,June,01-Jun-28,Q2,27,2,Tuesday,False
02-Feb-10,2010,2,February,01-Feb-10,Q1,2,2,Tuesday,False
09-Feb-10,2010,2,February,01-Feb-10,Q1,9,2,Tuesday,False
16-Feb-10,2010,2,February,01-Feb-10,Q1,16,2,Tuesday,False
23-Feb-10,2010,2,February,01-Feb-10,Q1,23,2,Tuesday,False
01-Feb-11,2011,2,February,01-Feb-11,Q1,1,2,Tuesday,False
08-Feb-11,2011,2,February,01-Feb-11,Q1,8,2,Tuesday,False
15-Feb-11,2011,2,February,01-Feb-11,Q1,15,2,Tuesday,False
22-Feb-11,2011,2,February,01-Feb-11,Q1,22,2,Tuesday,False
07-Feb-12,2012,2,February,01-Feb-12,Q1,7,2,Tuesday,False
14-Feb-12,2012,2,February,01-Feb-12,Q1,14,2,Tuesday,False
21-Feb-12,2012,2,February,01-Feb-12,Q1,21,2,Tuesday,False
28-Feb-12,2012,2,February,01-Feb-12,Q1,28,2,Tuesday,False
05-Feb-13,2013,2,February,01-Feb-13,Q1,5,2,Tuesday,False
12-Feb-13,2013,2,February,01-Feb-13,Q1,12,2,Tuesday,False
19-Feb-13,2013,2,February,01-Feb-13,Q1,19,2,Tuesday,False
26-Feb-13,2013,2,February,01-Feb-13,Q1,26,2,Tuesday,False
04-Feb-14,2014,2,February,01-Feb-14,Q1,4,2,Tuesday,False
11-Feb-14,2014,2,February,01-Feb-14,Q1,11,2,Tuesday,False
18-Feb-14,2014,2,February,01-Feb-14,Q1,18,2,Tuesday,False
25-Feb-14,2014,2,February,01-Feb-14,Q1,25,2,Tuesday,False
03-Feb-15,2015,2,February,01-Feb-15,Q1,3,2,Tuesday,False
10-Feb-15,2015,2,February,01-Feb-15,Q1,10,2,Tuesday,False
17-Feb-15,2015,2,February,01-Feb-15,Q1,17,2,Tuesday,False
24-Feb-15,2015,2,February,01-Feb-15,Q1,24,2,Tuesday,False
02-Feb-16,2016,2,February,01-Feb-16,Q1,2,2,Tuesday,False
09-Feb-16,2016,2,February,01-Feb-16,Q1,9,2,Tuesday,False
16-Feb-16,2016,2,February,01-Feb-16,Q1,16,2,Tuesday,False
23-Feb-16,2016,2,February,01-Feb-16,Q1,23,2,Tuesday,False
07-Feb-17,2017,2,February,01-Feb-17,Q1,7,2,Tuesday,False
14-Feb-17,2017,2,February,01-Feb-17,Q1,14,2,Tuesday,False
21-Feb-17,2017,2,February,01-Feb-17,Q1,21,2,Tuesday,False
28-Feb-17,2017,2,February,01-Feb-17,Q1,28,2,Tuesday,False
06-Feb-18,2018,2,February,01-Feb-18,Q1,6,2,Tuesday,False
13-Feb-18,2018,2,February,01-Feb-18,Q1,13,2,Tuesday,False
20-Feb-18,2018,2,February,01-Feb-18,Q1,20,2,Tuesday,False
27-Feb-18,2018,2,February,01-Feb-18,Q1,27,2,Tuesday,False
05-Feb-19,2019,2,February,01-Feb-19,Q1,5,2,Tuesday,False
12-Feb-19,2019,2,February,01-Feb-19,Q1,12,2,Tuesday,False
19-Feb-19,2019,2,February,01-Feb-19,Q1,19,2,Tuesday,False
26-Feb-19,2019,2,February,01-Feb-19,Q1,26,2,Tuesday,False
04-Feb-20,2020,2,February,01-Feb-20,Q1,4,2,Tuesday,False
11-Feb-20,2020,2,February,01-Feb-20,Q1,11,2,Tuesday,False
18-Feb-20,2020,2,February,01-Feb-20,Q1,18,2,Tuesday,False
25-Feb-20,2020,2,February,01-Feb-20,Q1,25,2,Tuesday,False
02-Feb-21,2021,2,February,01-Feb-21,Q1,2,2,Tuesday,False
09-Feb-21,2021,2,February,01-Feb-21,Q1,9,2,Tuesday,False
16-Feb-21,2021,2,February,01-Feb-21,Q1,16,2,Tuesday,False
23-Feb-21,2021,2,February,01-Feb-21,Q1,23,2,Tuesday,False
01-Feb-22,2022,2,February,01-Feb-22,Q1,1,2,Tuesday,False
08-Feb-22,2022,2,February,01-Feb-22,Q1,8,2,Tuesday,False
15-Feb-22,2022,2,February,01-Feb-22,Q1,15,2,Tuesday,False
22-Feb-22,2022,2,February,01-Feb-22,Q1,22,2,Tuesday,False
07-Feb-23,2023,2,February,01-Feb-23,Q1,7,2,Tuesday,False
14-Feb-23,2023,2,February,01-Feb-23,Q1,14,2,Tuesday,False
21-Feb-23,2023,2,February,01-Feb-23,Q1,21,2,Tuesday,False
28-Feb-23,2023,2,February,01-Feb-23,Q1,28,2,Tuesday,False
06-Feb-24,2024,2,February,01-Feb-24,Q1,6,2,Tuesday,False
13-Feb-24,2024,2,February,01-Feb-24,Q1,13,2,Tuesday,False
20-Feb-24,2024,2,February,01-Feb-24,Q1,20,2,Tuesday,False
27-Feb-24,2024,2,February,01-Feb-24,Q1,27,2,Tuesday,False
04-Feb-25,2025,2,February,01-Feb-25,Q1,4,2,Tuesday,False
11-Feb-25,2025,2,February,01-Feb-25,Q1,11,2,Tuesday,False
18-Feb-25,2025,2,February,01-Feb-25,Q1,18,2,Tuesday,False
25-Feb-25,2025,2,February,01-Feb-25,Q1,25,2,Tuesday,False
03-Feb-26,2026,2,February,01-Feb-26,Q1,3,2,Tuesday,False
10-Feb-26,2026,2,February,01-Feb-26,Q1,10,2,Tuesday,False
17-Feb-26,2026,2,February,01-Feb-26,Q1,17,2,Tuesday,False
24-Feb-26,2026,2,February,01-Feb-26,Q1,24,2,Tuesday,False
02-Feb-27,2027,2,February,01-Feb-27,Q1,2,2,Tuesday,False
09-Feb-27,2027,2,February,01-Feb-27,Q1,9,2,Tuesday,False
16-Feb-27,2027,2,February,01-Feb-27,Q1,16,2,Tuesday,False
23-Feb-27,2027,2,February,01-Feb-27,Q1,23,2,Tuesday,False
01-Feb-28,2028,2,February,01-Feb-28,Q1,1,2,Tuesday,False
08-Feb-28,2028,2,February,01-Feb-28,Q1,8,2,Tuesday,False
15-Feb-28,2028,2,February,01-Feb-28,Q1,15,2,Tuesday,False
22-Feb-28,2028,2,February,01-Feb-28,Q1,22,2,Tuesday,False
29-Feb-28,2028,2,February,01-Feb-28,Q1,29,2,Tuesday,False
05-Jan-10,2010,1,January,01-Jan-10,Q1,5,2,Tuesday,False
12-Jan-10,2010,1,January,01-Jan-10,Q1,12,2,Tuesday,False
19-Jan-10,2010,1,January,01-Jan-10,Q1,19,2,Tuesday,False
26-Jan-10,2010,1,January,01-Jan-10,Q1,26,2,Tuesday,False
04-Jan-11,2011,1,January,01-Jan-11,Q1,4,2,Tuesday,False
11-Jan-11,2011,1,January,01-Jan-11,Q1,11,2,Tuesday,False
18-Jan-11,2011,1,January,01-Jan-11,Q1,18,2,Tuesday,False
25-Jan-11,2011,1,January,01-Jan-11,Q1,25,2,Tuesday,False
03-Jan-12,2012,1,January,01-Jan-12,Q1,3,2,Tuesday,False
10-Jan-12,2012,1,January,01-Jan-12,Q1,10,2,Tuesday,False
17-Jan-12,2012,1,January,01-Jan-12,Q1,17,2,Tuesday,False
24-Jan-12,2012,1,January,01-Jan-12,Q1,24,2,Tuesday,False
31-Jan-12,2012,1,January,01-Jan-12,Q1,31,2,Tuesday,False
01-Jan-13,2013,1,January,01-Jan-13,Q1,1,2,Tuesday,False
08-Jan-13,2013,1,January,01-Jan-13,Q1,8,2,Tuesday,False
15-Jan-13,2013,1,January,01-Jan-13,Q1,15,2,Tuesday,False
22-Jan-13,2013,1,January,01-Jan-13,Q1,22,2,Tuesday,False
29-Jan-13,2013,1,January,01-Jan-13,Q1,29,2,Tuesday,False
07-Jan-14,2014,1,January,01-Jan-14,Q1,7,2,Tuesday,False
14-Jan-14,2014,1,January,01-Jan-14,Q1,14,2,Tuesday,False
21-Jan-14,2014,1,January,01-Jan-14,Q1,21,2,Tuesday,False
28-Jan-14,2014,1,January,01-Jan-14,Q1,28,2,Tuesday,False
06-Jan-15,2015,1,January,01-Jan-15,Q1,6,2,Tuesday,False
13-Jan-15,2015,1,January,01-Jan-15,Q1,13,2,Tuesday,False
20-Jan-15,2015,1,January,01-Jan-15,Q1,20,2,Tuesday,False
27-Jan-15,2015,1,January,01-Jan-15,Q1,27,2,Tuesday,False
05-Jan-16,2016,1,January,01-Jan-16,Q1,5,2,Tuesday,False
12-Jan-16,2016,1,January,01-Jan-16,Q1,12,2,Tuesday,False
19-Jan-16,2016,1,January,01-Jan-16,Q1,19,2,Tuesday,False
26-Jan-16,2016,1,January,01-Jan-16,Q1,26,2,Tuesday,False
03-Jan-17,2017,1,January,01-Jan-17,Q1,3,2,Tuesday,False
10-Jan-17,2017,1,January,01-Jan-17,Q1,10,2,Tuesday,False
17-Jan-17,2017,1,January,01-Jan-17,Q1,17,2,Tuesday,False
24-Jan-17,2017,1,January,01-Jan-17,Q1,24,2,Tuesday,False
31-Jan-17,2017,1,January,01-Jan-17,Q1,31,2,Tuesday,False
02-Jan-18,2018,1,January,01-Jan-18,Q1,2,2,Tuesday,False
09-Jan-18,2018,1,January,01-Jan-18,Q1,9,2,Tuesday,False
16-Jan-18,2018,1,January,01-Jan-18,Q1,16,2,Tuesday,False
23-Jan-18,2018,1,January,01-Jan-18,Q1,23,2,Tuesday,False
30-Jan-18,2018,1,January,01-Jan-18,Q1,30,2,Tuesday,False
01-Jan-19,2019,1,January,01-Jan-19,Q1,1,2,Tuesday,False
08-Jan-19,2019,1,January,01-Jan-19,Q1,8,2,Tuesday,False
15-Jan-19,2019,1,January,01-Jan-19,Q1,15,2,Tuesday,False
22-Jan-19,2019,1,January,01-Jan-19,Q1,22,2,Tuesday,False
29-Jan-19,2019,1,January,01-Jan-19,Q1,29,2,Tuesday,False
07-Jan-20,2020,1,January,01-Jan-20,Q1,7,2,Tuesday,False
14-Jan-20,2020,1,January,01-Jan-20,Q1,14,2,Tuesday,False
21-Jan-20,2020,1,January,01-Jan-20,Q1,21,2,Tuesday,False
28-Jan-20,2020,1,January,01-Jan-20,Q1,28,2,Tuesday,False
05-Jan-21,2021,1,January,01-Jan-21,Q1,5,2,Tuesday,False
12-Jan-21,2021,1,January,01-Jan-21,Q1,12,2,Tuesday,False
19-Jan-21,2021,1,January,01-Jan-21,Q1,19,2,Tuesday,False
26-Jan-21,2021,1,January,01-Jan-21,Q1,26,2,Tuesday,False
04-Jan-22,2022,1,January,01-Jan-22,Q1,4,2,Tuesday,False
11-Jan-22,2022,1,January,01-Jan-22,Q1,11,2,Tuesday,False
18-Jan-22,2022,1,January,01-Jan-22,Q1,18,2,Tuesday,False
25-Jan-22,2022,1,January,01-Jan-22,Q1,25,2,Tuesday,False
03-Jan-23,2023,1,January,01-Jan-23,Q1,3,2,Tuesday,False
10-Jan-23,2023,1,January,01-Jan-23,Q1,10,2,Tuesday,False
17-Jan-23,2023,1,January,01-Jan-23,Q1,17,2,Tuesday,False
24-Jan-23,2023,1,January,01-Jan-23,Q1,24,2,Tuesday,False
31-Jan-23,2023,1,January,01-Jan-23,Q1,31,2,Tuesday,False
02-Jan-24,2024,1,January,01-Jan-24,Q1,2,2,Tuesday,False
09-Jan-24,2024,1,January,01-Jan-24,Q1,9,2,Tuesday,False
16-Jan-24,2024,1,January,01-Jan-24,Q1,16,2,Tuesday,False
23-Jan-24,2024,1,January,01-Jan-24,Q1,23,2,Tuesday,False
30-Jan-24,2024,1,January,01-Jan-24,Q1,30,2,Tuesday,False
07-Jan-25,2025,1,January,01-Jan-25,Q1,7,2,Tuesday,False
14-Jan-25,2025,1,January,01-Jan-25,Q1,14,2,Tuesday,False
21-Jan-25,2025,1,January,01-Jan-25,Q1,21,2,Tuesday,False
28-Jan-25,2025,1,January,01-Jan-25,Q1,28,2,Tuesday,False
06-Jan-26,2026,1,January,01-Jan-26,Q1,6,2,Tuesday,False
13-Jan-26,2026,1,January,01-Jan-26,Q1,13,2,Tuesday,False
20-Jan-26,2026,1,January,01-Jan-26,Q1,20,2,Tuesday,False
27-Jan-26,2026,1,January,01-Jan-26,Q1,27,2,Tuesday,False
05-Jan-27,2027,1,January,01-Jan-27,Q1,5,2,Tuesday,False
12-Jan-27,2027,1,January,01-Jan-27,Q1,12,2,Tuesday,False
19-Jan-27,2027,1,January,01-Jan-27,Q1,19,2,Tuesday,False
26-Jan-27,2027,1,January,01-Jan-27,Q1,26,2,Tuesday,False
04-Jan-28,2028,1,January,01-Jan-28,Q1,4,2,Tuesday,False
11-Jan-28,2028,1,January,01-Jan-28,Q1,11,2,Tuesday,False
18-Jan-28,2028,1,January,01-Jan-28,Q1,18,2,Tuesday,False
25-Jan-28,2028,1,January,01-Jan-28,Q1,25,2,Tuesday,False
02-Mar-10,2010,3,March,01-Mar-10,Q1,2,2,Tuesday,False
09-Mar-10,2010,3,March,01-Mar-10,Q1,9,2,Tuesday,False
16-Mar-10,2010,3,March,01-Mar-10,Q1,16,2,Tuesday,False
23-Mar-10,2010,3,March,01-Mar-10,Q1,23,2,Tuesday,False
30-Mar-10,2010,3,March,01-Mar-10,Q1,30,2,Tuesday,False
01-Mar-11,2011,3,March,01-Mar-11,Q1,1,2,Tuesday,False
08-Mar-11,2011,3,March,01-Mar-11,Q1,8,2,Tuesday,False
15-Mar-11,2011,3,March,01-Mar-11,Q1,15,2,Tuesday,False
22-Mar-11,2011,3,March,01-Mar-11,Q1,22,2,Tuesday,False
29-Mar-11,2011,3,March,01-Mar-11,Q1,29,2,Tuesday,False
06-Mar-12,2012,3,March,01-Mar-12,Q1,6,2,Tuesday,False
13-Mar-12,2012,3,March,01-Mar-12,Q1,13,2,Tuesday,False
20-Mar-12,2012,3,March,01-Mar-12,Q1,20,2,Tuesday,False
27-Mar-12,2012,3,March,01-Mar-12,Q1,27,2,Tuesday,False
05-Mar-13,2013,3,March,01-Mar-13,Q1,5,2,Tuesday,False
12-Mar-13,2013,3,March,01-Mar-13,Q1,12,2,Tuesday,False
19-Mar-13,2013,3,March,01-Mar-13,Q1,19,2,Tuesday,False
26-Mar-13,2013,3,March,01-Mar-13,Q1,26,2,Tuesday,False
04-Mar-14,2014,3,March,01-Mar-14,Q1,4,2,Tuesday,False
11-Mar-14,2014,3,March,01-Mar-14,Q1,11,2,Tuesday,False
18-Mar-14,2014,3,March,01-Mar-14,Q1,18,2,Tuesday,False
25-Mar-14,2014,3,March,01-Mar-14,Q1,25,2,Tuesday,False
03-Mar-15,2015,3,March,01-Mar-15,Q1,3,2,Tuesday,False
10-Mar-15,2015,3,March,01-Mar-15,Q1,10,2,Tuesday,False
17-Mar-15,2015,3,March,01-Mar-15,Q1,17,2,Tuesday,False
24-Mar-15,2015,3,March,01-Mar-15,Q1,24,2,Tuesday,False
31-Mar-15,2015,3,March,01-Mar-15,Q1,31,2,Tuesday,False
01-Mar-16,2016,3,March,01-Mar-16,Q1,1,2,Tuesday,False
08-Mar-16,2016,3,March,01-Mar-16,Q1,8,2,Tuesday,False
15-Mar-16,2016,3,March,01-Mar-16,Q1,15,2,Tuesday,False
22-Mar-16,2016,3,March,01-Mar-16,Q1,22,2,Tuesday,False
29-Mar-16,2016,3,March,01-Mar-16,Q1,29,2,Tuesday,False
07-Mar-17,2017,3,March,01-Mar-17,Q1,7,2,Tuesday,False
14-Mar-17,2017,3,March,01-Mar-17,Q1,14,2,Tuesday,False
21-Mar-17,2017,3,March,01-Mar-17,Q1,21,2,Tuesday,False
28-Mar-17,2017,3,March,01-Mar-17,Q1,28,2,Tuesday,False
06-Mar-18,2018,3,March,01-Mar-18,Q1,6,2,Tuesday,False
13-Mar-18,2018,3,March,01-Mar-18,Q1,13,2,Tuesday,False
20-Mar-18,2018,3,March,01-Mar-18,Q1,20,2,Tuesday,False
27-Mar-18,2018,3,March,01-Mar-18,Q1,27,2,Tuesday,False
05-Mar-19,2019,3,March,01-Mar-19,Q1,5,2,Tuesday,False
12-Mar-19,2019,3,March,01-Mar-19,Q1,12,2,Tuesday,False
19-Mar-19,2019,3,March,01-Mar-19,Q1,19,2,Tuesday,False
26-Mar-19,2019,3,March,01-Mar-19,Q1,26,2,Tuesday,False
03-Mar-20,2020,3,March,01-Mar-20,Q1,3,2,Tuesday,False
10-Mar-20,2020,3,March,01-Mar-20,Q1,10,2,Tuesday,False
17-Mar-20,2020,3,March,01-Mar-20,Q1,17,2,Tuesday,False
24-Mar-20,2020,3,March,01-Mar-20,Q1,24,2,Tuesday,False
31-Mar-20,2020,3,March,01-Mar-20,Q1,31,2,Tuesday,False
02-Mar-21,2021,3,March,01-Mar-21,Q1,2,2,Tuesday,False
09-Mar-21,2021,3,March,01-Mar-21,Q1,9,2,Tuesday,False
16-Mar-21,2021,3,March,01-Mar-21,Q1,16,2,Tuesday,False
23-Mar-21,2021,3,March,01-Mar-21,Q1,23,2,Tuesday,False
30-Mar-21,2021,3,March,01-Mar-21,Q1,30,2,Tuesday,False
01-Mar-22,2022,3,March,01-Mar-22,Q1,1,2,Tuesday,False
08-Mar-22,2022,3,March,01-Mar-22,Q1,8,2,Tuesday,False
15-Mar-22,2022,3,March,01-Mar-22,Q1,15,2,Tuesday,False
22-Mar-22,2022,3,March,01-Mar-22,Q1,22,2,Tuesday,False
29-Mar-22,2022,3,March,01-Mar-22,Q1,29,2,Tuesday,False
07-Mar-23,2023,3,March,01-Mar-23,Q1,7,2,Tuesday,False
14-Mar-23,2023,3,March,01-Mar-23,Q1,14,2,Tuesday,False
21-Mar-23,2023,3,March,01-Mar-23,Q1,21,2,Tuesday,False
28-Mar-23,2023,3,March,01-Mar-23,Q1,28,2,Tuesday,False
05-Mar-24,2024,3,March,01-Mar-24,Q1,5,2,Tuesday,False
12-Mar-24,2024,3,March,01-Mar-24,Q1,12,2,Tuesday,False
19-Mar-24,2024,3,March,01-Mar-24,Q1,19,2,Tuesday,False
26-Mar-24,2024,3,March,01-Mar-24,Q1,26,2,Tuesday,False
04-Mar-25,2025,3,March,01-Mar-25,Q1,4,2,Tuesday,False
11-Mar-25,2025,3,March,01-Mar-25,Q1,11,2,Tuesday,False
18-Mar-25,2025,3,March,01-Mar-25,Q1,18,2,Tuesday,False
25-Mar-25,2025,3,March,01-Mar-25,Q1,25,2,Tuesday,False
03-Mar-26,2026,3,March,01-Mar-26,Q1,3,2,Tuesday,False
10-Mar-26,2026,3,March,01-Mar-26,Q1,10,2,Tuesday,False
17-Mar-26,2026,3,March,01-Mar-26,Q1,17,2,Tuesday,False
24-Mar-26,2026,3,March,01-Mar-26,Q1,24,2,Tuesday,False
31-Mar-26,2026,3,March,01-Mar-26,Q1,31,2,Tuesday,False
02-Mar-27,2027,3,March,01-Mar-27,Q1,2,2,Tuesday,False
09-Mar-27,2027,3,March,01-Mar-27,Q1,9,2,Tuesday,False
16-Mar-27,2027,3,March,01-Mar-27,Q1,16,2,Tuesday,False
23-Mar-27,2027,3,March,01-Mar-27,Q1,23,2,Tuesday,False
30-Mar-27,2027,3,March,01-Mar-27,Q1,30,2,Tuesday,False
07-Mar-28,2028,3,March,01-Mar-28,Q1,7,2,Tuesday,False
14-Mar-28,2028,3,March,01-Mar-28,Q1,14,2,Tuesday,False
21-Mar-28,2028,3,March,01-Mar-28,Q1,21,2,Tuesday,False
28-Mar-28,2028,3,March,01-Mar-28,Q1,28,2,Tuesday,False
03-Mar-10,2010,3,March,01-Mar-10,Q1,3,3,Wednesday,False
10-Mar-10,2010,3,March,01-Mar-10,Q1,10,3,Wednesday,False
17-Mar-10,2010,3,March,01-Mar-10,Q1,17,3,Wednesday,False
24-Mar-10,2010,3,March,01-Mar-10,Q1,24,3,Wednesday,False
31-Mar-10,2010,3,March,01-Mar-10,Q1,31,3,Wednesday,False
02-Mar-11,2011,3,March,01-Mar-11,Q1,2,3,Wednesday,False
09-Mar-11,2011,3,March,01-Mar-11,Q1,9,3,Wednesday,False
16-Mar-11,2011,3,March,01-Mar-11,Q1,16,3,Wednesday,False
23-Mar-11,2011,3,March,01-Mar-11,Q1,23,3,Wednesday,False
30-Mar-11,2011,3,March,01-Mar-11,Q1,30,3,Wednesday,False
07-Mar-12,2012,3,March,01-Mar-12,Q1,7,3,Wednesday,False
14-Mar-12,2012,3,March,01-Mar-12,Q1,14,3,Wednesday,False
21-Mar-12,2012,3,March,01-Mar-12,Q1,21,3,Wednesday,False
28-Mar-12,2012,3,March,01-Mar-12,Q1,28,3,Wednesday,False
06-Mar-13,2013,3,March,01-Mar-13,Q1,6,3,Wednesday,False
13-Mar-13,2013,3,March,01-Mar-13,Q1,13,3,Wednesday,False
20-Mar-13,2013,3,March,01-Mar-13,Q1,20,3,Wednesday,False
27-Mar-13,2013,3,March,01-Mar-13,Q1,27,3,Wednesday,False
05-Mar-14,2014,3,March,01-Mar-14,Q1,5,3,Wednesday,False
12-Mar-14,2014,3,March,01-Mar-14,Q1,12,3,Wednesday,False
19-Mar-14,2014,3,March,01-Mar-14,Q1,19,3,Wednesday,False
26-Mar-14,2014,3,March,01-Mar-14,Q1,26,3,Wednesday,False
04-Mar-15,2015,3,March,01-Mar-15,Q1,4,3,Wednesday,False
11-Mar-15,2015,3,March,01-Mar-15,Q1,11,3,Wednesday,False
18-Mar-15,2015,3,March,01-Mar-15,Q1,18,3,Wednesday,False
25-Mar-15,2015,3,March,01-Mar-15,Q1,25,3,Wednesday,False
02-Mar-16,2016,3,March,01-Mar-16,Q1,2,3,Wednesday,False
09-Mar-16,2016,3,March,01-Mar-16,Q1,9,3,Wednesday,False
16-Mar-16,2016,3,March,01-Mar-16,Q1,16,3,Wednesday,False
23-Mar-16,2016,3,March,01-Mar-16,Q1,23,3,Wednesday,False
30-Mar-16,2016,3,March,01-Mar-16,Q1,30,3,Wednesday,False
01-Mar-17,2017,3,March,01-Mar-17,Q1,1,3,Wednesday,False
08-Mar-17,2017,3,March,01-Mar-17,Q1,8,3,Wednesday,False
15-Mar-17,2017,3,March,01-Mar-17,Q1,15,3,Wednesday,False
22-Mar-17,2017,3,March,01-Mar-17,Q1,22,3,Wednesday,False
29-Mar-17,2017,3,March,01-Mar-17,Q1,29,3,Wednesday,False
07-Mar-18,2018,3,March,01-Mar-18,Q1,7,3,Wednesday,False
14-Mar-18,2018,3,March,01-Mar-18,Q1,14,3,Wednesday,False
21-Mar-18,2018,3,March,01-Mar-18,Q1,21,3,Wednesday,False
28-Mar-18,2018,3,March,01-Mar-18,Q1,28,3,Wednesday,False
06-Mar-19,2019,3,March,01-Mar-19,Q1,6,3,Wednesday,False
13-Mar-19,2019,3,March,01-Mar-19,Q1,13,3,Wednesday,False
20-Mar-19,2019,3,March,01-Mar-19,Q1,20,3,Wednesday,False
27-Mar-19,2019,3,March,01-Mar-19,Q1,27,3,Wednesday,False
04-Mar-20,2020,3,March,01-Mar-20,Q1,4,3,Wednesday,False
11-Mar-20,2020,3,March,01-Mar-20,Q1,11,3,Wednesday,False
18-Mar-20,2020,3,March,01-Mar-20,Q1,18,3,Wednesday,False
25-Mar-20,2020,3,March,01-Mar-20,Q1,25,3,Wednesday,False
03-Mar-21,2021,3,March,01-Mar-21,Q1,3,3,Wednesday,False
10-Mar-21,2021,3,March,01-Mar-21,Q1,10,3,Wednesday,False
17-Mar-21,2021,3,March,01-Mar-21,Q1,17,3,Wednesday,False
24-Mar-21,2021,3,March,01-Mar-21,Q1,24,3,Wednesday,False
31-Mar-21,2021,3,March,01-Mar-21,Q1,31,3,Wednesday,False
02-Mar-22,2022,3,March,01-Mar-22,Q1,2,3,Wednesday,False
09-Mar-22,2022,3,March,01-Mar-22,Q1,9,3,Wednesday,False
16-Mar-22,2022,3,March,01-Mar-22,Q1,16,3,Wednesday,False
23-Mar-22,2022,3,March,01-Mar-22,Q1,23,3,Wednesday,False
30-Mar-22,2022,3,March,01-Mar-22,Q1,30,3,Wednesday,False
01-Mar-23,2023,3,March,01-Mar-23,Q1,1,3,Wednesday,False
08-Mar-23,2023,3,March,01-Mar-23,Q1,8,3,Wednesday,False
15-Mar-23,2023,3,March,01-Mar-23,Q1,15,3,Wednesday,False
22-Mar-23,2023,3,March,01-Mar-23,Q1,22,3,Wednesday,False
29-Mar-23,2023,3,March,01-Mar-23,Q1,29,3,Wednesday,False
06-Mar-24,2024,3,March,01-Mar-24,Q1,6,3,Wednesday,False
13-Mar-24,2024,3,March,01-Mar-24,Q1,13,3,Wednesday,False
20-Mar-24,2024,3,March,01-Mar-24,Q1,20,3,Wednesday,False
27-Mar-24,2024,3,March,01-Mar-24,Q1,27,3,Wednesday,False
05-Mar-25,2025,3,March,01-Mar-25,Q1,5,3,Wednesday,False
12-Mar-25,2025,3,March,01-Mar-25,Q1,12,3,Wednesday,False
19-Mar-25,2025,3,March,01-Mar-25,Q1,19,3,Wednesday,False
26-Mar-25,2025,3,March,01-Mar-25,Q1,26,3,Wednesday,False
04-Mar-26,2026,3,March,01-Mar-26,Q1,4,3,Wednesday,False
11-Mar-26,2026,3,March,01-Mar-26,Q1,11,3,Wednesday,False
18-Mar-26,2026,3,March,01-Mar-26,Q1,18,3,Wednesday,False
25-Mar-26,2026,3,March,01-Mar-26,Q1,25,3,Wednesday,False
03-Mar-27,2027,3,March,01-Mar-27,Q1,3,3,Wednesday,False
10-Mar-27,2027,3,March,01-Mar-27,Q1,10,3,Wednesday,False
17-Mar-27,2027,3,March,01-Mar-27,Q1,17,3,Wednesday,False
24-Mar-27,2027,3,March,01-Mar-27,Q1,24,3,Wednesday,False
31-Mar-27,2027,3,March,01-Mar-27,Q1,31,3,Wednesday,False
01-Mar-28,2028,3,March,01-Mar-28,Q1,1,3,Wednesday,False
08-Mar-28,2028,3,March,01-Mar-28,Q1,8,3,Wednesday,False
15-Mar-28,2028,3,March,01-Mar-28,Q1,15,3,Wednesday,False
22-Mar-28,2028,3,March,01-Mar-28,Q1,22,3,Wednesday,False
29-Mar-28,2028,3,March,01-Mar-28,Q1,29,3,Wednesday,False
06-Jan-10,2010,1,January,01-Jan-10,Q1,6,3,Wednesday,False
13-Jan-10,2010,1,January,01-Jan-10,Q1,13,3,Wednesday,False
20-Jan-10,2010,1,January,01-Jan-10,Q1,20,3,Wednesday,False
27-Jan-10,2010,1,January,01-Jan-10,Q1,27,3,Wednesday,False
05-Jan-11,2011,1,January,01-Jan-11,Q1,5,3,Wednesday,False
12-Jan-11,2011,1,January,01-Jan-11,Q1,12,3,Wednesday,False
19-Jan-11,2011,1,January,01-Jan-11,Q1,19,3,Wednesday,False
26-Jan-11,2011,1,January,01-Jan-11,Q1,26,3,Wednesday,False
04-Jan-12,2012,1,January,01-Jan-12,Q1,4,3,Wednesday,False
11-Jan-12,2012,1,January,01-Jan-12,Q1,11,3,Wednesday,False
18-Jan-12,2012,1,January,01-Jan-12,Q1,18,3,Wednesday,False
25-Jan-12,2012,1,January,01-Jan-12,Q1,25,3,Wednesday,False
02-Jan-13,2013,1,January,01-Jan-13,Q1,2,3,Wednesday,False
09-Jan-13,2013,1,January,01-Jan-13,Q1,9,3,Wednesday,False
16-Jan-13,2013,1,January,01-Jan-13,Q1,16,3,Wednesday,False
23-Jan-13,2013,1,January,01-Jan-13,Q1,23,3,Wednesday,False
30-Jan-13,2013,1,January,01-Jan-13,Q1,30,3,Wednesday,False
01-Jan-14,2014,1,January,01-Jan-14,Q1,1,3,Wednesday,False
08-Jan-14,2014,1,January,01-Jan-14,Q1,8,3,Wednesday,False
15-Jan-14,2014,1,January,01-Jan-14,Q1,15,3,Wednesday,False
22-Jan-14,2014,1,January,01-Jan-14,Q1,22,3,Wednesday,False
29-Jan-14,2014,1,January,01-Jan-14,Q1,29,3,Wednesday,False
07-Jan-15,2015,1,January,01-Jan-15,Q1,7,3,Wednesday,False
14-Jan-15,2015,1,January,01-Jan-15,Q1,14,3,Wednesday,False
21-Jan-15,2015,1,January,01-Jan-15,Q1,21,3,Wednesday,False
28-Jan-15,2015,1,January,01-Jan-15,Q1,28,3,Wednesday,False
06-Jan-16,2016,1,January,01-Jan-16,Q1,6,3,Wednesday,False
13-Jan-16,2016,1,January,01-Jan-16,Q1,13,3,Wednesday,False
20-Jan-16,2016,1,January,01-Jan-16,Q1,20,3,Wednesday,False
27-Jan-16,2016,1,January,01-Jan-16,Q1,27,3,Wednesday,False
04-Jan-17,2017,1,January,01-Jan-17,Q1,4,3,Wednesday,False
11-Jan-17,2017,1,January,01-Jan-17,Q1,11,3,Wednesday,False
18-Jan-17,2017,1,January,01-Jan-17,Q1,18,3,Wednesday,False
25-Jan-17,2017,1,January,01-Jan-17,Q1,25,3,Wednesday,False
03-Jan-18,2018,1,January,01-Jan-18,Q1,3,3,Wednesday,False
10-Jan-18,2018,1,January,01-Jan-18,Q1,10,3,Wednesday,False
17-Jan-18,2018,1,January,01-Jan-18,Q1,17,3,Wednesday,False
24-Jan-18,2018,1,January,01-Jan-18,Q1,24,3,Wednesday,False
31-Jan-18,2018,1,January,01-Jan-18,Q1,31,3,Wednesday,False
02-Jan-19,2019,1,January,01-Jan-19,Q1,2,3,Wednesday,False
09-Jan-19,2019,1,January,01-Jan-19,Q1,9,3,Wednesday,False
16-Jan-19,2019,1,January,01-Jan-19,Q1,16,3,Wednesday,False
23-Jan-19,2019,1,January,01-Jan-19,Q1,23,3,Wednesday,False
30-Jan-19,2019,1,January,01-Jan-19,Q1,30,3,Wednesday,False
01-Jan-20,2020,1,January,01-Jan-20,Q1,1,3,Wednesday,False
08-Jan-20,2020,1,January,01-Jan-20,Q1,8,3,Wednesday,False
15-Jan-20,2020,1,January,01-Jan-20,Q1,15,3,Wednesday,False
22-Jan-20,2020,1,January,01-Jan-20,Q1,22,3,Wednesday,False
29-Jan-20,2020,1,January,01-Jan-20,Q1,29,3,Wednesday,False
06-Jan-21,2021,1,January,01-Jan-21,Q1,6,3,Wednesday,False
13-Jan-21,2021,1,January,01-Jan-21,Q1,13,3,Wednesday,False
20-Jan-21,2021,1,January,01-Jan-21,Q1,20,3,Wednesday,False
27-Jan-21,2021,1,January,01-Jan-21,Q1,27,3,Wednesday,False
05-Jan-22,2022,1,January,01-Jan-22,Q1,5,3,Wednesday,False
12-Jan-22,2022,1,January,01-Jan-22,Q1,12,3,Wednesday,False
19-Jan-22,2022,1,January,01-Jan-22,Q1,19,3,Wednesday,False
26-Jan-22,2022,1,January,01-Jan-22,Q1,26,3,Wednesday,False
04-Jan-23,2023,1,January,01-Jan-23,Q1,4,3,Wednesday,False
11-Jan-23,2023,1,January,01-Jan-23,Q1,11,3,Wednesday,False
18-Jan-23,2023,1,January,01-Jan-23,Q1,18,3,Wednesday,False
25-Jan-23,2023,1,January,01-Jan-23,Q1,25,3,Wednesday,False
03-Jan-24,2024,1,January,01-Jan-24,Q1,3,3,Wednesday,False
10-Jan-24,2024,1,January,01-Jan-24,Q1,10,3,Wednesday,False
17-Jan-24,2024,1,January,01-Jan-24,Q1,17,3,Wednesday,False
24-Jan-24,2024,1,January,01-Jan-24,Q1,24,3,Wednesday,False
31-Jan-24,2024,1,January,01-Jan-24,Q1,31,3,Wednesday,False
01-Jan-25,2025,1,January,01-Jan-25,Q1,1,3,Wednesday,False
08-Jan-25,2025,1,January,01-Jan-25,Q1,8,3,Wednesday,False
15-Jan-25,2025,1,January,01-Jan-25,Q1,15,3,Wednesday,False
22-Jan-25,2025,1,January,01-Jan-25,Q1,22,3,Wednesday,False
29-Jan-25,2025,1,January,01-Jan-25,Q1,29,3,Wednesday,False
07-Jan-26,2026,1,January,01-Jan-26,Q1,7,3,Wednesday,False
14-Jan-26,2026,1,January,01-Jan-26,Q1,14,3,Wednesday,False
21-Jan-26,2026,1,January,01-Jan-26,Q1,21,3,Wednesday,False
28-Jan-26,2026,1,January,01-Jan-26,Q1,28,3,Wednesday,False
06-Jan-27,2027,1,January,01-Jan-27,Q1,6,3,Wednesday,False
13-Jan-27,2027,1,January,01-Jan-27,Q1,13,3,Wednesday,False
20-Jan-27,2027,1,January,01-Jan-27,Q1,20,3,Wednesday,False
27-Jan-27,2027,1,January,01-Jan-27,Q1,27,3,Wednesday,False
05-Jan-28,2028,1,January,01-Jan-28,Q1,5,3,Wednesday,False
12-Jan-28,2028,1,January,01-Jan-28,Q1,12,3,Wednesday,False
19-Jan-28,2028,1,January,01-Jan-28,Q1,19,3,Wednesday,False
26-Jan-28,2028,1,January,01-Jan-28,Q1,26,3,Wednesday,False
03-Feb-10,2010,2,February,01-Feb-10,Q1,3,3,Wednesday,False
10-Feb-10,2010,2,February,01-Feb-10,Q1,10,3,Wednesday,False
17-Feb-10,2010,2,February,01-Feb-10,Q1,17,3,Wednesday,False
24-Feb-10,2010,2,February,01-Feb-10,Q1,24,3,Wednesday,False
02-Feb-11,2011,2,February,01-Feb-11,Q1,2,3,Wednesday,False
09-Feb-11,2011,2,February,01-Feb-11,Q1,9,3,Wednesday,False
16-Feb-11,2011,2,February,01-Feb-11,Q1,16,3,Wednesday,False
23-Feb-11,2011,2,February,01-Feb-11,Q1,23,3,Wednesday,False
01-Feb-12,2012,2,February,01-Feb-12,Q1,1,3,Wednesday,False
08-Feb-12,2012,2,February,01-Feb-12,Q1,8,3,Wednesday,False
15-Feb-12,2012,2,February,01-Feb-12,Q1,15,3,Wednesday,False
22-Feb-12,2012,2,February,01-Feb-12,Q1,22,3,Wednesday,False
29-Feb-12,2012,2,February,01-Feb-12,Q1,29,3,Wednesday,False
06-Feb-13,2013,2,February,01-Feb-13,Q1,6,3,Wednesday,False
13-Feb-13,2013,2,February,01-Feb-13,Q1,13,3,Wednesday,False
20-Feb-13,2013,2,February,01-Feb-13,Q1,20,3,Wednesday,False
27-Feb-13,2013,2,February,01-Feb-13,Q1,27,3,Wednesday,False
05-Feb-14,2014,2,February,01-Feb-14,Q1,5,3,Wednesday,False
12-Feb-14,2014,2,February,01-Feb-14,Q1,12,3,Wednesday,False
19-Feb-14,2014,2,February,01-Feb-14,Q1,19,3,Wednesday,False
26-Feb-14,2014,2,February,01-Feb-14,Q1,26,3,Wednesday,False
04-Feb-15,2015,2,February,01-Feb-15,Q1,4,3,Wednesday,False
11-Feb-15,2015,2,February,01-Feb-15,Q1,11,3,Wednesday,False
18-Feb-15,2015,2,February,01-Feb-15,Q1,18,3,Wednesday,False
25-Feb-15,2015,2,February,01-Feb-15,Q1,25,3,Wednesday,False
03-Feb-16,2016,2,February,01-Feb-16,Q1,3,3,Wednesday,False
10-Feb-16,2016,2,February,01-Feb-16,Q1,10,3,Wednesday,False
17-Feb-16,2016,2,February,01-Feb-16,Q1,17,3,Wednesday,False
24-Feb-16,2016,2,February,01-Feb-16,Q1,24,3,Wednesday,False
01-Feb-17,2017,2,February,01-Feb-17,Q1,1,3,Wednesday,False
08-Feb-17,2017,2,February,01-Feb-17,Q1,8,3,Wednesday,False
15-Feb-17,2017,2,February,01-Feb-17,Q1,15,3,Wednesday,False
22-Feb-17,2017,2,February,01-Feb-17,Q1,22,3,Wednesday,False
07-Feb-18,2018,2,February,01-Feb-18,Q1,7,3,Wednesday,False
14-Feb-18,2018,2,February,01-Feb-18,Q1,14,3,Wednesday,False
21-Feb-18,2018,2,February,01-Feb-18,Q1,21,3,Wednesday,False
28-Feb-18,2018,2,February,01-Feb-18,Q1,28,3,Wednesday,False
06-Feb-19,2019,2,February,01-Feb-19,Q1,6,3,Wednesday,False
13-Feb-19,2019,2,February,01-Feb-19,Q1,13,3,Wednesday,False
20-Feb-19,2019,2,February,01-Feb-19,Q1,20,3,Wednesday,False
27-Feb-19,2019,2,February,01-Feb-19,Q1,27,3,Wednesday,False
05-Feb-20,2020,2,February,01-Feb-20,Q1,5,3,Wednesday,False
12-Feb-20,2020,2,February,01-Feb-20,Q1,12,3,Wednesday,False
19-Feb-20,2020,2,February,01-Feb-20,Q1,19,3,Wednesday,False
26-Feb-20,2020,2,February,01-Feb-20,Q1,26,3,Wednesday,False
03-Feb-21,2021,2,February,01-Feb-21,Q1,3,3,Wednesday,False
10-Feb-21,2021,2,February,01-Feb-21,Q1,10,3,Wednesday,False
17-Feb-21,2021,2,February,01-Feb-21,Q1,17,3,Wednesday,False
24-Feb-21,2021,2,February,01-Feb-21,Q1,24,3,Wednesday,False
02-Feb-22,2022,2,February,01-Feb-22,Q1,2,3,Wednesday,False
09-Feb-22,2022,2,February,01-Feb-22,Q1,9,3,Wednesday,False
16-Feb-22,2022,2,February,01-Feb-22,Q1,16,3,Wednesday,False
23-Feb-22,2022,2,February,01-Feb-22,Q1,23,3,Wednesday,False
01-Feb-23,2023,2,February,01-Feb-23,Q1,1,3,Wednesday,False
08-Feb-23,2023,2,February,01-Feb-23,Q1,8,3,Wednesday,False
15-Feb-23,2023,2,February,01-Feb-23,Q1,15,3,Wednesday,False
22-Feb-23,2023,2,February,01-Feb-23,Q1,22,3,Wednesday,False
07-Feb-24,2024,2,February,01-Feb-24,Q1,7,3,Wednesday,False
14-Feb-24,2024,2,February,01-Feb-24,Q1,14,3,Wednesday,False
21-Feb-24,2024,2,February,01-Feb-24,Q1,21,3,Wednesday,False
28-Feb-24,2024,2,February,01-Feb-24,Q1,28,3,Wednesday,False
05-Feb-25,2025,2,February,01-Feb-25,Q1,5,3,Wednesday,False
12-Feb-25,2025,2,February,01-Feb-25,Q1,12,3,Wednesday,False
19-Feb-25,2025,2,February,01-Feb-25,Q1,19,3,Wednesday,False
26-Feb-25,2025,2,February,01-Feb-25,Q1,26,3,Wednesday,False
04-Feb-26,2026,2,February,01-Feb-26,Q1,4,3,Wednesday,False
11-Feb-26,2026,2,February,01-Feb-26,Q1,11,3,Wednesday,False
18-Feb-26,2026,2,February,01-Feb-26,Q1,18,3,Wednesday,False
25-Feb-26,2026,2,February,01-Feb-26,Q1,25,3,Wednesday,False
03-Feb-27,2027,2,February,01-Feb-27,Q1,3,3,Wednesday,False
10-Feb-27,2027,2,February,01-Feb-27,Q1,10,3,Wednesday,False
17-Feb-27,2027,2,February,01-Feb-27,Q1,17,3,Wednesday,False
24-Feb-27,2027,2,February,01-Feb-27,Q1,24,3,Wednesday,False
02-Feb-28,2028,2,February,01-Feb-28,Q1,2,3,Wednesday,False
09-Feb-28,2028,2,February,01-Feb-28,Q1,9,3,Wednesday,False
16-Feb-28,2028,2,February,01-Feb-28,Q1,16,3,Wednesday,False
23-Feb-28,2028,2,February,01-Feb-28,Q1,23,3,Wednesday,False
02-Jun-10,2010,6,June,01-Jun-10,Q2,2,3,Wednesday,False
09-Jun-10,2010,6,June,01-Jun-10,Q2,9,3,Wednesday,False
16-Jun-10,2010,6,June,01-Jun-10,Q2,16,3,Wednesday,False
23-Jun-10,2010,6,June,01-Jun-10,Q2,23,3,Wednesday,False
30-Jun-10,2010,6,June,01-Jun-10,Q2,30,3,Wednesday,False
01-Jun-11,2011,6,June,01-Jun-11,Q2,1,3,Wednesday,False
08-Jun-11,2011,6,June,01-Jun-11,Q2,8,3,Wednesday,False
15-Jun-11,2011,6,June,01-Jun-11,Q2,15,3,Wednesday,False
22-Jun-11,2011,6,June,01-Jun-11,Q2,22,3,Wednesday,False
29-Jun-11,2011,6,June,01-Jun-11,Q2,29,3,Wednesday,False
06-Jun-12,2012,6,June,01-Jun-12,Q2,6,3,Wednesday,False
13-Jun-12,2012,6,June,01-Jun-12,Q2,13,3,Wednesday,False
20-Jun-12,2012,6,June,01-Jun-12,Q2,20,3,Wednesday,False
27-Jun-12,2012,6,June,01-Jun-12,Q2,27,3,Wednesday,False
05-Jun-13,2013,6,June,01-Jun-13,Q2,5,3,Wednesday,False
12-Jun-13,2013,6,June,01-Jun-13,Q2,12,3,Wednesday,False
19-Jun-13,2013,6,June,01-Jun-13,Q2,19,3,Wednesday,False
26-Jun-13,2013,6,June,01-Jun-13,Q2,26,3,Wednesday,False
04-Jun-14,2014,6,June,01-Jun-14,Q2,4,3,Wednesday,False
11-Jun-14,2014,6,June,01-Jun-14,Q2,11,3,Wednesday,False
18-Jun-14,2014,6,June,01-Jun-14,Q2,18,3,Wednesday,False
25-Jun-14,2014,6,June,01-Jun-14,Q2,25,3,Wednesday,False
03-Jun-15,2015,6,June,01-Jun-15,Q2,3,3,Wednesday,False
10-Jun-15,2015,6,June,01-Jun-15,Q2,10,3,Wednesday,False
17-Jun-15,2015,6,June,01-Jun-15,Q2,17,3,Wednesday,False
24-Jun-15,2015,6,June,01-Jun-15,Q2,24,3,Wednesday,False
01-Jun-16,2016,6,June,01-Jun-16,Q2,1,3,Wednesday,False
08-Jun-16,2016,6,June,01-Jun-16,Q2,8,3,Wednesday,False
15-Jun-16,2016,6,June,01-Jun-16,Q2,15,3,Wednesday,False
22-Jun-16,2016,6,June,01-Jun-16,Q2,22,3,Wednesday,False
29-Jun-16,2016,6,June,01-Jun-16,Q2,29,3,Wednesday,False
07-Jun-17,2017,6,June,01-Jun-17,Q2,7,3,Wednesday,False
14-Jun-17,2017,6,June,01-Jun-17,Q2,14,3,Wednesday,False
21-Jun-17,2017,6,June,01-Jun-17,Q2,21,3,Wednesday,False
28-Jun-17,2017,6,June,01-Jun-17,Q2,28,3,Wednesday,False
06-Jun-18,2018,6,June,01-Jun-18,Q2,6,3,Wednesday,False
13-Jun-18,2018,6,June,01-Jun-18,Q2,13,3,Wednesday,False
20-Jun-18,2018,6,June,01-Jun-18,Q2,20,3,Wednesday,False
27-Jun-18,2018,6,June,01-Jun-18,Q2,27,3,Wednesday,False
05-Jun-19,2019,6,June,01-Jun-19,Q2,5,3,Wednesday,False
12-Jun-19,2019,6,June,01-Jun-19,Q2,12,3,Wednesday,False
19-Jun-19,2019,6,June,01-Jun-19,Q2,19,3,Wednesday,False
26-Jun-19,2019,6,June,01-Jun-19,Q2,26,3,Wednesday,False
03-Jun-20,2020,6,June,01-Jun-20,Q2,3,3,Wednesday,False
10-Jun-20,2020,6,June,01-Jun-20,Q2,10,3,Wednesday,False
17-Jun-20,2020,6,June,01-Jun-20,Q2,17,3,Wednesday,False
24-Jun-20,2020,6,June,01-Jun-20,Q2,24,3,Wednesday,False
02-Jun-21,2021,6,June,01-Jun-21,Q2,2,3,Wednesday,False
09-Jun-21,2021,6,June,01-Jun-21,Q2,9,3,Wednesday,False
16-Jun-21,2021,6,June,01-Jun-21,Q2,16,3,Wednesday,False
23-Jun-21,2021,6,June,01-Jun-21,Q2,23,3,Wednesday,False
30-Jun-21,2021,6,June,01-Jun-21,Q2,30,3,Wednesday,False
01-Jun-22,2022,6,June,01-Jun-22,Q2,1,3,Wednesday,False
08-Jun-22,2022,6,June,01-Jun-22,Q2,8,3,Wednesday,False
15-Jun-22,2022,6,June,01-Jun-22,Q2,15,3,Wednesday,False
22-Jun-22,2022,6,June,01-Jun-22,Q2,22,3,Wednesday,False
29-Jun-22,2022,6,June,01-Jun-22,Q2,29,3,Wednesday,False
07-Jun-23,2023,6,June,01-Jun-23,Q2,7,3,Wednesday,False
14-Jun-23,2023,6,June,01-Jun-23,Q2,14,3,Wednesday,False
21-Jun-23,2023,6,June,01-Jun-23,Q2,21,3,Wednesday,False
28-Jun-23,2023,6,June,01-Jun-23,Q2,28,3,Wednesday,False
05-Jun-24,2024,6,June,01-Jun-24,Q2,5,3,Wednesday,False
12-Jun-24,2024,6,June,01-Jun-24,Q2,12,3,Wednesday,False
19-Jun-24,2024,6,June,01-Jun-24,Q2,19,3,Wednesday,False
26-Jun-24,2024,6,June,01-Jun-24,Q2,26,3,Wednesday,False
04-Jun-25,2025,6,June,01-Jun-25,Q2,4,3,Wednesday,False
11-Jun-25,2025,6,June,01-Jun-25,Q2,11,3,Wednesday,False
18-Jun-25,2025,6,June,01-Jun-25,Q2,18,3,Wednesday,False
25-Jun-25,2025,6,June,01-Jun-25,Q2,25,3,Wednesday,False
03-Jun-26,2026,6,June,01-Jun-26,Q2,3,3,Wednesday,False
10-Jun-26,2026,6,June,01-Jun-26,Q2,10,3,Wednesday,False
17-Jun-26,2026,6,June,01-Jun-26,Q2,17,3,Wednesday,False
24-Jun-26,2026,6,June,01-Jun-26,Q2,24,3,Wednesday,False
02-Jun-27,2027,6,June,01-Jun-27,Q2,2,3,Wednesday,False
09-Jun-27,2027,6,June,01-Jun-27,Q2,9,3,Wednesday,False
16-Jun-27,2027,6,June,01-Jun-27,Q2,16,3,Wednesday,False
23-Jun-27,2027,6,June,01-Jun-27,Q2,23,3,Wednesday,False
30-Jun-27,2027,6,June,01-Jun-27,Q2,30,3,Wednesday,False
07-Jun-28,2028,6,June,01-Jun-28,Q2,7,3,Wednesday,False
14-Jun-28,2028,6,June,01-Jun-28,Q2,14,3,Wednesday,False
21-Jun-28,2028,6,June,01-Jun-28,Q2,21,3,Wednesday,False
28-Jun-28,2028,6,June,01-Jun-28,Q2,28,3,Wednesday,False
07-Apr-10,2010,4,April,01-Apr-10,Q2,7,3,Wednesday,False
14-Apr-10,2010,4,April,01-Apr-10,Q2,14,3,Wednesday,False
21-Apr-10,2010,4,April,01-Apr-10,Q2,21,3,Wednesday,False
28-Apr-10,2010,4,April,01-Apr-10,Q2,28,3,Wednesday,False
06-Apr-11,2011,4,April,01-Apr-11,Q2,6,3,Wednesday,False
13-Apr-11,2011,4,April,01-Apr-11,Q2,13,3,Wednesday,False
20-Apr-11,2011,4,April,01-Apr-11,Q2,20,3,Wednesday,False
27-Apr-11,2011,4,April,01-Apr-11,Q2,27,3,Wednesday,False
04-Apr-12,2012,4,April,01-Apr-12,Q2,4,3,Wednesday,False
11-Apr-12,2012,4,April,01-Apr-12,Q2,11,3,Wednesday,False
18-Apr-12,2012,4,April,01-Apr-12,Q2,18,3,Wednesday,False
25-Apr-12,2012,4,April,01-Apr-12,Q2,25,3,Wednesday,False
03-Apr-13,2013,4,April,01-Apr-13,Q2,3,3,Wednesday,False
10-Apr-13,2013,4,April,01-Apr-13,Q2,10,3,Wednesday,False
17-Apr-13,2013,4,April,01-Apr-13,Q2,17,3,Wednesday,False
24-Apr-13,2013,4,April,01-Apr-13,Q2,24,3,Wednesday,False
02-Apr-14,2014,4,April,01-Apr-14,Q2,2,3,Wednesday,False
09-Apr-14,2014,4,April,01-Apr-14,Q2,9,3,Wednesday,False
16-Apr-14,2014,4,April,01-Apr-14,Q2,16,3,Wednesday,False
23-Apr-14,2014,4,April,01-Apr-14,Q2,23,3,Wednesday,False
30-Apr-14,2014,4,April,01-Apr-14,Q2,30,3,Wednesday,False
01-Apr-15,2015,4,April,01-Apr-15,Q2,1,3,Wednesday,False
08-Apr-15,2015,4,April,01-Apr-15,Q2,8,3,Wednesday,False
15-Apr-15,2015,4,April,01-Apr-15,Q2,15,3,Wednesday,False
22-Apr-15,2015,4,April,01-Apr-15,Q2,22,3,Wednesday,False
29-Apr-15,2015,4,April,01-Apr-15,Q2,29,3,Wednesday,False
06-Apr-16,2016,4,April,01-Apr-16,Q2,6,3,Wednesday,False
13-Apr-16,2016,4,April,01-Apr-16,Q2,13,3,Wednesday,False
20-Apr-16,2016,4,April,01-Apr-16,Q2,20,3,Wednesday,False
27-Apr-16,2016,4,April,01-Apr-16,Q2,27,3,Wednesday,False
05-Apr-17,2017,4,April,01-Apr-17,Q2,5,3,Wednesday,False
12-Apr-17,2017,4,April,01-Apr-17,Q2,12,3,Wednesday,False
19-Apr-17,2017,4,April,01-Apr-17,Q2,19,3,Wednesday,False
26-Apr-17,2017,4,April,01-Apr-17,Q2,26,3,Wednesday,False
04-Apr-18,2018,4,April,01-Apr-18,Q2,4,3,Wednesday,False
11-Apr-18,2018,4,April,01-Apr-18,Q2,11,3,Wednesday,False
18-Apr-18,2018,4,April,01-Apr-18,Q2,18,3,Wednesday,False
25-Apr-18,2018,4,April,01-Apr-18,Q2,25,3,Wednesday,False
03-Apr-19,2019,4,April,01-Apr-19,Q2,3,3,Wednesday,False
10-Apr-19,2019,4,April,01-Apr-19,Q2,10,3,Wednesday,False
17-Apr-19,2019,4,April,01-Apr-19,Q2,17,3,Wednesday,False
24-Apr-19,2019,4,April,01-Apr-19,Q2,24,3,Wednesday,False
01-Apr-20,2020,4,April,01-Apr-20,Q2,1,3,Wednesday,False
08-Apr-20,2020,4,April,01-Apr-20,Q2,8,3,Wednesday,False
15-Apr-20,2020,4,April,01-Apr-20,Q2,15,3,Wednesday,False
22-Apr-20,2020,4,April,01-Apr-20,Q2,22,3,Wednesday,False
29-Apr-20,2020,4,April,01-Apr-20,Q2,29,3,Wednesday,False
07-Apr-21,2021,4,April,01-Apr-21,Q2,7,3,Wednesday,False
14-Apr-21,2021,4,April,01-Apr-21,Q2,14,3,Wednesday,False
21-Apr-21,2021,4,April,01-Apr-21,Q2,21,3,Wednesday,False
28-Apr-21,2021,4,April,01-Apr-21,Q2,28,3,Wednesday,False
06-Apr-22,2022,4,April,01-Apr-22,Q2,6,3,Wednesday,False
13-Apr-22,2022,4,April,01-Apr-22,Q2,13,3,Wednesday,False
20-Apr-22,2022,4,April,01-Apr-22,Q2,20,3,Wednesday,False
27-Apr-22,2022,4,April,01-Apr-22,Q2,27,3,Wednesday,False
05-Apr-23,2023,4,April,01-Apr-23,Q2,5,3,Wednesday,False
12-Apr-23,2023,4,April,01-Apr-23,Q2,12,3,Wednesday,False
19-Apr-23,2023,4,April,01-Apr-23,Q2,19,3,Wednesday,False
26-Apr-23,2023,4,April,01-Apr-23,Q2,26,3,Wednesday,False
03-Apr-24,2024,4,April,01-Apr-24,Q2,3,3,Wednesday,False
10-Apr-24,2024,4,April,01-Apr-24,Q2,10,3,Wednesday,False
17-Apr-24,2024,4,April,01-Apr-24,Q2,17,3,Wednesday,False
24-Apr-24,2024,4,April,01-Apr-24,Q2,24,3,Wednesday,False
02-Apr-25,2025,4,April,01-Apr-25,Q2,2,3,Wednesday,False
09-Apr-25,2025,4,April,01-Apr-25,Q2,9,3,Wednesday,False
16-Apr-25,2025,4,April,01-Apr-25,Q2,16,3,Wednesday,False
23-Apr-25,2025,4,April,01-Apr-25,Q2,23,3,Wednesday,False
30-Apr-25,2025,4,April,01-Apr-25,Q2,30,3,Wednesday,False
01-Apr-26,2026,4,April,01-Apr-26,Q2,1,3,Wednesday,False
08-Apr-26,2026,4,April,01-Apr-26,Q2,8,3,Wednesday,False
15-Apr-26,2026,4,April,01-Apr-26,Q2,15,3,Wednesday,False
22-Apr-26,2026,4,April,01-Apr-26,Q2,22,3,Wednesday,False
29-Apr-26,2026,4,April,01-Apr-26,Q2,29,3,Wednesday,False
07-Apr-27,2027,4,April,01-Apr-27,Q2,7,3,Wednesday,False
14-Apr-27,2027,4,April,01-Apr-27,Q2,14,3,Wednesday,False
21-Apr-27,2027,4,April,01-Apr-27,Q2,21,3,Wednesday,False
28-Apr-27,2027,4,April,01-Apr-27,Q2,28,3,Wednesday,False
05-Apr-28,2028,4,April,01-Apr-28,Q2,5,3,Wednesday,False
12-Apr-28,2028,4,April,01-Apr-28,Q2,12,3,Wednesday,False
19-Apr-28,2028,4,April,01-Apr-28,Q2,19,3,Wednesday,False
26-Apr-28,2028,4,April,01-Apr-28,Q2,26,3,Wednesday,False
05-May-10,2010,5,May,01-May-10,Q2,5,3,Wednesday,False
12-May-10,2010,5,May,01-May-10,Q2,12,3,Wednesday,False
19-May-10,2010,5,May,01-May-10,Q2,19,3,Wednesday,False
26-May-10,2010,5,May,01-May-10,Q2,26,3,Wednesday,False
04-May-11,2011,5,May,01-May-11,Q2,4,3,Wednesday,False
11-May-11,2011,5,May,01-May-11,Q2,11,3,Wednesday,False
18-May-11,2011,5,May,01-May-11,Q2,18,3,Wednesday,False
25-May-11,2011,5,May,01-May-11,Q2,25,3,Wednesday,False
02-May-12,2012,5,May,01-May-12,Q2,2,3,Wednesday,False
09-May-12,2012,5,May,01-May-12,Q2,9,3,Wednesday,False
16-May-12,2012,5,May,01-May-12,Q2,16,3,Wednesday,False
23-May-12,2012,5,May,01-May-12,Q2,23,3,Wednesday,False
30-May-12,2012,5,May,01-May-12,Q2,30,3,Wednesday,False
01-May-13,2013,5,May,01-May-13,Q2,1,3,Wednesday,False
08-May-13,2013,5,May,01-May-13,Q2,8,3,Wednesday,False
15-May-13,2013,5,May,01-May-13,Q2,15,3,Wednesday,False
22-May-13,2013,5,May,01-May-13,Q2,22,3,Wednesday,False
29-May-13,2013,5,May,01-May-13,Q2,29,3,Wednesday,False
07-May-14,2014,5,May,01-May-14,Q2,7,3,Wednesday,False
14-May-14,2014,5,May,01-May-14,Q2,14,3,Wednesday,False
21-May-14,2014,5,May,01-May-14,Q2,21,3,Wednesday,False
28-May-14,2014,5,May,01-May-14,Q2,28,3,Wednesday,False
06-May-15,2015,5,May,01-May-15,Q2,6,3,Wednesday,False
13-May-15,2015,5,May,01-May-15,Q2,13,3,Wednesday,False
20-May-15,2015,5,May,01-May-15,Q2,20,3,Wednesday,False
27-May-15,2015,5,May,01-May-15,Q2,27,3,Wednesday,False
04-May-16,2016,5,May,01-May-16,Q2,4,3,Wednesday,False
11-May-16,2016,5,May,01-May-16,Q2,11,3,Wednesday,False
18-May-16,2016,5,May,01-May-16,Q2,18,3,Wednesday,False
25-May-16,2016,5,May,01-May-16,Q2,25,3,Wednesday,False
03-May-17,2017,5,May,01-May-17,Q2,3,3,Wednesday,False
10-May-17,2017,5,May,01-May-17,Q2,10,3,Wednesday,False
17-May-17,2017,5,May,01-May-17,Q2,17,3,Wednesday,False
24-May-17,2017,5,May,01-May-17,Q2,24,3,Wednesday,False
31-May-17,2017,5,May,01-May-17,Q2,31,3,Wednesday,False
02-May-18,2018,5,May,01-May-18,Q2,2,3,Wednesday,False
09-May-18,2018,5,May,01-May-18,Q2,9,3,Wednesday,False
16-May-18,2018,5,May,01-May-18,Q2,16,3,Wednesday,False
23-May-18,2018,5,May,01-May-18,Q2,23,3,Wednesday,False
30-May-18,2018,5,May,01-May-18,Q2,30,3,Wednesday,False
01-May-19,2019,5,May,01-May-19,Q2,1,3,Wednesday,False
08-May-19,2019,5,May,01-May-19,Q2,8,3,Wednesday,False
15-May-19,2019,5,May,01-May-19,Q2,15,3,Wednesday,False
22-May-19,2019,5,May,01-May-19,Q2,22,3,Wednesday,False
29-May-19,2019,5,May,01-May-19,Q2,29,3,Wednesday,False
06-May-20,2020,5,May,01-May-20,Q2,6,3,Wednesday,False
13-May-20,2020,5,May,01-May-20,Q2,13,3,Wednesday,False
20-May-20,2020,5,May,01-May-20,Q2,20,3,Wednesday,False
27-May-20,2020,5,May,01-May-20,Q2,27,3,Wednesday,False
05-May-21,2021,5,May,01-May-21,Q2,5,3,Wednesday,False
12-May-21,2021,5,May,01-May-21,Q2,12,3,Wednesday,False
19-May-21,2021,5,May,01-May-21,Q2,19,3,Wednesday,False
26-May-21,2021,5,May,01-May-21,Q2,26,3,Wednesday,False
04-May-22,2022,5,May,01-May-22,Q2,4,3,Wednesday,False
11-May-22,2022,5,May,01-May-22,Q2,11,3,Wednesday,False
18-May-22,2022,5,May,01-May-22,Q2,18,3,Wednesday,False
25-May-22,2022,5,May,01-May-22,Q2,25,3,Wednesday,False
03-May-23,2023,5,May,01-May-23,Q2,3,3,Wednesday,False
10-May-23,2023,5,May,01-May-23,Q2,10,3,Wednesday,False
17-May-23,2023,5,May,01-May-23,Q2,17,3,Wednesday,False
24-May-23,2023,5,May,01-May-23,Q2,24,3,Wednesday,False
31-May-23,2023,5,May,01-May-23,Q2,31,3,Wednesday,False
01-May-24,2024,5,May,01-May-24,Q2,1,3,Wednesday,False
08-May-24,2024,5,May,01-May-24,Q2,8,3,Wednesday,False
15-May-24,2024,5,May,01-May-24,Q2,15,3,Wednesday,False
22-May-24,2024,5,May,01-May-24,Q2,22,3,Wednesday,False
29-May-24,2024,5,May,01-May-24,Q2,29,3,Wednesday,False
07-May-25,2025,5,May,01-May-25,Q2,7,3,Wednesday,False
14-May-25,2025,5,May,01-May-25,Q2,14,3,Wednesday,False
21-May-25,2025,5,May,01-May-25,Q2,21,3,Wednesday,False
28-May-25,2025,5,May,01-May-25,Q2,28,3,Wednesday,False
06-May-26,2026,5,May,01-May-26,Q2,6,3,Wednesday,False
13-May-26,2026,5,May,01-May-26,Q2,13,3,Wednesday,False
20-May-26,2026,5,May,01-May-26,Q2,20,3,Wednesday,False
27-May-26,2026,5,May,01-May-26,Q2,27,3,Wednesday,False
05-May-27,2027,5,May,01-May-27,Q2,5,3,Wednesday,False
12-May-27,2027,5,May,01-May-27,Q2,12,3,Wednesday,False
19-May-27,2027,5,May,01-May-27,Q2,19,3,Wednesday,False
26-May-27,2027,5,May,01-May-27,Q2,26,3,Wednesday,False
03-May-28,2028,5,May,01-May-28,Q2,3,3,Wednesday,False
10-May-28,2028,5,May,01-May-28,Q2,10,3,Wednesday,False
17-May-28,2028,5,May,01-May-28,Q2,17,3,Wednesday,False
24-May-28,2028,5,May,01-May-28,Q2,24,3,Wednesday,False
31-May-28,2028,5,May,01-May-28,Q2,31,3,Wednesday,False
01-Dec-10,2010,12,December,01-Dec-10,Q4,1,3,Wednesday,False
08-Dec-10,2010,12,December,01-Dec-10,Q4,8,3,Wednesday,False
15-Dec-10,2010,12,December,01-Dec-10,Q4,15,3,Wednesday,False
22-Dec-10,2010,12,December,01-Dec-10,Q4,22,3,Wednesday,False
29-Dec-10,2010,12,December,01-Dec-10,Q4,29,3,Wednesday,False
07-Dec-11,2011,12,December,01-Dec-11,Q4,7,3,Wednesday,False
14-Dec-11,2011,12,December,01-Dec-11,Q4,14,3,Wednesday,False
21-Dec-11,2011,12,December,01-Dec-11,Q4,21,3,Wednesday,False
28-Dec-11,2011,12,December,01-Dec-11,Q4,28,3,Wednesday,False
05-Dec-12,2012,12,December,01-Dec-12,Q4,5,3,Wednesday,False
12-Dec-12,2012,12,December,01-Dec-12,Q4,12,3,Wednesday,False
19-Dec-12,2012,12,December,01-Dec-12,Q4,19,3,Wednesday,False
26-Dec-12,2012,12,December,01-Dec-12,Q4,26,3,Wednesday,False
04-Dec-13,2013,12,December,01-Dec-13,Q4,4,3,Wednesday,False
11-Dec-13,2013,12,December,01-Dec-13,Q4,11,3,Wednesday,False
18-Dec-13,2013,12,December,01-Dec-13,Q4,18,3,Wednesday,False
25-Dec-13,2013,12,December,01-Dec-13,Q4,25,3,Wednesday,False
03-Dec-14,2014,12,December,01-Dec-14,Q4,3,3,Wednesday,False
10-Dec-14,2014,12,December,01-Dec-14,Q4,10,3,Wednesday,False
17-Dec-14,2014,12,December,01-Dec-14,Q4,17,3,Wednesday,False
24-Dec-14,2014,12,December,01-Dec-14,Q4,24,3,Wednesday,False
31-Dec-14,2014,12,December,01-Dec-14,Q4,31,3,Wednesday,False
02-Dec-15,2015,12,December,01-Dec-15,Q4,2,3,Wednesday,False
09-Dec-15,2015,12,December,01-Dec-15,Q4,9,3,Wednesday,False
16-Dec-15,2015,12,December,01-Dec-15,Q4,16,3,Wednesday,False
23-Dec-15,2015,12,December,01-Dec-15,Q4,23,3,Wednesday,False
30-Dec-15,2015,12,December,01-Dec-15,Q4,30,3,Wednesday,False
07-Dec-16,2016,12,December,01-Dec-16,Q4,7,3,Wednesday,False
14-Dec-16,2016,12,December,01-Dec-16,Q4,14,3,Wednesday,False
21-Dec-16,2016,12,December,01-Dec-16,Q4,21,3,Wednesday,False
28-Dec-16,2016,12,December,01-Dec-16,Q4,28,3,Wednesday,False
06-Dec-17,2017,12,December,01-Dec-17,Q4,6,3,Wednesday,False
13-Dec-17,2017,12,December,01-Dec-17,Q4,13,3,Wednesday,False
20-Dec-17,2017,12,December,01-Dec-17,Q4,20,3,Wednesday,False
27-Dec-17,2017,12,December,01-Dec-17,Q4,27,3,Wednesday,False
05-Dec-18,2018,12,December,01-Dec-18,Q4,5,3,Wednesday,False
12-Dec-18,2018,12,December,01-Dec-18,Q4,12,3,Wednesday,False
19-Dec-18,2018,12,December,01-Dec-18,Q4,19,3,Wednesday,False
26-Dec-18,2018,12,December,01-Dec-18,Q4,26,3,Wednesday,False
04-Dec-19,2019,12,December,01-Dec-19,Q4,4,3,Wednesday,False
11-Dec-19,2019,12,December,01-Dec-19,Q4,11,3,Wednesday,False
18-Dec-19,2019,12,December,01-Dec-19,Q4,18,3,Wednesday,False
25-Dec-19,2019,12,December,01-Dec-19,Q4,25,3,Wednesday,False
02-Dec-20,2020,12,December,01-Dec-20,Q4,2,3,Wednesday,False
09-Dec-20,2020,12,December,01-Dec-20,Q4,9,3,Wednesday,False
16-Dec-20,2020,12,December,01-Dec-20,Q4,16,3,Wednesday,False
23-Dec-20,2020,12,December,01-Dec-20,Q4,23,3,Wednesday,False
30-Dec-20,2020,12,December,01-Dec-20,Q4,30,3,Wednesday,False
01-Dec-21,2021,12,December,01-Dec-21,Q4,1,3,Wednesday,False
08-Dec-21,2021,12,December,01-Dec-21,Q4,8,3,Wednesday,False
15-Dec-21,2021,12,December,01-Dec-21,Q4,15,3,Wednesday,False
22-Dec-21,2021,12,December,01-Dec-21,Q4,22,3,Wednesday,False
29-Dec-21,2021,12,December,01-Dec-21,Q4,29,3,Wednesday,False
07-Dec-22,2022,12,December,01-Dec-22,Q4,7,3,Wednesday,False
14-Dec-22,2022,12,December,01-Dec-22,Q4,14,3,Wednesday,False
21-Dec-22,2022,12,December,01-Dec-22,Q4,21,3,Wednesday,False
28-Dec-22,2022,12,December,01-Dec-22,Q4,28,3,Wednesday,False
06-Dec-23,2023,12,December,01-Dec-23,Q4,6,3,Wednesday,False
13-Dec-23,2023,12,December,01-Dec-23,Q4,13,3,Wednesday,False
20-Dec-23,2023,12,December,01-Dec-23,Q4,20,3,Wednesday,False
27-Dec-23,2023,12,December,01-Dec-23,Q4,27,3,Wednesday,False
04-Dec-24,2024,12,December,01-Dec-24,Q4,4,3,Wednesday,False
11-Dec-24,2024,12,December,01-Dec-24,Q4,11,3,Wednesday,False
18-Dec-24,2024,12,December,01-Dec-24,Q4,18,3,Wednesday,False
25-Dec-24,2024,12,December,01-Dec-24,Q4,25,3,Wednesday,False
03-Dec-25,2025,12,December,01-Dec-25,Q4,3,3,Wednesday,False
10-Dec-25,2025,12,December,01-Dec-25,Q4,10,3,Wednesday,False
17-Dec-25,2025,12,December,01-Dec-25,Q4,17,3,Wednesday,False
24-Dec-25,2025,12,December,01-Dec-25,Q4,24,3,Wednesday,False
31-Dec-25,2025,12,December,01-Dec-25,Q4,31,3,Wednesday,False
02-Dec-26,2026,12,December,01-Dec-26,Q4,2,3,Wednesday,False
09-Dec-26,2026,12,December,01-Dec-26,Q4,9,3,Wednesday,False
16-Dec-26,2026,12,December,01-Dec-26,Q4,16,3,Wednesday,False
23-Dec-26,2026,12,December,01-Dec-26,Q4,23,3,Wednesday,False
30-Dec-26,2026,12,December,01-Dec-26,Q4,30,3,Wednesday,False
01-Dec-27,2027,12,December,01-Dec-27,Q4,1,3,Wednesday,False
08-Dec-27,2027,12,December,01-Dec-27,Q4,8,3,Wednesday,False
15-Dec-27,2027,12,December,01-Dec-27,Q4,15,3,Wednesday,False
22-Dec-27,2027,12,December,01-Dec-27,Q4,22,3,Wednesday,False
29-Dec-27,2027,12,December,01-Dec-27,Q4,29,3,Wednesday,False
06-Dec-28,2028,12,December,01-Dec-28,Q4,6,3,Wednesday,False
13-Dec-28,2028,12,December,01-Dec-28,Q4,13,3,Wednesday,False
20-Dec-28,2028,12,December,01-Dec-28,Q4,20,3,Wednesday,False
27-Dec-28,2028,12,December,01-Dec-28,Q4,27,3,Wednesday,False
03-Nov-10,2010,11,November,01-Nov-10,Q4,3,3,Wednesday,False
10-Nov-10,2010,11,November,01-Nov-10,Q4,10,3,Wednesday,False
17-Nov-10,2010,11,November,01-Nov-10,Q4,17,3,Wednesday,False
24-Nov-10,2010,11,November,01-Nov-10,Q4,24,3,Wednesday,False
02-Nov-11,2011,11,November,01-Nov-11,Q4,2,3,Wednesday,False
09-Nov-11,2011,11,November,01-Nov-11,Q4,9,3,Wednesday,False
16-Nov-11,2011,11,November,01-Nov-11,Q4,16,3,Wednesday,False
23-Nov-11,2011,11,November,01-Nov-11,Q4,23,3,Wednesday,False
30-Nov-11,2011,11,November,01-Nov-11,Q4,30,3,Wednesday,False
07-Nov-12,2012,11,November,01-Nov-12,Q4,7,3,Wednesday,False
14-Nov-12,2012,11,November,01-Nov-12,Q4,14,3,Wednesday,False
21-Nov-12,2012,11,November,01-Nov-12,Q4,21,3,Wednesday,False
28-Nov-12,2012,11,November,01-Nov-12,Q4,28,3,Wednesday,False
06-Nov-13,2013,11,November,01-Nov-13,Q4,6,3,Wednesday,False
13-Nov-13,2013,11,November,01-Nov-13,Q4,13,3,Wednesday,False
20-Nov-13,2013,11,November,01-Nov-13,Q4,20,3,Wednesday,False
27-Nov-13,2013,11,November,01-Nov-13,Q4,27,3,Wednesday,False
05-Nov-14,2014,11,November,01-Nov-14,Q4,5,3,Wednesday,False
12-Nov-14,2014,11,November,01-Nov-14,Q4,12,3,Wednesday,False
19-Nov-14,2014,11,November,01-Nov-14,Q4,19,3,Wednesday,False
26-Nov-14,2014,11,November,01-Nov-14,Q4,26,3,Wednesday,False
04-Nov-15,2015,11,November,01-Nov-15,Q4,4,3,Wednesday,False
11-Nov-15,2015,11,November,01-Nov-15,Q4,11,3,Wednesday,False
18-Nov-15,2015,11,November,01-Nov-15,Q4,18,3,Wednesday,False
25-Nov-15,2015,11,November,01-Nov-15,Q4,25,3,Wednesday,False
02-Nov-16,2016,11,November,01-Nov-16,Q4,2,3,Wednesday,False
09-Nov-16,2016,11,November,01-Nov-16,Q4,9,3,Wednesday,False
16-Nov-16,2016,11,November,01-Nov-16,Q4,16,3,Wednesday,False
23-Nov-16,2016,11,November,01-Nov-16,Q4,23,3,Wednesday,False
30-Nov-16,2016,11,November,01-Nov-16,Q4,30,3,Wednesday,False
01-Nov-17,2017,11,November,01-Nov-17,Q4,1,3,Wednesday,False
08-Nov-17,2017,11,November,01-Nov-17,Q4,8,3,Wednesday,False
15-Nov-17,2017,11,November,01-Nov-17,Q4,15,3,Wednesday,False
22-Nov-17,2017,11,November,01-Nov-17,Q4,22,3,Wednesday,False
29-Nov-17,2017,11,November,01-Nov-17,Q4,29,3,Wednesday,False
07-Nov-18,2018,11,November,01-Nov-18,Q4,7,3,Wednesday,False
14-Nov-18,2018,11,November,01-Nov-18,Q4,14,3,Wednesday,False
21-Nov-18,2018,11,November,01-Nov-18,Q4,21,3,Wednesday,False
28-Nov-18,2018,11,November,01-Nov-18,Q4,28,3,Wednesday,False
06-Nov-19,2019,11,November,01-Nov-19,Q4,6,3,Wednesday,False
13-Nov-19,2019,11,November,01-Nov-19,Q4,13,3,Wednesday,False
20-Nov-19,2019,11,November,01-Nov-19,Q4,20,3,Wednesday,False
27-Nov-19,2019,11,November,01-Nov-19,Q4,27,3,Wednesday,False
04-Nov-20,2020,11,November,01-Nov-20,Q4,4,3,Wednesday,False
11-Nov-20,2020,11,November,01-Nov-20,Q4,11,3,Wednesday,False
18-Nov-20,2020,11,November,01-Nov-20,Q4,18,3,Wednesday,False
25-Nov-20,2020,11,November,01-Nov-20,Q4,25,3,Wednesday,False
03-Nov-21,2021,11,November,01-Nov-21,Q4,3,3,Wednesday,False
10-Nov-21,2021,11,November,01-Nov-21,Q4,10,3,Wednesday,False
17-Nov-21,2021,11,November,01-Nov-21,Q4,17,3,Wednesday,False
24-Nov-21,2021,11,November,01-Nov-21,Q4,24,3,Wednesday,False
02-Nov-22,2022,11,November,01-Nov-22,Q4,2,3,Wednesday,False
09-Nov-22,2022,11,November,01-Nov-22,Q4,9,3,Wednesday,False
16-Nov-22,2022,11,November,01-Nov-22,Q4,16,3,Wednesday,False
23-Nov-22,2022,11,November,01-Nov-22,Q4,23,3,Wednesday,False
30-Nov-22,2022,11,November,01-Nov-22,Q4,30,3,Wednesday,False
01-Nov-23,2023,11,November,01-Nov-23,Q4,1,3,Wednesday,False
08-Nov-23,2023,11,November,01-Nov-23,Q4,8,3,Wednesday,False
15-Nov-23,2023,11,November,01-Nov-23,Q4,15,3,Wednesday,False
22-Nov-23,2023,11,November,01-Nov-23,Q4,22,3,Wednesday,False
29-Nov-23,2023,11,November,01-Nov-23,Q4,29,3,Wednesday,False
06-Nov-24,2024,11,November,01-Nov-24,Q4,6,3,Wednesday,False
13-Nov-24,2024,11,November,01-Nov-24,Q4,13,3,Wednesday,False
20-Nov-24,2024,11,November,01-Nov-24,Q4,20,3,Wednesday,False
27-Nov-24,2024,11,November,01-Nov-24,Q4,27,3,Wednesday,False
05-Nov-25,2025,11,November,01-Nov-25,Q4,5,3,Wednesday,False
12-Nov-25,2025,11,November,01-Nov-25,Q4,12,3,Wednesday,False
19-Nov-25,2025,11,November,01-Nov-25,Q4,19,3,Wednesday,False
26-Nov-25,2025,11,November,01-Nov-25,Q4,26,3,Wednesday,False
04-Nov-26,2026,11,November,01-Nov-26,Q4,4,3,Wednesday,False
11-Nov-26,2026,11,November,01-Nov-26,Q4,11,3,Wednesday,False
18-Nov-26,2026,11,November,01-Nov-26,Q4,18,3,Wednesday,False
25-Nov-26,2026,11,November,01-Nov-26,Q4,25,3,Wednesday,False
03-Nov-27,2027,11,November,01-Nov-27,Q4,3,3,Wednesday,False
10-Nov-27,2027,11,November,01-Nov-27,Q4,10,3,Wednesday,False
17-Nov-27,2027,11,November,01-Nov-27,Q4,17,3,Wednesday,False
24-Nov-27,2027,11,November,01-Nov-27,Q4,24,3,Wednesday,False
01-Nov-28,2028,11,November,01-Nov-28,Q4,1,3,Wednesday,False
08-Nov-28,2028,11,November,01-Nov-28,Q4,8,3,Wednesday,False
15-Nov-28,2028,11,November,01-Nov-28,Q4,15,3,Wednesday,False
22-Nov-28,2028,11,November,01-Nov-28,Q4,22,3,Wednesday,False
29-Nov-28,2028,11,November,01-Nov-28,Q4,29,3,Wednesday,False
06-Oct-10,2010,10,October,01-Oct-10,Q4,6,3,Wednesday,False
13-Oct-10,2010,10,October,01-Oct-10,Q4,13,3,Wednesday,False
20-Oct-10,2010,10,October,01-Oct-10,Q4,20,3,Wednesday,False
27-Oct-10,2010,10,October,01-Oct-10,Q4,27,3,Wednesday,False
05-Oct-11,2011,10,October,01-Oct-11,Q4,5,3,Wednesday,False
12-Oct-11,2011,10,October,01-Oct-11,Q4,12,3,Wednesday,False
19-Oct-11,2011,10,October,01-Oct-11,Q4,19,3,Wednesday,False
26-Oct-11,2011,10,October,01-Oct-11,Q4,26,3,Wednesday,False
03-Oct-12,2012,10,October,01-Oct-12,Q4,3,3,Wednesday,False
10-Oct-12,2012,10,October,01-Oct-12,Q4,10,3,Wednesday,False
17-Oct-12,2012,10,October,01-Oct-12,Q4,17,3,Wednesday,False
24-Oct-12,2012,10,October,01-Oct-12,Q4,24,3,Wednesday,False
31-Oct-12,2012,10,October,01-Oct-12,Q4,31,3,Wednesday,False
02-Oct-13,2013,10,October,01-Oct-13,Q4,2,3,Wednesday,False
09-Oct-13,2013,10,October,01-Oct-13,Q4,9,3,Wednesday,False
16-Oct-13,2013,10,October,01-Oct-13,Q4,16,3,Wednesday,False
23-Oct-13,2013,10,October,01-Oct-13,Q4,23,3,Wednesday,False
30-Oct-13,2013,10,October,01-Oct-13,Q4,30,3,Wednesday,False
01-Oct-14,2014,10,October,01-Oct-14,Q4,1,3,Wednesday,False
08-Oct-14,2014,10,October,01-Oct-14,Q4,8,3,Wednesday,False
15-Oct-14,2014,10,October,01-Oct-14,Q4,15,3,Wednesday,False
22-Oct-14,2014,10,October,01-Oct-14,Q4,22,3,Wednesday,False
29-Oct-14,2014,10,October,01-Oct-14,Q4,29,3,Wednesday,False
07-Oct-15,2015,10,October,01-Oct-15,Q4,7,3,Wednesday,False
14-Oct-15,2015,10,October,01-Oct-15,Q4,14,3,Wednesday,False
21-Oct-15,2015,10,October,01-Oct-15,Q4,21,3,Wednesday,False
28-Oct-15,2015,10,October,01-Oct-15,Q4,28,3,Wednesday,False
05-Oct-16,2016,10,October,01-Oct-16,Q4,5,3,Wednesday,False
12-Oct-16,2016,10,October,01-Oct-16,Q4,12,3,Wednesday,False
19-Oct-16,2016,10,October,01-Oct-16,Q4,19,3,Wednesday,False
26-Oct-16,2016,10,October,01-Oct-16,Q4,26,3,Wednesday,False
04-Oct-17,2017,10,October,01-Oct-17,Q4,4,3,Wednesday,False
11-Oct-17,2017,10,October,01-Oct-17,Q4,11,3,Wednesday,False
18-Oct-17,2017,10,October,01-Oct-17,Q4,18,3,Wednesday,False
25-Oct-17,2017,10,October,01-Oct-17,Q4,25,3,Wednesday,False
03-Oct-18,2018,10,October,01-Oct-18,Q4,3,3,Wednesday,False
10-Oct-18,2018,10,October,01-Oct-18,Q4,10,3,Wednesday,False
17-Oct-18,2018,10,October,01-Oct-18,Q4,17,3,Wednesday,False
24-Oct-18,2018,10,October,01-Oct-18,Q4,24,3,Wednesday,False
31-Oct-18,2018,10,October,01-Oct-18,Q4,31,3,Wednesday,False
02-Oct-19,2019,10,October,01-Oct-19,Q4,2,3,Wednesday,False
09-Oct-19,2019,10,October,01-Oct-19,Q4,9,3,Wednesday,False
16-Oct-19,2019,10,October,01-Oct-19,Q4,16,3,Wednesday,False
23-Oct-19,2019,10,October,01-Oct-19,Q4,23,3,Wednesday,False
30-Oct-19,2019,10,October,01-Oct-19,Q4,30,3,Wednesday,False
07-Oct-20,2020,10,October,01-Oct-20,Q4,7,3,Wednesday,False
14-Oct-20,2020,10,October,01-Oct-20,Q4,14,3,Wednesday,False
21-Oct-20,2020,10,October,01-Oct-20,Q4,21,3,Wednesday,False
28-Oct-20,2020,10,October,01-Oct-20,Q4,28,3,Wednesday,False
06-Oct-21,2021,10,October,01-Oct-21,Q4,6,3,Wednesday,False
13-Oct-21,2021,10,October,01-Oct-21,Q4,13,3,Wednesday,False
20-Oct-21,2021,10,October,01-Oct-21,Q4,20,3,Wednesday,False
27-Oct-21,2021,10,October,01-Oct-21,Q4,27,3,Wednesday,False
05-Oct-22,2022,10,October,01-Oct-22,Q4,5,3,Wednesday,False
12-Oct-22,2022,10,October,01-Oct-22,Q4,12,3,Wednesday,False
19-Oct-22,2022,10,October,01-Oct-22,Q4,19,3,Wednesday,False
26-Oct-22,2022,10,October,01-Oct-22,Q4,26,3,Wednesday,False
04-Oct-23,2023,10,October,01-Oct-23,Q4,4,3,Wednesday,False
11-Oct-23,2023,10,October,01-Oct-23,Q4,11,3,Wednesday,False
18-Oct-23,2023,10,October,01-Oct-23,Q4,18,3,Wednesday,False
25-Oct-23,2023,10,October,01-Oct-23,Q4,25,3,Wednesday,False
02-Oct-24,2024,10,October,01-Oct-24,Q4,2,3,Wednesday,False
09-Oct-24,2024,10,October,01-Oct-24,Q4,9,3,Wednesday,False
16-Oct-24,2024,10,October,01-Oct-24,Q4,16,3,Wednesday,False
23-Oct-24,2024,10,October,01-Oct-24,Q4,23,3,Wednesday,False
30-Oct-24,2024,10,October,01-Oct-24,Q4,30,3,Wednesday,False
01-Oct-25,2025,10,October,01-Oct-25,Q4,1,3,Wednesday,False
08-Oct-25,2025,10,October,01-Oct-25,Q4,8,3,Wednesday,False
15-Oct-25,2025,10,October,01-Oct-25,Q4,15,3,Wednesday,False
22-Oct-25,2025,10,October,01-Oct-25,Q4,22,3,Wednesday,False
29-Oct-25,2025,10,October,01-Oct-25,Q4,29,3,Wednesday,False
07-Oct-26,2026,10,October,01-Oct-26,Q4,7,3,Wednesday,False
14-Oct-26,2026,10,October,01-Oct-26,Q4,14,3,Wednesday,False
21-Oct-26,2026,10,October,01-Oct-26,Q4,21,3,Wednesday,False
28-Oct-26,2026,10,October,01-Oct-26,Q4,28,3,Wednesday,False
06-Oct-27,2027,10,October,01-Oct-27,Q4,6,3,Wednesday,False
13-Oct-27,2027,10,October,01-Oct-27,Q4,13,3,Wednesday,False
20-Oct-27,2027,10,October,01-Oct-27,Q4,20,3,Wednesday,False
27-Oct-27,2027,10,October,01-Oct-27,Q4,27,3,Wednesday,False
04-Oct-28,2028,10,October,01-Oct-28,Q4,4,3,Wednesday,False
11-Oct-28,2028,10,October,01-Oct-28,Q4,11,3,Wednesday,False
18-Oct-28,2028,10,October,01-Oct-28,Q4,18,3,Wednesday,False
25-Oct-28,2028,10,October,01-Oct-28,Q4,25,3,Wednesday,False
04-Aug-10,2010,8,August,01-Aug-10,Q3,4,3,Wednesday,False
11-Aug-10,2010,8,August,01-Aug-10,Q3,11,3,Wednesday,False
18-Aug-10,2010,8,August,01-Aug-10,Q3,18,3,Wednesday,False
25-Aug-10,2010,8,August,01-Aug-10,Q3,25,3,Wednesday,False
03-Aug-11,2011,8,August,01-Aug-11,Q3,3,3,Wednesday,False
10-Aug-11,2011,8,August,01-Aug-11,Q3,10,3,Wednesday,False
17-Aug-11,2011,8,August,01-Aug-11,Q3,17,3,Wednesday,False
24-Aug-11,2011,8,August,01-Aug-11,Q3,24,3,Wednesday,False
31-Aug-11,2011,8,August,01-Aug-11,Q3,31,3,Wednesday,False
01-Aug-12,2012,8,August,01-Aug-12,Q3,1,3,Wednesday,False
08-Aug-12,2012,8,August,01-Aug-12,Q3,8,3,Wednesday,False
15-Aug-12,2012,8,August,01-Aug-12,Q3,15,3,Wednesday,False
22-Aug-12,2012,8,August,01-Aug-12,Q3,22,3,Wednesday,False
29-Aug-12,2012,8,August,01-Aug-12,Q3,29,3,Wednesday,False
07-Aug-13,2013,8,August,01-Aug-13,Q3,7,3,Wednesday,False
14-Aug-13,2013,8,August,01-Aug-13,Q3,14,3,Wednesday,False
21-Aug-13,2013,8,August,01-Aug-13,Q3,21,3,Wednesday,False
28-Aug-13,2013,8,August,01-Aug-13,Q3,28,3,Wednesday,False
06-Aug-14,2014,8,August,01-Aug-14,Q3,6,3,Wednesday,False
13-Aug-14,2014,8,August,01-Aug-14,Q3,13,3,Wednesday,False
20-Aug-14,2014,8,August,01-Aug-14,Q3,20,3,Wednesday,False
27-Aug-14,2014,8,August,01-Aug-14,Q3,27,3,Wednesday,False
05-Aug-15,2015,8,August,01-Aug-15,Q3,5,3,Wednesday,False
12-Aug-15,2015,8,August,01-Aug-15,Q3,12,3,Wednesday,False
19-Aug-15,2015,8,August,01-Aug-15,Q3,19,3,Wednesday,False
26-Aug-15,2015,8,August,01-Aug-15,Q3,26,3,Wednesday,False
03-Aug-16,2016,8,August,01-Aug-16,Q3,3,3,Wednesday,False
10-Aug-16,2016,8,August,01-Aug-16,Q3,10,3,Wednesday,False
17-Aug-16,2016,8,August,01-Aug-16,Q3,17,3,Wednesday,False
24-Aug-16,2016,8,August,01-Aug-16,Q3,24,3,Wednesday,False
31-Aug-16,2016,8,August,01-Aug-16,Q3,31,3,Wednesday,False
02-Aug-17,2017,8,August,01-Aug-17,Q3,2,3,Wednesday,False
09-Aug-17,2017,8,August,01-Aug-17,Q3,9,3,Wednesday,False
16-Aug-17,2017,8,August,01-Aug-17,Q3,16,3,Wednesday,False
23-Aug-17,2017,8,August,01-Aug-17,Q3,23,3,Wednesday,False
30-Aug-17,2017,8,August,01-Aug-17,Q3,30,3,Wednesday,False
01-Aug-18,2018,8,August,01-Aug-18,Q3,1,3,Wednesday,False
08-Aug-18,2018,8,August,01-Aug-18,Q3,8,3,Wednesday,False
15-Aug-18,2018,8,August,01-Aug-18,Q3,15,3,Wednesday,False
22-Aug-18,2018,8,August,01-Aug-18,Q3,22,3,Wednesday,False
29-Aug-18,2018,8,August,01-Aug-18,Q3,29,3,Wednesday,False
07-Aug-19,2019,8,August,01-Aug-19,Q3,7,3,Wednesday,False
14-Aug-19,2019,8,August,01-Aug-19,Q3,14,3,Wednesday,False
21-Aug-19,2019,8,August,01-Aug-19,Q3,21,3,Wednesday,False
28-Aug-19,2019,8,August,01-Aug-19,Q3,28,3,Wednesday,False
05-Aug-20,2020,8,August,01-Aug-20,Q3,5,3,Wednesday,False
12-Aug-20,2020,8,August,01-Aug-20,Q3,12,3,Wednesday,False
19-Aug-20,2020,8,August,01-Aug-20,Q3,19,3,Wednesday,False
26-Aug-20,2020,8,August,01-Aug-20,Q3,26,3,Wednesday,False
04-Aug-21,2021,8,August,01-Aug-21,Q3,4,3,Wednesday,False
11-Aug-21,2021,8,August,01-Aug-21,Q3,11,3,Wednesday,False
18-Aug-21,2021,8,August,01-Aug-21,Q3,18,3,Wednesday,False
25-Aug-21,2021,8,August,01-Aug-21,Q3,25,3,Wednesday,False
03-Aug-22,2022,8,August,01-Aug-22,Q3,3,3,Wednesday,False
10-Aug-22,2022,8,August,01-Aug-22,Q3,10,3,Wednesday,False
17-Aug-22,2022,8,August,01-Aug-22,Q3,17,3,Wednesday,False
24-Aug-22,2022,8,August,01-Aug-22,Q3,24,3,Wednesday,False
31-Aug-22,2022,8,August,01-Aug-22,Q3,31,3,Wednesday,False
02-Aug-23,2023,8,August,01-Aug-23,Q3,2,3,Wednesday,False
09-Aug-23,2023,8,August,01-Aug-23,Q3,9,3,Wednesday,False
16-Aug-23,2023,8,August,01-Aug-23,Q3,16,3,Wednesday,False
23-Aug-23,2023,8,August,01-Aug-23,Q3,23,3,Wednesday,False
30-Aug-23,2023,8,August,01-Aug-23,Q3,30,3,Wednesday,False
07-Aug-24,2024,8,August,01-Aug-24,Q3,7,3,Wednesday,False
14-Aug-24,2024,8,August,01-Aug-24,Q3,14,3,Wednesday,False
21-Aug-24,2024,8,August,01-Aug-24,Q3,21,3,Wednesday,False
28-Aug-24,2024,8,August,01-Aug-24,Q3,28,3,Wednesday,False
06-Aug-25,2025,8,August,01-Aug-25,Q3,6,3,Wednesday,False
13-Aug-25,2025,8,August,01-Aug-25,Q3,13,3,Wednesday,False
20-Aug-25,2025,8,August,01-Aug-25,Q3,20,3,Wednesday,False
27-Aug-25,2025,8,August,01-Aug-25,Q3,27,3,Wednesday,False
05-Aug-26,2026,8,August,01-Aug-26,Q3,5,3,Wednesday,False
12-Aug-26,2026,8,August,01-Aug-26,Q3,12,3,Wednesday,False
19-Aug-26,2026,8,August,01-Aug-26,Q3,19,3,Wednesday,False
26-Aug-26,2026,8,August,01-Aug-26,Q3,26,3,Wednesday,False
04-Aug-27,2027,8,August,01-Aug-27,Q3,4,3,Wednesday,False
11-Aug-27,2027,8,August,01-Aug-27,Q3,11,3,Wednesday,False
18-Aug-27,2027,8,August,01-Aug-27,Q3,18,3,Wednesday,False
25-Aug-27,2027,8,August,01-Aug-27,Q3,25,3,Wednesday,False
02-Aug-28,2028,8,August,01-Aug-28,Q3,2,3,Wednesday,False
09-Aug-28,2028,8,August,01-Aug-28,Q3,9,3,Wednesday,False
16-Aug-28,2028,8,August,01-Aug-28,Q3,16,3,Wednesday,False
23-Aug-28,2028,8,August,01-Aug-28,Q3,23,3,Wednesday,False
30-Aug-28,2028,8,August,01-Aug-28,Q3,30,3,Wednesday,False
01-Sep-10,2010,9,September,01-Sep-10,Q3,1,3,Wednesday,False
08-Sep-10,2010,9,September,01-Sep-10,Q3,8,3,Wednesday,False
15-Sep-10,2010,9,September,01-Sep-10,Q3,15,3,Wednesday,False
22-Sep-10,2010,9,September,01-Sep-10,Q3,22,3,Wednesday,False
29-Sep-10,2010,9,September,01-Sep-10,Q3,29,3,Wednesday,False
07-Sep-11,2011,9,September,01-Sep-11,Q3,7,3,Wednesday,False
14-Sep-11,2011,9,September,01-Sep-11,Q3,14,3,Wednesday,False
21-Sep-11,2011,9,September,01-Sep-11,Q3,21,3,Wednesday,False
28-Sep-11,2011,9,September,01-Sep-11,Q3,28,3,Wednesday,False
05-Sep-12,2012,9,September,01-Sep-12,Q3,5,3,Wednesday,False
12-Sep-12,2012,9,September,01-Sep-12,Q3,12,3,Wednesday,False
19-Sep-12,2012,9,September,01-Sep-12,Q3,19,3,Wednesday,False
26-Sep-12,2012,9,September,01-Sep-12,Q3,26,3,Wednesday,False
04-Sep-13,2013,9,September,01-Sep-13,Q3,4,3,Wednesday,False
11-Sep-13,2013,9,September,01-Sep-13,Q3,11,3,Wednesday,False
18-Sep-13,2013,9,September,01-Sep-13,Q3,18,3,Wednesday,False
25-Sep-13,2013,9,September,01-Sep-13,Q3,25,3,Wednesday,False
03-Sep-14,2014,9,September,01-Sep-14,Q3,3,3,Wednesday,False
10-Sep-14,2014,9,September,01-Sep-14,Q3,10,3,Wednesday,False
17-Sep-14,2014,9,September,01-Sep-14,Q3,17,3,Wednesday,False
24-Sep-14,2014,9,September,01-Sep-14,Q3,24,3,Wednesday,False
02-Sep-15,2015,9,September,01-Sep-15,Q3,2,3,Wednesday,False
09-Sep-15,2015,9,September,01-Sep-15,Q3,9,3,Wednesday,False
16-Sep-15,2015,9,September,01-Sep-15,Q3,16,3,Wednesday,False
23-Sep-15,2015,9,September,01-Sep-15,Q3,23,3,Wednesday,False
30-Sep-15,2015,9,September,01-Sep-15,Q3,30,3,Wednesday,False
07-Sep-16,2016,9,September,01-Sep-16,Q3,7,3,Wednesday,False
14-Sep-16,2016,9,September,01-Sep-16,Q3,14,3,Wednesday,False
21-Sep-16,2016,9,September,01-Sep-16,Q3,21,3,Wednesday,False
28-Sep-16,2016,9,September,01-Sep-16,Q3,28,3,Wednesday,False
06-Sep-17,2017,9,September,01-Sep-17,Q3,6,3,Wednesday,False
13-Sep-17,2017,9,September,01-Sep-17,Q3,13,3,Wednesday,False
20-Sep-17,2017,9,September,01-Sep-17,Q3,20,3,Wednesday,False
27-Sep-17,2017,9,September,01-Sep-17,Q3,27,3,Wednesday,False
05-Sep-18,2018,9,September,01-Sep-18,Q3,5,3,Wednesday,False
12-Sep-18,2018,9,September,01-Sep-18,Q3,12,3,Wednesday,False
19-Sep-18,2018,9,September,01-Sep-18,Q3,19,3,Wednesday,False
26-Sep-18,2018,9,September,01-Sep-18,Q3,26,3,Wednesday,False
04-Sep-19,2019,9,September,01-Sep-19,Q3,4,3,Wednesday,False
11-Sep-19,2019,9,September,01-Sep-19,Q3,11,3,Wednesday,False
18-Sep-19,2019,9,September,01-Sep-19,Q3,18,3,Wednesday,False
25-Sep-19,2019,9,September,01-Sep-19,Q3,25,3,Wednesday,False
02-Sep-20,2020,9,September,01-Sep-20,Q3,2,3,Wednesday,False
09-Sep-20,2020,9,September,01-Sep-20,Q3,9,3,Wednesday,False
16-Sep-20,2020,9,September,01-Sep-20,Q3,16,3,Wednesday,False
23-Sep-20,2020,9,September,01-Sep-20,Q3,23,3,Wednesday,False
30-Sep-20,2020,9,September,01-Sep-20,Q3,30,3,Wednesday,False
01-Sep-21,2021,9,September,01-Sep-21,Q3,1,3,Wednesday,False
08-Sep-21,2021,9,September,01-Sep-21,Q3,8,3,Wednesday,False
15-Sep-21,2021,9,September,01-Sep-21,Q3,15,3,Wednesday,False
22-Sep-21,2021,9,September,01-Sep-21,Q3,22,3,Wednesday,False
29-Sep-21,2021,9,September,01-Sep-21,Q3,29,3,Wednesday,False
07-Sep-22,2022,9,September,01-Sep-22,Q3,7,3,Wednesday,False
14-Sep-22,2022,9,September,01-Sep-22,Q3,14,3,Wednesday,False
21-Sep-22,2022,9,September,01-Sep-22,Q3,21,3,Wednesday,False
28-Sep-22,2022,9,September,01-Sep-22,Q3,28,3,Wednesday,False
06-Sep-23,2023,9,September,01-Sep-23,Q3,6,3,Wednesday,False
13-Sep-23,2023,9,September,01-Sep-23,Q3,13,3,Wednesday,False
20-Sep-23,2023,9,September,01-Sep-23,Q3,20,3,Wednesday,False
27-Sep-23,2023,9,September,01-Sep-23,Q3,27,3,Wednesday,False
04-Sep-24,2024,9,September,01-Sep-24,Q3,4,3,Wednesday,False
11-Sep-24,2024,9,September,01-Sep-24,Q3,11,3,Wednesday,False
18-Sep-24,2024,9,September,01-Sep-24,Q3,18,3,Wednesday,False
25-Sep-24,2024,9,September,01-Sep-24,Q3,25,3,Wednesday,False
03-Sep-25,2025,9,September,01-Sep-25,Q3,3,3,Wednesday,False
10-Sep-25,2025,9,September,01-Sep-25,Q3,10,3,Wednesday,False
17-Sep-25,2025,9,September,01-Sep-25,Q3,17,3,Wednesday,False
24-Sep-25,2025,9,September,01-Sep-25,Q3,24,3,Wednesday,False
02-Sep-26,2026,9,September,01-Sep-26,Q3,2,3,Wednesday,False
09-Sep-26,2026,9,September,01-Sep-26,Q3,9,3,Wednesday,False
16-Sep-26,2026,9,September,01-Sep-26,Q3,16,3,Wednesday,False
23-Sep-26,2026,9,September,01-Sep-26,Q3,23,3,Wednesday,False
30-Sep-26,2026,9,September,01-Sep-26,Q3,30,3,Wednesday,False
01-Sep-27,2027,9,September,01-Sep-27,Q3,1,3,Wednesday,False
08-Sep-27,2027,9,September,01-Sep-27,Q3,8,3,Wednesday,False
15-Sep-27,2027,9,September,01-Sep-27,Q3,15,3,Wednesday,False
22-Sep-27,2027,9,September,01-Sep-27,Q3,22,3,Wednesday,False
29-Sep-27,2027,9,September,01-Sep-27,Q3,29,3,Wednesday,False
06-Sep-28,2028,9,September,01-Sep-28,Q3,6,3,Wednesday,False
13-Sep-28,2028,9,September,01-Sep-28,Q3,13,3,Wednesday,False
20-Sep-28,2028,9,September,01-Sep-28,Q3,20,3,Wednesday,False
27-Sep-28,2028,9,September,01-Sep-28,Q3,27,3,Wednesday,False
07-Jul-10,2010,7,July,01-Jul-10,Q3,7,3,Wednesday,False
14-Jul-10,2010,7,July,01-Jul-10,Q3,14,3,Wednesday,False
21-Jul-10,2010,7,July,01-Jul-10,Q3,21,3,Wednesday,False
28-Jul-10,2010,7,July,01-Jul-10,Q3,28,3,Wednesday,False
06-Jul-11,2011,7,July,01-Jul-11,Q3,6,3,Wednesday,False
13-Jul-11,2011,7,July,01-Jul-11,Q3,13,3,Wednesday,False
20-Jul-11,2011,7,July,01-Jul-11,Q3,20,3,Wednesday,False
27-Jul-11,2011,7,July,01-Jul-11,Q3,27,3,Wednesday,False
04-Jul-12,2012,7,July,01-Jul-12,Q3,4,3,Wednesday,False
11-Jul-12,2012,7,July,01-Jul-12,Q3,11,3,Wednesday,False
18-Jul-12,2012,7,July,01-Jul-12,Q3,18,3,Wednesday,False
25-Jul-12,2012,7,July,01-Jul-12,Q3,25,3,Wednesday,False
03-Jul-13,2013,7,July,01-Jul-13,Q3,3,3,Wednesday,False
10-Jul-13,2013,7,July,01-Jul-13,Q3,10,3,Wednesday,False
17-Jul-13,2013,7,July,01-Jul-13,Q3,17,3,Wednesday,False
24-Jul-13,2013,7,July,01-Jul-13,Q3,24,3,Wednesday,False
31-Jul-13,2013,7,July,01-Jul-13,Q3,31,3,Wednesday,False
02-Jul-14,2014,7,July,01-Jul-14,Q3,2,3,Wednesday,False
09-Jul-14,2014,7,July,01-Jul-14,Q3,9,3,Wednesday,False
16-Jul-14,2014,7,July,01-Jul-14,Q3,16,3,Wednesday,False
23-Jul-14,2014,7,July,01-Jul-14,Q3,23,3,Wednesday,False
30-Jul-14,2014,7,July,01-Jul-14,Q3,30,3,Wednesday,False
01-Jul-15,2015,7,July,01-Jul-15,Q3,1,3,Wednesday,False
08-Jul-15,2015,7,July,01-Jul-15,Q3,8,3,Wednesday,False
15-Jul-15,2015,7,July,01-Jul-15,Q3,15,3,Wednesday,False
22-Jul-15,2015,7,July,01-Jul-15,Q3,22,3,Wednesday,False
29-Jul-15,2015,7,July,01-Jul-15,Q3,29,3,Wednesday,False
06-Jul-16,2016,7,July,01-Jul-16,Q3,6,3,Wednesday,False
13-Jul-16,2016,7,July,01-Jul-16,Q3,13,3,Wednesday,False
20-Jul-16,2016,7,July,01-Jul-16,Q3,20,3,Wednesday,False
27-Jul-16,2016,7,July,01-Jul-16,Q3,27,3,Wednesday,False
05-Jul-17,2017,7,July,01-Jul-17,Q3,5,3,Wednesday,False
12-Jul-17,2017,7,July,01-Jul-17,Q3,12,3,Wednesday,False
19-Jul-17,2017,7,July,01-Jul-17,Q3,19,3,Wednesday,False
26-Jul-17,2017,7,July,01-Jul-17,Q3,26,3,Wednesday,False
04-Jul-18,2018,7,July,01-Jul-18,Q3,4,3,Wednesday,False
11-Jul-18,2018,7,July,01-Jul-18,Q3,11,3,Wednesday,False
18-Jul-18,2018,7,July,01-Jul-18,Q3,18,3,Wednesday,False
25-Jul-18,2018,7,July,01-Jul-18,Q3,25,3,Wednesday,False
03-Jul-19,2019,7,July,01-Jul-19,Q3,3,3,Wednesday,False
10-Jul-19,2019,7,July,01-Jul-19,Q3,10,3,Wednesday,False
17-Jul-19,2019,7,July,01-Jul-19,Q3,17,3,Wednesday,False
24-Jul-19,2019,7,July,01-Jul-19,Q3,24,3,Wednesday,False
31-Jul-19,2019,7,July,01-Jul-19,Q3,31,3,Wednesday,False
01-Jul-20,2020,7,July,01-Jul-20,Q3,1,3,Wednesday,False
08-Jul-20,2020,7,July,01-Jul-20,Q3,8,3,Wednesday,False
15-Jul-20,2020,7,July,01-Jul-20,Q3,15,3,Wednesday,False
22-Jul-20,2020,7,July,01-Jul-20,Q3,22,3,Wednesday,False
29-Jul-20,2020,7,July,01-Jul-20,Q3,29,3,Wednesday,False
07-Jul-21,2021,7,July,01-Jul-21,Q3,7,3,Wednesday,False
14-Jul-21,2021,7,July,01-Jul-21,Q3,14,3,Wednesday,False
21-Jul-21,2021,7,July,01-Jul-21,Q3,21,3,Wednesday,False
28-Jul-21,2021,7,July,01-Jul-21,Q3,28,3,Wednesday,False
06-Jul-22,2022,7,July,01-Jul-22,Q3,6,3,Wednesday,False
13-Jul-22,2022,7,July,01-Jul-22,Q3,13,3,Wednesday,False
20-Jul-22,2022,7,July,01-Jul-22,Q3,20,3,Wednesday,False
27-Jul-22,2022,7,July,01-Jul-22,Q3,27,3,Wednesday,False
05-Jul-23,2023,7,July,01-Jul-23,Q3,5,3,Wednesday,False
12-Jul-23,2023,7,July,01-Jul-23,Q3,12,3,Wednesday,False
19-Jul-23,2023,7,July,01-Jul-23,Q3,19,3,Wednesday,False
26-Jul-23,2023,7,July,01-Jul-23,Q3,26,3,Wednesday,False
03-Jul-24,2024,7,July,01-Jul-24,Q3,3,3,Wednesday,False
10-Jul-24,2024,7,July,01-Jul-24,Q3,10,3,Wednesday,False
17-Jul-24,2024,7,July,01-Jul-24,Q3,17,3,Wednesday,False
24-Jul-24,2024,7,July,01-Jul-24,Q3,24,3,Wednesday,False
31-Jul-24,2024,7,July,01-Jul-24,Q3,31,3,Wednesday,False
02-Jul-25,2025,7,July,01-Jul-25,Q3,2,3,Wednesday,False
09-Jul-25,2025,7,July,01-Jul-25,Q3,9,3,Wednesday,False
16-Jul-25,2025,7,July,01-Jul-25,Q3,16,3,Wednesday,False
23-Jul-25,2025,7,July,01-Jul-25,Q3,23,3,Wednesday,False
30-Jul-25,2025,7,July,01-Jul-25,Q3,30,3,Wednesday,False
01-Jul-26,2026,7,July,01-Jul-26,Q3,1,3,Wednesday,False
08-Jul-26,2026,7,July,01-Jul-26,Q3,8,3,Wednesday,False
15-Jul-26,2026,7,July,01-Jul-26,Q3,15,3,Wednesday,False
22-Jul-26,2026,7,July,01-Jul-26,Q3,22,3,Wednesday,False
29-Jul-26,2026,7,July,01-Jul-26,Q3,29,3,Wednesday,False
07-Jul-27,2027,7,July,01-Jul-27,Q3,7,3,Wednesday,False
14-Jul-27,2027,7,July,01-Jul-27,Q3,14,3,Wednesday,False
21-Jul-27,2027,7,July,01-Jul-27,Q3,21,3,Wednesday,False
28-Jul-27,2027,7,July,01-Jul-27,Q3,28,3,Wednesday,False
05-Jul-28,2028,7,July,01-Jul-28,Q3,5,3,Wednesday,False
12-Jul-28,2028,7,July,01-Jul-28,Q3,12,3,Wednesday,False
19-Jul-28,2028,7,July,01-Jul-28,Q3,19,3,Wednesday,False
26-Jul-28,2028,7,July,01-Jul-28,Q3,26,3,Wednesday,False
01-Jul-10,2010,7,July,01-Jul-10,Q3,1,4,Thursday,False
08-Jul-10,2010,7,July,01-Jul-10,Q3,8,4,Thursday,False
15-Jul-10,2010,7,July,01-Jul-10,Q3,15,4,Thursday,False
22-Jul-10,2010,7,July,01-Jul-10,Q3,22,4,Thursday,False
29-Jul-10,2010,7,July,01-Jul-10,Q3,29,4,Thursday,False
07-Jul-11,2011,7,July,01-Jul-11,Q3,7,4,Thursday,False
14-Jul-11,2011,7,July,01-Jul-11,Q3,14,4,Thursday,False
21-Jul-11,2011,7,July,01-Jul-11,Q3,21,4,Thursday,False
28-Jul-11,2011,7,July,01-Jul-11,Q3,28,4,Thursday,False
05-Jul-12,2012,7,July,01-Jul-12,Q3,5,4,Thursday,False
12-Jul-12,2012,7,July,01-Jul-12,Q3,12,4,Thursday,False
19-Jul-12,2012,7,July,01-Jul-12,Q3,19,4,Thursday,False
26-Jul-12,2012,7,July,01-Jul-12,Q3,26,4,Thursday,False
04-Jul-13,2013,7,July,01-Jul-13,Q3,4,4,Thursday,False
11-Jul-13,2013,7,July,01-Jul-13,Q3,11,4,Thursday,False
18-Jul-13,2013,7,July,01-Jul-13,Q3,18,4,Thursday,False
25-Jul-13,2013,7,July,01-Jul-13,Q3,25,4,Thursday,False
03-Jul-14,2014,7,July,01-Jul-14,Q3,3,4,Thursday,False
10-Jul-14,2014,7,July,01-Jul-14,Q3,10,4,Thursday,False
17-Jul-14,2014,7,July,01-Jul-14,Q3,17,4,Thursday,False
24-Jul-14,2014,7,July,01-Jul-14,Q3,24,4,Thursday,False
31-Jul-14,2014,7,July,01-Jul-14,Q3,31,4,Thursday,False
02-Jul-15,2015,7,July,01-Jul-15,Q3,2,4,Thursday,False
09-Jul-15,2015,7,July,01-Jul-15,Q3,9,4,Thursday,False
16-Jul-15,2015,7,July,01-Jul-15,Q3,16,4,Thursday,False
23-Jul-15,2015,7,July,01-Jul-15,Q3,23,4,Thursday,False
30-Jul-15,2015,7,July,01-Jul-15,Q3,30,4,Thursday,False
07-Jul-16,2016,7,July,01-Jul-16,Q3,7,4,Thursday,False
14-Jul-16,2016,7,July,01-Jul-16,Q3,14,4,Thursday,False
21-Jul-16,2016,7,July,01-Jul-16,Q3,21,4,Thursday,False
28-Jul-16,2016,7,July,01-Jul-16,Q3,28,4,Thursday,False
06-Jul-17,2017,7,July,01-Jul-17,Q3,6,4,Thursday,False
13-Jul-17,2017,7,July,01-Jul-17,Q3,13,4,Thursday,False
20-Jul-17,2017,7,July,01-Jul-17,Q3,20,4,Thursday,False
27-Jul-17,2017,7,July,01-Jul-17,Q3,27,4,Thursday,False
05-Jul-18,2018,7,July,01-Jul-18,Q3,5,4,Thursday,False
12-Jul-18,2018,7,July,01-Jul-18,Q3,12,4,Thursday,False
19-Jul-18,2018,7,July,01-Jul-18,Q3,19,4,Thursday,False
26-Jul-18,2018,7,July,01-Jul-18,Q3,26,4,Thursday,False
04-Jul-19,2019,7,July,01-Jul-19,Q3,4,4,Thursday,False
11-Jul-19,2019,7,July,01-Jul-19,Q3,11,4,Thursday,False
18-Jul-19,2019,7,July,01-Jul-19,Q3,18,4,Thursday,False
25-Jul-19,2019,7,July,01-Jul-19,Q3,25,4,Thursday,False
02-Jul-20,2020,7,July,01-Jul-20,Q3,2,4,Thursday,False
09-Jul-20,2020,7,July,01-Jul-20,Q3,9,4,Thursday,False
16-Jul-20,2020,7,July,01-Jul-20,Q3,16,4,Thursday,False
23-Jul-20,2020,7,July,01-Jul-20,Q3,23,4,Thursday,False
30-Jul-20,2020,7,July,01-Jul-20,Q3,30,4,Thursday,False
01-Jul-21,2021,7,July,01-Jul-21,Q3,1,4,Thursday,False
08-Jul-21,2021,7,July,01-Jul-21,Q3,8,4,Thursday,False
15-Jul-21,2021,7,July,01-Jul-21,Q3,15,4,Thursday,False
22-Jul-21,2021,7,July,01-Jul-21,Q3,22,4,Thursday,False
29-Jul-21,2021,7,July,01-Jul-21,Q3,29,4,Thursday,False
07-Jul-22,2022,7,July,01-Jul-22,Q3,7,4,Thursday,False
14-Jul-22,2022,7,July,01-Jul-22,Q3,14,4,Thursday,False
21-Jul-22,2022,7,July,01-Jul-22,Q3,21,4,Thursday,False
28-Jul-22,2022,7,July,01-Jul-22,Q3,28,4,Thursday,False
06-Jul-23,2023,7,July,01-Jul-23,Q3,6,4,Thursday,False
13-Jul-23,2023,7,July,01-Jul-23,Q3,13,4,Thursday,False
20-Jul-23,2023,7,July,01-Jul-23,Q3,20,4,Thursday,False
27-Jul-23,2023,7,July,01-Jul-23,Q3,27,4,Thursday,False
04-Jul-24,2024,7,July,01-Jul-24,Q3,4,4,Thursday,False
11-Jul-24,2024,7,July,01-Jul-24,Q3,11,4,Thursday,False
18-Jul-24,2024,7,July,01-Jul-24,Q3,18,4,Thursday,False
25-Jul-24,2024,7,July,01-Jul-24,Q3,25,4,Thursday,False
03-Jul-25,2025,7,July,01-Jul-25,Q3,3,4,Thursday,False
10-Jul-25,2025,7,July,01-Jul-25,Q3,10,4,Thursday,False
17-Jul-25,2025,7,July,01-Jul-25,Q3,17,4,Thursday,False
24-Jul-25,2025,7,July,01-Jul-25,Q3,24,4,Thursday,False
31-Jul-25,2025,7,July,01-Jul-25,Q3,31,4,Thursday,False
02-Jul-26,2026,7,July,01-Jul-26,Q3,2,4,Thursday,False
09-Jul-26,2026,7,July,01-Jul-26,Q3,9,4,Thursday,False
16-Jul-26,2026,7,July,01-Jul-26,Q3,16,4,Thursday,False
23-Jul-26,2026,7,July,01-Jul-26,Q3,23,4,Thursday,False
30-Jul-26,2026,7,July,01-Jul-26,Q3,30,4,Thursday,False
01-Jul-27,2027,7,July,01-Jul-27,Q3,1,4,Thursday,False
08-Jul-27,2027,7,July,01-Jul-27,Q3,8,4,Thursday,False
15-Jul-27,2027,7,July,01-Jul-27,Q3,15,4,Thursday,False
22-Jul-27,2027,7,July,01-Jul-27,Q3,22,4,Thursday,False
29-Jul-27,2027,7,July,01-Jul-27,Q3,29,4,Thursday,False
06-Jul-28,2028,7,July,01-Jul-28,Q3,6,4,Thursday,False
13-Jul-28,2028,7,July,01-Jul-28,Q3,13,4,Thursday,False
20-Jul-28,2028,7,July,01-Jul-28,Q3,20,4,Thursday,False
27-Jul-28,2028,7,July,01-Jul-28,Q3,27,4,Thursday,False
05-Aug-10,2010,8,August,01-Aug-10,Q3,5,4,Thursday,False
12-Aug-10,2010,8,August,01-Aug-10,Q3,12,4,Thursday,False
19-Aug-10,2010,8,August,01-Aug-10,Q3,19,4,Thursday,False
26-Aug-10,2010,8,August,01-Aug-10,Q3,26,4,Thursday,False
04-Aug-11,2011,8,August,01-Aug-11,Q3,4,4,Thursday,False
11-Aug-11,2011,8,August,01-Aug-11,Q3,11,4,Thursday,False
18-Aug-11,2011,8,August,01-Aug-11,Q3,18,4,Thursday,False
25-Aug-11,2011,8,August,01-Aug-11,Q3,25,4,Thursday,False
02-Aug-12,2012,8,August,01-Aug-12,Q3,2,4,Thursday,False
09-Aug-12,2012,8,August,01-Aug-12,Q3,9,4,Thursday,False
16-Aug-12,2012,8,August,01-Aug-12,Q3,16,4,Thursday,False
23-Aug-12,2012,8,August,01-Aug-12,Q3,23,4,Thursday,False
30-Aug-12,2012,8,August,01-Aug-12,Q3,30,4,Thursday,False
01-Aug-13,2013,8,August,01-Aug-13,Q3,1,4,Thursday,False
08-Aug-13,2013,8,August,01-Aug-13,Q3,8,4,Thursday,False
15-Aug-13,2013,8,August,01-Aug-13,Q3,15,4,Thursday,False
22-Aug-13,2013,8,August,01-Aug-13,Q3,22,4,Thursday,False
29-Aug-13,2013,8,August,01-Aug-13,Q3,29,4,Thursday,False
07-Aug-14,2014,8,August,01-Aug-14,Q3,7,4,Thursday,False
14-Aug-14,2014,8,August,01-Aug-14,Q3,14,4,Thursday,False
21-Aug-14,2014,8,August,01-Aug-14,Q3,21,4,Thursday,False
28-Aug-14,2014,8,August,01-Aug-14,Q3,28,4,Thursday,False
06-Aug-15,2015,8,August,01-Aug-15,Q3,6,4,Thursday,False
13-Aug-15,2015,8,August,01-Aug-15,Q3,13,4,Thursday,False
20-Aug-15,2015,8,August,01-Aug-15,Q3,20,4,Thursday,False
27-Aug-15,2015,8,August,01-Aug-15,Q3,27,4,Thursday,False
04-Aug-16,2016,8,August,01-Aug-16,Q3,4,4,Thursday,False
11-Aug-16,2016,8,August,01-Aug-16,Q3,11,4,Thursday,False
18-Aug-16,2016,8,August,01-Aug-16,Q3,18,4,Thursday,False
25-Aug-16,2016,8,August,01-Aug-16,Q3,25,4,Thursday,False
03-Aug-17,2017,8,August,01-Aug-17,Q3,3,4,Thursday,False
10-Aug-17,2017,8,August,01-Aug-17,Q3,10,4,Thursday,False
17-Aug-17,2017,8,August,01-Aug-17,Q3,17,4,Thursday,False
24-Aug-17,2017,8,August,01-Aug-17,Q3,24,4,Thursday,False
31-Aug-17,2017,8,August,01-Aug-17,Q3,31,4,Thursday,False
02-Aug-18,2018,8,August,01-Aug-18,Q3,2,4,Thursday,False
09-Aug-18,2018,8,August,01-Aug-18,Q3,9,4,Thursday,False
16-Aug-18,2018,8,August,01-Aug-18,Q3,16,4,Thursday,False
23-Aug-18,2018,8,August,01-Aug-18,Q3,23,4,Thursday,False
30-Aug-18,2018,8,August,01-Aug-18,Q3,30,4,Thursday,False
01-Aug-19,2019,8,August,01-Aug-19,Q3,1,4,Thursday,False
08-Aug-19,2019,8,August,01-Aug-19,Q3,8,4,Thursday,False
15-Aug-19,2019,8,August,01-Aug-19,Q3,15,4,Thursday,False
22-Aug-19,2019,8,August,01-Aug-19,Q3,22,4,Thursday,False
29-Aug-19,2019,8,August,01-Aug-19,Q3,29,4,Thursday,False
06-Aug-20,2020,8,August,01-Aug-20,Q3,6,4,Thursday,False
13-Aug-20,2020,8,August,01-Aug-20,Q3,13,4,Thursday,False
20-Aug-20,2020,8,August,01-Aug-20,Q3,20,4,Thursday,False
27-Aug-20,2020,8,August,01-Aug-20,Q3,27,4,Thursday,False
05-Aug-21,2021,8,August,01-Aug-21,Q3,5,4,Thursday,False
12-Aug-21,2021,8,August,01-Aug-21,Q3,12,4,Thursday,False
19-Aug-21,2021,8,August,01-Aug-21,Q3,19,4,Thursday,False
26-Aug-21,2021,8,August,01-Aug-21,Q3,26,4,Thursday,False
04-Aug-22,2022,8,August,01-Aug-22,Q3,4,4,Thursday,False
11-Aug-22,2022,8,August,01-Aug-22,Q3,11,4,Thursday,False
18-Aug-22,2022,8,August,01-Aug-22,Q3,18,4,Thursday,False
25-Aug-22,2022,8,August,01-Aug-22,Q3,25,4,Thursday,False
03-Aug-23,2023,8,August,01-Aug-23,Q3,3,4,Thursday,False
10-Aug-23,2023,8,August,01-Aug-23,Q3,10,4,Thursday,False
17-Aug-23,2023,8,August,01-Aug-23,Q3,17,4,Thursday,False
24-Aug-23,2023,8,August,01-Aug-23,Q3,24,4,Thursday,False
31-Aug-23,2023,8,August,01-Aug-23,Q3,31,4,Thursday,False
01-Aug-24,2024,8,August,01-Aug-24,Q3,1,4,Thursday,False
08-Aug-24,2024,8,August,01-Aug-24,Q3,8,4,Thursday,False
15-Aug-24,2024,8,August,01-Aug-24,Q3,15,4,Thursday,False
22-Aug-24,2024,8,August,01-Aug-24,Q3,22,4,Thursday,False
29-Aug-24,2024,8,August,01-Aug-24,Q3,29,4,Thursday,False
07-Aug-25,2025,8,August,01-Aug-25,Q3,7,4,Thursday,False
14-Aug-25,2025,8,August,01-Aug-25,Q3,14,4,Thursday,False
21-Aug-25,2025,8,August,01-Aug-25,Q3,21,4,Thursday,False
28-Aug-25,2025,8,August,01-Aug-25,Q3,28,4,Thursday,False
06-Aug-26,2026,8,August,01-Aug-26,Q3,6,4,Thursday,False
13-Aug-26,2026,8,August,01-Aug-26,Q3,13,4,Thursday,False
20-Aug-26,2026,8,August,01-Aug-26,Q3,20,4,Thursday,False
27-Aug-26,2026,8,August,01-Aug-26,Q3,27,4,Thursday,False
05-Aug-27,2027,8,August,01-Aug-27,Q3,5,4,Thursday,False
12-Aug-27,2027,8,August,01-Aug-27,Q3,12,4,Thursday,False
19-Aug-27,2027,8,August,01-Aug-27,Q3,19,4,Thursday,False
26-Aug-27,2027,8,August,01-Aug-27,Q3,26,4,Thursday,False
03-Aug-28,2028,8,August,01-Aug-28,Q3,3,4,Thursday,False
10-Aug-28,2028,8,August,01-Aug-28,Q3,10,4,Thursday,False
17-Aug-28,2028,8,August,01-Aug-28,Q3,17,4,Thursday,False
24-Aug-28,2028,8,August,01-Aug-28,Q3,24,4,Thursday,False
31-Aug-28,2028,8,August,01-Aug-28,Q3,31,4,Thursday,False
02-Sep-10,2010,9,September,01-Sep-10,Q3,2,4,Thursday,False
09-Sep-10,2010,9,September,01-Sep-10,Q3,9,4,Thursday,False
16-Sep-10,2010,9,September,01-Sep-10,Q3,16,4,Thursday,False
23-Sep-10,2010,9,September,01-Sep-10,Q3,23,4,Thursday,False
30-Sep-10,2010,9,September,01-Sep-10,Q3,30,4,Thursday,False
01-Sep-11,2011,9,September,01-Sep-11,Q3,1,4,Thursday,False
08-Sep-11,2011,9,September,01-Sep-11,Q3,8,4,Thursday,False
15-Sep-11,2011,9,September,01-Sep-11,Q3,15,4,Thursday,False
22-Sep-11,2011,9,September,01-Sep-11,Q3,22,4,Thursday,False
29-Sep-11,2011,9,September,01-Sep-11,Q3,29,4,Thursday,False
06-Sep-12,2012,9,September,01-Sep-12,Q3,6,4,Thursday,False
13-Sep-12,2012,9,September,01-Sep-12,Q3,13,4,Thursday,False
20-Sep-12,2012,9,September,01-Sep-12,Q3,20,4,Thursday,False
27-Sep-12,2012,9,September,01-Sep-12,Q3,27,4,Thursday,False
05-Sep-13,2013,9,September,01-Sep-13,Q3,5,4,Thursday,False
12-Sep-13,2013,9,September,01-Sep-13,Q3,12,4,Thursday,False
19-Sep-13,2013,9,September,01-Sep-13,Q3,19,4,Thursday,False
26-Sep-13,2013,9,September,01-Sep-13,Q3,26,4,Thursday,False
04-Sep-14,2014,9,September,01-Sep-14,Q3,4,4,Thursday,False
11-Sep-14,2014,9,September,01-Sep-14,Q3,11,4,Thursday,False
18-Sep-14,2014,9,September,01-Sep-14,Q3,18,4,Thursday,False
25-Sep-14,2014,9,September,01-Sep-14,Q3,25,4,Thursday,False
03-Sep-15,2015,9,September,01-Sep-15,Q3,3,4,Thursday,False
10-Sep-15,2015,9,September,01-Sep-15,Q3,10,4,Thursday,False
17-Sep-15,2015,9,September,01-Sep-15,Q3,17,4,Thursday,False
24-Sep-15,2015,9,September,01-Sep-15,Q3,24,4,Thursday,False
01-Sep-16,2016,9,September,01-Sep-16,Q3,1,4,Thursday,False
08-Sep-16,2016,9,September,01-Sep-16,Q3,8,4,Thursday,False
15-Sep-16,2016,9,September,01-Sep-16,Q3,15,4,Thursday,False
22-Sep-16,2016,9,September,01-Sep-16,Q3,22,4,Thursday,False
29-Sep-16,2016,9,September,01-Sep-16,Q3,29,4,Thursday,False
07-Sep-17,2017,9,September,01-Sep-17,Q3,7,4,Thursday,False
14-Sep-17,2017,9,September,01-Sep-17,Q3,14,4,Thursday,False
21-Sep-17,2017,9,September,01-Sep-17,Q3,21,4,Thursday,False
28-Sep-17,2017,9,September,01-Sep-17,Q3,28,4,Thursday,False
06-Sep-18,2018,9,September,01-Sep-18,Q3,6,4,Thursday,False
13-Sep-18,2018,9,September,01-Sep-18,Q3,13,4,Thursday,False
20-Sep-18,2018,9,September,01-Sep-18,Q3,20,4,Thursday,False
27-Sep-18,2018,9,September,01-Sep-18,Q3,27,4,Thursday,False
05-Sep-19,2019,9,September,01-Sep-19,Q3,5,4,Thursday,False
12-Sep-19,2019,9,September,01-Sep-19,Q3,12,4,Thursday,False
19-Sep-19,2019,9,September,01-Sep-19,Q3,19,4,Thursday,False
26-Sep-19,2019,9,September,01-Sep-19,Q3,26,4,Thursday,False
03-Sep-20,2020,9,September,01-Sep-20,Q3,3,4,Thursday,False
10-Sep-20,2020,9,September,01-Sep-20,Q3,10,4,Thursday,False
17-Sep-20,2020,9,September,01-Sep-20,Q3,17,4,Thursday,False
24-Sep-20,2020,9,September,01-Sep-20,Q3,24,4,Thursday,False
02-Sep-21,2021,9,September,01-Sep-21,Q3,2,4,Thursday,False
09-Sep-21,2021,9,September,01-Sep-21,Q3,9,4,Thursday,False
16-Sep-21,2021,9,September,01-Sep-21,Q3,16,4,Thursday,False
23-Sep-21,2021,9,September,01-Sep-21,Q3,23,4,Thursday,False
30-Sep-21,2021,9,September,01-Sep-21,Q3,30,4,Thursday,False
01-Sep-22,2022,9,September,01-Sep-22,Q3,1,4,Thursday,False
08-Sep-22,2022,9,September,01-Sep-22,Q3,8,4,Thursday,False
15-Sep-22,2022,9,September,01-Sep-22,Q3,15,4,Thursday,False
22-Sep-22,2022,9,September,01-Sep-22,Q3,22,4,Thursday,False
29-Sep-22,2022,9,September,01-Sep-22,Q3,29,4,Thursday,False
07-Sep-23,2023,9,September,01-Sep-23,Q3,7,4,Thursday,False
14-Sep-23,2023,9,September,01-Sep-23,Q3,14,4,Thursday,False
21-Sep-23,2023,9,September,01-Sep-23,Q3,21,4,Thursday,False
28-Sep-23,2023,9,September,01-Sep-23,Q3,28,4,Thursday,False
05-Sep-24,2024,9,September,01-Sep-24,Q3,5,4,Thursday,False
12-Sep-24,2024,9,September,01-Sep-24,Q3,12,4,Thursday,False
19-Sep-24,2024,9,September,01-Sep-24,Q3,19,4,Thursday,False
26-Sep-24,2024,9,September,01-Sep-24,Q3,26,4,Thursday,False
04-Sep-25,2025,9,September,01-Sep-25,Q3,4,4,Thursday,False
11-Sep-25,2025,9,September,01-Sep-25,Q3,11,4,Thursday,False
18-Sep-25,2025,9,September,01-Sep-25,Q3,18,4,Thursday,False
25-Sep-25,2025,9,September,01-Sep-25,Q3,25,4,Thursday,False
03-Sep-26,2026,9,September,01-Sep-26,Q3,3,4,Thursday,False
10-Sep-26,2026,9,September,01-Sep-26,Q3,10,4,Thursday,False
17-Sep-26,2026,9,September,01-Sep-26,Q3,17,4,Thursday,False
24-Sep-26,2026,9,September,01-Sep-26,Q3,24,4,Thursday,False
02-Sep-27,2027,9,September,01-Sep-27,Q3,2,4,Thursday,False
09-Sep-27,2027,9,September,01-Sep-27,Q3,9,4,Thursday,False
16-Sep-27,2027,9,September,01-Sep-27,Q3,16,4,Thursday,False
23-Sep-27,2027,9,September,01-Sep-27,Q3,23,4,Thursday,False
30-Sep-27,2027,9,September,01-Sep-27,Q3,30,4,Thursday,False
07-Sep-28,2028,9,September,01-Sep-28,Q3,7,4,Thursday,False
14-Sep-28,2028,9,September,01-Sep-28,Q3,14,4,Thursday,False
21-Sep-28,2028,9,September,01-Sep-28,Q3,21,4,Thursday,False
28-Sep-28,2028,9,September,01-Sep-28,Q3,28,4,Thursday,False
04-Nov-10,2010,11,November,01-Nov-10,Q4,4,4,Thursday,False
11-Nov-10,2010,11,November,01-Nov-10,Q4,11,4,Thursday,False
18-Nov-10,2010,11,November,01-Nov-10,Q4,18,4,Thursday,False
25-Nov-10,2010,11,November,01-Nov-10,Q4,25,4,Thursday,False
03-Nov-11,2011,11,November,01-Nov-11,Q4,3,4,Thursday,False
10-Nov-11,2011,11,November,01-Nov-11,Q4,10,4,Thursday,False
17-Nov-11,2011,11,November,01-Nov-11,Q4,17,4,Thursday,False
24-Nov-11,2011,11,November,01-Nov-11,Q4,24,4,Thursday,False
01-Nov-12,2012,11,November,01-Nov-12,Q4,1,4,Thursday,False
08-Nov-12,2012,11,November,01-Nov-12,Q4,8,4,Thursday,False
15-Nov-12,2012,11,November,01-Nov-12,Q4,15,4,Thursday,False
22-Nov-12,2012,11,November,01-Nov-12,Q4,22,4,Thursday,False
29-Nov-12,2012,11,November,01-Nov-12,Q4,29,4,Thursday,False
07-Nov-13,2013,11,November,01-Nov-13,Q4,7,4,Thursday,False
14-Nov-13,2013,11,November,01-Nov-13,Q4,14,4,Thursday,False
21-Nov-13,2013,11,November,01-Nov-13,Q4,21,4,Thursday,False
28-Nov-13,2013,11,November,01-Nov-13,Q4,28,4,Thursday,False
06-Nov-14,2014,11,November,01-Nov-14,Q4,6,4,Thursday,False
13-Nov-14,2014,11,November,01-Nov-14,Q4,13,4,Thursday,False
20-Nov-14,2014,11,November,01-Nov-14,Q4,20,4,Thursday,False
27-Nov-14,2014,11,November,01-Nov-14,Q4,27,4,Thursday,False
05-Nov-15,2015,11,November,01-Nov-15,Q4,5,4,Thursday,False
12-Nov-15,2015,11,November,01-Nov-15,Q4,12,4,Thursday,False
19-Nov-15,2015,11,November,01-Nov-15,Q4,19,4,Thursday,False
26-Nov-15,2015,11,November,01-Nov-15,Q4,26,4,Thursday,False
03-Nov-16,2016,11,November,01-Nov-16,Q4,3,4,Thursday,False
10-Nov-16,2016,11,November,01-Nov-16,Q4,10,4,Thursday,False
17-Nov-16,2016,11,November,01-Nov-16,Q4,17,4,Thursday,False
24-Nov-16,2016,11,November,01-Nov-16,Q4,24,4,Thursday,False
02-Nov-17,2017,11,November,01-Nov-17,Q4,2,4,Thursday,False
09-Nov-17,2017,11,November,01-Nov-17,Q4,9,4,Thursday,False
16-Nov-17,2017,11,November,01-Nov-17,Q4,16,4,Thursday,False
23-Nov-17,2017,11,November,01-Nov-17,Q4,23,4,Thursday,False
30-Nov-17,2017,11,November,01-Nov-17,Q4,30,4,Thursday,False
01-Nov-18,2018,11,November,01-Nov-18,Q4,1,4,Thursday,False
08-Nov-18,2018,11,November,01-Nov-18,Q4,8,4,Thursday,False
15-Nov-18,2018,11,November,01-Nov-18,Q4,15,4,Thursday,False
22-Nov-18,2018,11,November,01-Nov-18,Q4,22,4,Thursday,False
29-Nov-18,2018,11,November,01-Nov-18,Q4,29,4,Thursday,False
07-Nov-19,2019,11,November,01-Nov-19,Q4,7,4,Thursday,False
14-Nov-19,2019,11,November,01-Nov-19,Q4,14,4,Thursday,False
21-Nov-19,2019,11,November,01-Nov-19,Q4,21,4,Thursday,False
28-Nov-19,2019,11,November,01-Nov-19,Q4,28,4,Thursday,False
05-Nov-20,2020,11,November,01-Nov-20,Q4,5,4,Thursday,False
12-Nov-20,2020,11,November,01-Nov-20,Q4,12,4,Thursday,False
19-Nov-20,2020,11,November,01-Nov-20,Q4,19,4,Thursday,False
26-Nov-20,2020,11,November,01-Nov-20,Q4,26,4,Thursday,False
04-Nov-21,2021,11,November,01-Nov-21,Q4,4,4,Thursday,False
11-Nov-21,2021,11,November,01-Nov-21,Q4,11,4,Thursday,False
18-Nov-21,2021,11,November,01-Nov-21,Q4,18,4,Thursday,False
25-Nov-21,2021,11,November,01-Nov-21,Q4,25,4,Thursday,False
03-Nov-22,2022,11,November,01-Nov-22,Q4,3,4,Thursday,False
10-Nov-22,2022,11,November,01-Nov-22,Q4,10,4,Thursday,False
17-Nov-22,2022,11,November,01-Nov-22,Q4,17,4,Thursday,False
24-Nov-22,2022,11,November,01-Nov-22,Q4,24,4,Thursday,False
02-Nov-23,2023,11,November,01-Nov-23,Q4,2,4,Thursday,False
09-Nov-23,2023,11,November,01-Nov-23,Q4,9,4,Thursday,False
16-Nov-23,2023,11,November,01-Nov-23,Q4,16,4,Thursday,False
23-Nov-23,2023,11,November,01-Nov-23,Q4,23,4,Thursday,False
30-Nov-23,2023,11,November,01-Nov-23,Q4,30,4,Thursday,False
07-Nov-24,2024,11,November,01-Nov-24,Q4,7,4,Thursday,False
14-Nov-24,2024,11,November,01-Nov-24,Q4,14,4,Thursday,False
21-Nov-24,2024,11,November,01-Nov-24,Q4,21,4,Thursday,False
28-Nov-24,2024,11,November,01-Nov-24,Q4,28,4,Thursday,False
06-Nov-25,2025,11,November,01-Nov-25,Q4,6,4,Thursday,False
13-Nov-25,2025,11,November,01-Nov-25,Q4,13,4,Thursday,False
20-Nov-25,2025,11,November,01-Nov-25,Q4,20,4,Thursday,False
27-Nov-25,2025,11,November,01-Nov-25,Q4,27,4,Thursday,False
05-Nov-26,2026,11,November,01-Nov-26,Q4,5,4,Thursday,False
12-Nov-26,2026,11,November,01-Nov-26,Q4,12,4,Thursday,False
19-Nov-26,2026,11,November,01-Nov-26,Q4,19,4,Thursday,False
26-Nov-26,2026,11,November,01-Nov-26,Q4,26,4,Thursday,False
04-Nov-27,2027,11,November,01-Nov-27,Q4,4,4,Thursday,False
11-Nov-27,2027,11,November,01-Nov-27,Q4,11,4,Thursday,False
18-Nov-27,2027,11,November,01-Nov-27,Q4,18,4,Thursday,False
25-Nov-27,2027,11,November,01-Nov-27,Q4,25,4,Thursday,False
02-Nov-28,2028,11,November,01-Nov-28,Q4,2,4,Thursday,False
09-Nov-28,2028,11,November,01-Nov-28,Q4,9,4,Thursday,False
16-Nov-28,2028,11,November,01-Nov-28,Q4,16,4,Thursday,False
23-Nov-28,2028,11,November,01-Nov-28,Q4,23,4,Thursday,False
30-Nov-28,2028,11,November,01-Nov-28,Q4,30,4,Thursday,False
02-Dec-10,2010,12,December,01-Dec-10,Q4,2,4,Thursday,False
09-Dec-10,2010,12,December,01-Dec-10,Q4,9,4,Thursday,False
16-Dec-10,2010,12,December,01-Dec-10,Q4,16,4,Thursday,False
23-Dec-10,2010,12,December,01-Dec-10,Q4,23,4,Thursday,False
30-Dec-10,2010,12,December,01-Dec-10,Q4,30,4,Thursday,False
01-Dec-11,2011,12,December,01-Dec-11,Q4,1,4,Thursday,False
08-Dec-11,2011,12,December,01-Dec-11,Q4,8,4,Thursday,False
15-Dec-11,2011,12,December,01-Dec-11,Q4,15,4,Thursday,False
22-Dec-11,2011,12,December,01-Dec-11,Q4,22,4,Thursday,False
29-Dec-11,2011,12,December,01-Dec-11,Q4,29,4,Thursday,False
06-Dec-12,2012,12,December,01-Dec-12,Q4,6,4,Thursday,False
13-Dec-12,2012,12,December,01-Dec-12,Q4,13,4,Thursday,False
20-Dec-12,2012,12,December,01-Dec-12,Q4,20,4,Thursday,False
27-Dec-12,2012,12,December,01-Dec-12,Q4,27,4,Thursday,False
05-Dec-13,2013,12,December,01-Dec-13,Q4,5,4,Thursday,False
12-Dec-13,2013,12,December,01-Dec-13,Q4,12,4,Thursday,False
19-Dec-13,2013,12,December,01-Dec-13,Q4,19,4,Thursday,False
26-Dec-13,2013,12,December,01-Dec-13,Q4,26,4,Thursday,False
04-Dec-14,2014,12,December,01-Dec-14,Q4,4,4,Thursday,False
11-Dec-14,2014,12,December,01-Dec-14,Q4,11,4,Thursday,False
18-Dec-14,2014,12,December,01-Dec-14,Q4,18,4,Thursday,False
25-Dec-14,2014,12,December,01-Dec-14,Q4,25,4,Thursday,False
03-Dec-15,2015,12,December,01-Dec-15,Q4,3,4,Thursday,False
10-Dec-15,2015,12,December,01-Dec-15,Q4,10,4,Thursday,False
17-Dec-15,2015,12,December,01-Dec-15,Q4,17,4,Thursday,False
24-Dec-15,2015,12,December,01-Dec-15,Q4,24,4,Thursday,False
31-Dec-15,2015,12,December,01-Dec-15,Q4,31,4,Thursday,False
01-Dec-16,2016,12,December,01-Dec-16,Q4,1,4,Thursday,False
08-Dec-16,2016,12,December,01-Dec-16,Q4,8,4,Thursday,False
15-Dec-16,2016,12,December,01-Dec-16,Q4,15,4,Thursday,False
22-Dec-16,2016,12,December,01-Dec-16,Q4,22,4,Thursday,False
29-Dec-16,2016,12,December,01-Dec-16,Q4,29,4,Thursday,False
07-Dec-17,2017,12,December,01-Dec-17,Q4,7,4,Thursday,False
14-Dec-17,2017,12,December,01-Dec-17,Q4,14,4,Thursday,False
21-Dec-17,2017,12,December,01-Dec-17,Q4,21,4,Thursday,False
28-Dec-17,2017,12,December,01-Dec-17,Q4,28,4,Thursday,False
06-Dec-18,2018,12,December,01-Dec-18,Q4,6,4,Thursday,False
13-Dec-18,2018,12,December,01-Dec-18,Q4,13,4,Thursday,False
20-Dec-18,2018,12,December,01-Dec-18,Q4,20,4,Thursday,False
27-Dec-18,2018,12,December,01-Dec-18,Q4,27,4,Thursday,False
05-Dec-19,2019,12,December,01-Dec-19,Q4,5,4,Thursday,False
12-Dec-19,2019,12,December,01-Dec-19,Q4,12,4,Thursday,False
19-Dec-19,2019,12,December,01-Dec-19,Q4,19,4,Thursday,False
26-Dec-19,2019,12,December,01-Dec-19,Q4,26,4,Thursday,False
03-Dec-20,2020,12,December,01-Dec-20,Q4,3,4,Thursday,False
10-Dec-20,2020,12,December,01-Dec-20,Q4,10,4,Thursday,False
17-Dec-20,2020,12,December,01-Dec-20,Q4,17,4,Thursday,False
24-Dec-20,2020,12,December,01-Dec-20,Q4,24,4,Thursday,False
31-Dec-20,2020,12,December,01-Dec-20,Q4,31,4,Thursday,False
02-Dec-21,2021,12,December,01-Dec-21,Q4,2,4,Thursday,False
09-Dec-21,2021,12,December,01-Dec-21,Q4,9,4,Thursday,False
16-Dec-21,2021,12,December,01-Dec-21,Q4,16,4,Thursday,False
23-Dec-21,2021,12,December,01-Dec-21,Q4,23,4,Thursday,False
30-Dec-21,2021,12,December,01-Dec-21,Q4,30,4,Thursday,False
01-Dec-22,2022,12,December,01-Dec-22,Q4,1,4,Thursday,False
08-Dec-22,2022,12,December,01-Dec-22,Q4,8,4,Thursday,False
15-Dec-22,2022,12,December,01-Dec-22,Q4,15,4,Thursday,False
22-Dec-22,2022,12,December,01-Dec-22,Q4,22,4,Thursday,False
29-Dec-22,2022,12,December,01-Dec-22,Q4,29,4,Thursday,False
07-Dec-23,2023,12,December,01-Dec-23,Q4,7,4,Thursday,False
14-Dec-23,2023,12,December,01-Dec-23,Q4,14,4,Thursday,False
21-Dec-23,2023,12,December,01-Dec-23,Q4,21,4,Thursday,False
28-Dec-23,2023,12,December,01-Dec-23,Q4,28,4,Thursday,False
05-Dec-24,2024,12,December,01-Dec-24,Q4,5,4,Thursday,False
12-Dec-24,2024,12,December,01-Dec-24,Q4,12,4,Thursday,False
19-Dec-24,2024,12,December,01-Dec-24,Q4,19,4,Thursday,False
26-Dec-24,2024,12,December,01-Dec-24,Q4,26,4,Thursday,False
04-Dec-25,2025,12,December,01-Dec-25,Q4,4,4,Thursday,False
11-Dec-25,2025,12,December,01-Dec-25,Q4,11,4,Thursday,False
18-Dec-25,2025,12,December,01-Dec-25,Q4,18,4,Thursday,False
25-Dec-25,2025,12,December,01-Dec-25,Q4,25,4,Thursday,False
03-Dec-26,2026,12,December,01-Dec-26,Q4,3,4,Thursday,False
10-Dec-26,2026,12,December,01-Dec-26,Q4,10,4,Thursday,False
17-Dec-26,2026,12,December,01-Dec-26,Q4,17,4,Thursday,False
24-Dec-26,2026,12,December,01-Dec-26,Q4,24,4,Thursday,False
31-Dec-26,2026,12,December,01-Dec-26,Q4,31,4,Thursday,False
02-Dec-27,2027,12,December,01-Dec-27,Q4,2,4,Thursday,False
09-Dec-27,2027,12,December,01-Dec-27,Q4,9,4,Thursday,False
16-Dec-27,2027,12,December,01-Dec-27,Q4,16,4,Thursday,False
23-Dec-27,2027,12,December,01-Dec-27,Q4,23,4,Thursday,False
30-Dec-27,2027,12,December,01-Dec-27,Q4,30,4,Thursday,False
07-Dec-28,2028,12,December,01-Dec-28,Q4,7,4,Thursday,False
14-Dec-28,2028,12,December,01-Dec-28,Q4,14,4,Thursday,False
21-Dec-28,2028,12,December,01-Dec-28,Q4,21,4,Thursday,False
28-Dec-28,2028,12,December,01-Dec-28,Q4,28,4,Thursday,False
07-Oct-10,2010,10,October,01-Oct-10,Q4,7,4,Thursday,False
14-Oct-10,2010,10,October,01-Oct-10,Q4,14,4,Thursday,False
21-Oct-10,2010,10,October,01-Oct-10,Q4,21,4,Thursday,False
28-Oct-10,2010,10,October,01-Oct-10,Q4,28,4,Thursday,False
06-Oct-11,2011,10,October,01-Oct-11,Q4,6,4,Thursday,False
13-Oct-11,2011,10,October,01-Oct-11,Q4,13,4,Thursday,False
20-Oct-11,2011,10,October,01-Oct-11,Q4,20,4,Thursday,False
27-Oct-11,2011,10,October,01-Oct-11,Q4,27,4,Thursday,False
04-Oct-12,2012,10,October,01-Oct-12,Q4,4,4,Thursday,False
11-Oct-12,2012,10,October,01-Oct-12,Q4,11,4,Thursday,False
18-Oct-12,2012,10,October,01-Oct-12,Q4,18,4,Thursday,False
25-Oct-12,2012,10,October,01-Oct-12,Q4,25,4,Thursday,False
03-Oct-13,2013,10,October,01-Oct-13,Q4,3,4,Thursday,False
10-Oct-13,2013,10,October,01-Oct-13,Q4,10,4,Thursday,False
17-Oct-13,2013,10,October,01-Oct-13,Q4,17,4,Thursday,False
24-Oct-13,2013,10,October,01-Oct-13,Q4,24,4,Thursday,False
31-Oct-13,2013,10,October,01-Oct-13,Q4,31,4,Thursday,False
02-Oct-14,2014,10,October,01-Oct-14,Q4,2,4,Thursday,False
09-Oct-14,2014,10,October,01-Oct-14,Q4,9,4,Thursday,False
16-Oct-14,2014,10,October,01-Oct-14,Q4,16,4,Thursday,False
23-Oct-14,2014,10,October,01-Oct-14,Q4,23,4,Thursday,False
30-Oct-14,2014,10,October,01-Oct-14,Q4,30,4,Thursday,False
01-Oct-15,2015,10,October,01-Oct-15,Q4,1,4,Thursday,False
08-Oct-15,2015,10,October,01-Oct-15,Q4,8,4,Thursday,False
15-Oct-15,2015,10,October,01-Oct-15,Q4,15,4,Thursday,False
22-Oct-15,2015,10,October,01-Oct-15,Q4,22,4,Thursday,False
29-Oct-15,2015,10,October,01-Oct-15,Q4,29,4,Thursday,False
06-Oct-16,2016,10,October,01-Oct-16,Q4,6,4,Thursday,False
13-Oct-16,2016,10,October,01-Oct-16,Q4,13,4,Thursday,False
20-Oct-16,2016,10,October,01-Oct-16,Q4,20,4,Thursday,False
27-Oct-16,2016,10,October,01-Oct-16,Q4,27,4,Thursday,False
05-Oct-17,2017,10,October,01-Oct-17,Q4,5,4,Thursday,False
12-Oct-17,2017,10,October,01-Oct-17,Q4,12,4,Thursday,False
19-Oct-17,2017,10,October,01-Oct-17,Q4,19,4,Thursday,False
26-Oct-17,2017,10,October,01-Oct-17,Q4,26,4,Thursday,False
04-Oct-18,2018,10,October,01-Oct-18,Q4,4,4,Thursday,False
11-Oct-18,2018,10,October,01-Oct-18,Q4,11,4,Thursday,False
18-Oct-18,2018,10,October,01-Oct-18,Q4,18,4,Thursday,False
25-Oct-18,2018,10,October,01-Oct-18,Q4,25,4,Thursday,False
03-Oct-19,2019,10,October,01-Oct-19,Q4,3,4,Thursday,False
10-Oct-19,2019,10,October,01-Oct-19,Q4,10,4,Thursday,False
17-Oct-19,2019,10,October,01-Oct-19,Q4,17,4,Thursday,False
24-Oct-19,2019,10,October,01-Oct-19,Q4,24,4,Thursday,False
31-Oct-19,2019,10,October,01-Oct-19,Q4,31,4,Thursday,False
01-Oct-20,2020,10,October,01-Oct-20,Q4,1,4,Thursday,False
08-Oct-20,2020,10,October,01-Oct-20,Q4,8,4,Thursday,False
15-Oct-20,2020,10,October,01-Oct-20,Q4,15,4,Thursday,False
22-Oct-20,2020,10,October,01-Oct-20,Q4,22,4,Thursday,False
29-Oct-20,2020,10,October,01-Oct-20,Q4,29,4,Thursday,False
07-Oct-21,2021,10,October,01-Oct-21,Q4,7,4,Thursday,False
14-Oct-21,2021,10,October,01-Oct-21,Q4,14,4,Thursday,False
21-Oct-21,2021,10,October,01-Oct-21,Q4,21,4,Thursday,False
28-Oct-21,2021,10,October,01-Oct-21,Q4,28,4,Thursday,False
06-Oct-22,2022,10,October,01-Oct-22,Q4,6,4,Thursday,False
13-Oct-22,2022,10,October,01-Oct-22,Q4,13,4,Thursday,False
20-Oct-22,2022,10,October,01-Oct-22,Q4,20,4,Thursday,False
27-Oct-22,2022,10,October,01-Oct-22,Q4,27,4,Thursday,False
05-Oct-23,2023,10,October,01-Oct-23,Q4,5,4,Thursday,False
12-Oct-23,2023,10,October,01-Oct-23,Q4,12,4,Thursday,False
19-Oct-23,2023,10,October,01-Oct-23,Q4,19,4,Thursday,False
26-Oct-23,2023,10,October,01-Oct-23,Q4,26,4,Thursday,False
03-Oct-24,2024,10,October,01-Oct-24,Q4,3,4,Thursday,False
10-Oct-24,2024,10,October,01-Oct-24,Q4,10,4,Thursday,False
17-Oct-24,2024,10,October,01-Oct-24,Q4,17,4,Thursday,False
24-Oct-24,2024,10,October,01-Oct-24,Q4,24,4,Thursday,False
31-Oct-24,2024,10,October,01-Oct-24,Q4,31,4,Thursday,False
02-Oct-25,2025,10,October,01-Oct-25,Q4,2,4,Thursday,False
09-Oct-25,2025,10,October,01-Oct-25,Q4,9,4,Thursday,False
16-Oct-25,2025,10,October,01-Oct-25,Q4,16,4,Thursday,False
23-Oct-25,2025,10,October,01-Oct-25,Q4,23,4,Thursday,False
30-Oct-25,2025,10,October,01-Oct-25,Q4,30,4,Thursday,False
01-Oct-26,2026,10,October,01-Oct-26,Q4,1,4,Thursday,False
08-Oct-26,2026,10,October,01-Oct-26,Q4,8,4,Thursday,False
15-Oct-26,2026,10,October,01-Oct-26,Q4,15,4,Thursday,False
22-Oct-26,2026,10,October,01-Oct-26,Q4,22,4,Thursday,False
29-Oct-26,2026,10,October,01-Oct-26,Q4,29,4,Thursday,False
07-Oct-27,2027,10,October,01-Oct-27,Q4,7,4,Thursday,False
14-Oct-27,2027,10,October,01-Oct-27,Q4,14,4,Thursday,False
21-Oct-27,2027,10,October,01-Oct-27,Q4,21,4,Thursday,False
28-Oct-27,2027,10,October,01-Oct-27,Q4,28,4,Thursday,False
05-Oct-28,2028,10,October,01-Oct-28,Q4,5,4,Thursday,False
12-Oct-28,2028,10,October,01-Oct-28,Q4,12,4,Thursday,False
19-Oct-28,2028,10,October,01-Oct-28,Q4,19,4,Thursday,False
26-Oct-28,2028,10,October,01-Oct-28,Q4,26,4,Thursday,False
06-May-10,2010,5,May,01-May-10,Q2,6,4,Thursday,False
13-May-10,2010,5,May,01-May-10,Q2,13,4,Thursday,False
20-May-10,2010,5,May,01-May-10,Q2,20,4,Thursday,False
27-May-10,2010,5,May,01-May-10,Q2,27,4,Thursday,False
05-May-11,2011,5,May,01-May-11,Q2,5,4,Thursday,False
12-May-11,2011,5,May,01-May-11,Q2,12,4,Thursday,False
19-May-11,2011,5,May,01-May-11,Q2,19,4,Thursday,False
26-May-11,2011,5,May,01-May-11,Q2,26,4,Thursday,False
03-May-12,2012,5,May,01-May-12,Q2,3,4,Thursday,False
10-May-12,2012,5,May,01-May-12,Q2,10,4,Thursday,False
17-May-12,2012,5,May,01-May-12,Q2,17,4,Thursday,False
24-May-12,2012,5,May,01-May-12,Q2,24,4,Thursday,False
31-May-12,2012,5,May,01-May-12,Q2,31,4,Thursday,False
02-May-13,2013,5,May,01-May-13,Q2,2,4,Thursday,False
09-May-13,2013,5,May,01-May-13,Q2,9,4,Thursday,False
16-May-13,2013,5,May,01-May-13,Q2,16,4,Thursday,False
23-May-13,2013,5,May,01-May-13,Q2,23,4,Thursday,False
30-May-13,2013,5,May,01-May-13,Q2,30,4,Thursday,False
01-May-14,2014,5,May,01-May-14,Q2,1,4,Thursday,False
08-May-14,2014,5,May,01-May-14,Q2,8,4,Thursday,False
15-May-14,2014,5,May,01-May-14,Q2,15,4,Thursday,False
22-May-14,2014,5,May,01-May-14,Q2,22,4,Thursday,False
29-May-14,2014,5,May,01-May-14,Q2,29,4,Thursday,False
07-May-15,2015,5,May,01-May-15,Q2,7,4,Thursday,False
14-May-15,2015,5,May,01-May-15,Q2,14,4,Thursday,False
21-May-15,2015,5,May,01-May-15,Q2,21,4,Thursday,False
28-May-15,2015,5,May,01-May-15,Q2,28,4,Thursday,False
05-May-16,2016,5,May,01-May-16,Q2,5,4,Thursday,False
12-May-16,2016,5,May,01-May-16,Q2,12,4,Thursday,False
19-May-16,2016,5,May,01-May-16,Q2,19,4,Thursday,False
26-May-16,2016,5,May,01-May-16,Q2,26,4,Thursday,False
04-May-17,2017,5,May,01-May-17,Q2,4,4,Thursday,False
11-May-17,2017,5,May,01-May-17,Q2,11,4,Thursday,False
18-May-17,2017,5,May,01-May-17,Q2,18,4,Thursday,False
25-May-17,2017,5,May,01-May-17,Q2,25,4,Thursday,False
03-May-18,2018,5,May,01-May-18,Q2,3,4,Thursday,False
10-May-18,2018,5,May,01-May-18,Q2,10,4,Thursday,False
17-May-18,2018,5,May,01-May-18,Q2,17,4,Thursday,False
24-May-18,2018,5,May,01-May-18,Q2,24,4,Thursday,False
31-May-18,2018,5,May,01-May-18,Q2,31,4,Thursday,False
02-May-19,2019,5,May,01-May-19,Q2,2,4,Thursday,False
09-May-19,2019,5,May,01-May-19,Q2,9,4,Thursday,False
16-May-19,2019,5,May,01-May-19,Q2,16,4,Thursday,False
23-May-19,2019,5,May,01-May-19,Q2,23,4,Thursday,False
30-May-19,2019,5,May,01-May-19,Q2,30,4,Thursday,False
07-May-20,2020,5,May,01-May-20,Q2,7,4,Thursday,False
14-May-20,2020,5,May,01-May-20,Q2,14,4,Thursday,False
21-May-20,2020,5,May,01-May-20,Q2,21,4,Thursday,False
28-May-20,2020,5,May,01-May-20,Q2,28,4,Thursday,False
06-May-21,2021,5,May,01-May-21,Q2,6,4,Thursday,False
13-May-21,2021,5,May,01-May-21,Q2,13,4,Thursday,False
20-May-21,2021,5,May,01-May-21,Q2,20,4,Thursday,False
27-May-21,2021,5,May,01-May-21,Q2,27,4,Thursday,False
05-May-22,2022,5,May,01-May-22,Q2,5,4,Thursday,False
12-May-22,2022,5,May,01-May-22,Q2,12,4,Thursday,False
19-May-22,2022,5,May,01-May-22,Q2,19,4,Thursday,False
26-May-22,2022,5,May,01-May-22,Q2,26,4,Thursday,False
04-May-23,2023,5,May,01-May-23,Q2,4,4,Thursday,False
11-May-23,2023,5,May,01-May-23,Q2,11,4,Thursday,False
18-May-23,2023,5,May,01-May-23,Q2,18,4,Thursday,False
25-May-23,2023,5,May,01-May-23,Q2,25,4,Thursday,False
02-May-24,2024,5,May,01-May-24,Q2,2,4,Thursday,False
09-May-24,2024,5,May,01-May-24,Q2,9,4,Thursday,False
16-May-24,2024,5,May,01-May-24,Q2,16,4,Thursday,False
23-May-24,2024,5,May,01-May-24,Q2,23,4,Thursday,False
30-May-24,2024,5,May,01-May-24,Q2,30,4,Thursday,False
01-May-25,2025,5,May,01-May-25,Q2,1,4,Thursday,False
08-May-25,2025,5,May,01-May-25,Q2,8,4,Thursday,False
15-May-25,2025,5,May,01-May-25,Q2,15,4,Thursday,False
22-May-25,2025,5,May,01-May-25,Q2,22,4,Thursday,False
29-May-25,2025,5,May,01-May-25,Q2,29,4,Thursday,False
07-May-26,2026,5,May,01-May-26,Q2,7,4,Thursday,False
14-May-26,2026,5,May,01-May-26,Q2,14,4,Thursday,False
21-May-26,2026,5,May,01-May-26,Q2,21,4,Thursday,False
28-May-26,2026,5,May,01-May-26,Q2,28,4,Thursday,False
06-May-27,2027,5,May,01-May-27,Q2,6,4,Thursday,False
13-May-27,2027,5,May,01-May-27,Q2,13,4,Thursday,False
20-May-27,2027,5,May,01-May-27,Q2,20,4,Thursday,False
27-May-27,2027,5,May,01-May-27,Q2,27,4,Thursday,False
04-May-28,2028,5,May,01-May-28,Q2,4,4,Thursday,False
11-May-28,2028,5,May,01-May-28,Q2,11,4,Thursday,False
18-May-28,2028,5,May,01-May-28,Q2,18,4,Thursday,False
25-May-28,2028,5,May,01-May-28,Q2,25,4,Thursday,False
01-Apr-10,2010,4,April,01-Apr-10,Q2,1,4,Thursday,False
08-Apr-10,2010,4,April,01-Apr-10,Q2,8,4,Thursday,False
15-Apr-10,2010,4,April,01-Apr-10,Q2,15,4,Thursday,False
22-Apr-10,2010,4,April,01-Apr-10,Q2,22,4,Thursday,False
29-Apr-10,2010,4,April,01-Apr-10,Q2,29,4,Thursday,False
07-Apr-11,2011,4,April,01-Apr-11,Q2,7,4,Thursday,False
14-Apr-11,2011,4,April,01-Apr-11,Q2,14,4,Thursday,False
21-Apr-11,2011,4,April,01-Apr-11,Q2,21,4,Thursday,False
28-Apr-11,2011,4,April,01-Apr-11,Q2,28,4,Thursday,False
05-Apr-12,2012,4,April,01-Apr-12,Q2,5,4,Thursday,False
12-Apr-12,2012,4,April,01-Apr-12,Q2,12,4,Thursday,False
19-Apr-12,2012,4,April,01-Apr-12,Q2,19,4,Thursday,False
26-Apr-12,2012,4,April,01-Apr-12,Q2,26,4,Thursday,False
04-Apr-13,2013,4,April,01-Apr-13,Q2,4,4,Thursday,False
11-Apr-13,2013,4,April,01-Apr-13,Q2,11,4,Thursday,False
18-Apr-13,2013,4,April,01-Apr-13,Q2,18,4,Thursday,False
25-Apr-13,2013,4,April,01-Apr-13,Q2,25,4,Thursday,False
03-Apr-14,2014,4,April,01-Apr-14,Q2,3,4,Thursday,False
10-Apr-14,2014,4,April,01-Apr-14,Q2,10,4,Thursday,False
17-Apr-14,2014,4,April,01-Apr-14,Q2,17,4,Thursday,False
24-Apr-14,2014,4,April,01-Apr-14,Q2,24,4,Thursday,False
02-Apr-15,2015,4,April,01-Apr-15,Q2,2,4,Thursday,False
09-Apr-15,2015,4,April,01-Apr-15,Q2,9,4,Thursday,False
16-Apr-15,2015,4,April,01-Apr-15,Q2,16,4,Thursday,False
23-Apr-15,2015,4,April,01-Apr-15,Q2,23,4,Thursday,False
30-Apr-15,2015,4,April,01-Apr-15,Q2,30,4,Thursday,False
07-Apr-16,2016,4,April,01-Apr-16,Q2,7,4,Thursday,False
14-Apr-16,2016,4,April,01-Apr-16,Q2,14,4,Thursday,False
21-Apr-16,2016,4,April,01-Apr-16,Q2,21,4,Thursday,False
28-Apr-16,2016,4,April,01-Apr-16,Q2,28,4,Thursday,False
06-Apr-17,2017,4,April,01-Apr-17,Q2,6,4,Thursday,False
13-Apr-17,2017,4,April,01-Apr-17,Q2,13,4,Thursday,False
20-Apr-17,2017,4,April,01-Apr-17,Q2,20,4,Thursday,False
27-Apr-17,2017,4,April,01-Apr-17,Q2,27,4,Thursday,False
05-Apr-18,2018,4,April,01-Apr-18,Q2,5,4,Thursday,False
12-Apr-18,2018,4,April,01-Apr-18,Q2,12,4,Thursday,False
19-Apr-18,2018,4,April,01-Apr-18,Q2,19,4,Thursday,False
26-Apr-18,2018,4,April,01-Apr-18,Q2,26,4,Thursday,False
04-Apr-19,2019,4,April,01-Apr-19,Q2,4,4,Thursday,False
11-Apr-19,2019,4,April,01-Apr-19,Q2,11,4,Thursday,False
18-Apr-19,2019,4,April,01-Apr-19,Q2,18,4,Thursday,False
25-Apr-19,2019,4,April,01-Apr-19,Q2,25,4,Thursday,False
02-Apr-20,2020,4,April,01-Apr-20,Q2,2,4,Thursday,False
09-Apr-20,2020,4,April,01-Apr-20,Q2,9,4,Thursday,False
16-Apr-20,2020,4,April,01-Apr-20,Q2,16,4,Thursday,False
23-Apr-20,2020,4,April,01-Apr-20,Q2,23,4,Thursday,False
30-Apr-20,2020,4,April,01-Apr-20,Q2,30,4,Thursday,False
01-Apr-21,2021,4,April,01-Apr-21,Q2,1,4,Thursday,False
08-Apr-21,2021,4,April,01-Apr-21,Q2,8,4,Thursday,False
15-Apr-21,2021,4,April,01-Apr-21,Q2,15,4,Thursday,False
22-Apr-21,2021,4,April,01-Apr-21,Q2,22,4,Thursday,False
29-Apr-21,2021,4,April,01-Apr-21,Q2,29,4,Thursday,False
07-Apr-22,2022,4,April,01-Apr-22,Q2,7,4,Thursday,False
14-Apr-22,2022,4,April,01-Apr-22,Q2,14,4,Thursday,False
21-Apr-22,2022,4,April,01-Apr-22,Q2,21,4,Thursday,False
28-Apr-22,2022,4,April,01-Apr-22,Q2,28,4,Thursday,False
06-Apr-23,2023,4,April,01-Apr-23,Q2,6,4,Thursday,False
13-Apr-23,2023,4,April,01-Apr-23,Q2,13,4,Thursday,False
20-Apr-23,2023,4,April,01-Apr-23,Q2,20,4,Thursday,False
27-Apr-23,2023,4,April,01-Apr-23,Q2,27,4,Thursday,False
04-Apr-24,2024,4,April,01-Apr-24,Q2,4,4,Thursday,False
11-Apr-24,2024,4,April,01-Apr-24,Q2,11,4,Thursday,False
18-Apr-24,2024,4,April,01-Apr-24,Q2,18,4,Thursday,False
25-Apr-24,2024,4,April,01-Apr-24,Q2,25,4,Thursday,False
03-Apr-25,2025,4,April,01-Apr-25,Q2,3,4,Thursday,False
10-Apr-25,2025,4,April,01-Apr-25,Q2,10,4,Thursday,False
17-Apr-25,2025,4,April,01-Apr-25,Q2,17,4,Thursday,False
24-Apr-25,2025,4,April,01-Apr-25,Q2,24,4,Thursday,False
02-Apr-26,2026,4,April,01-Apr-26,Q2,2,4,Thursday,False
09-Apr-26,2026,4,April,01-Apr-26,Q2,9,4,Thursday,False
16-Apr-26,2026,4,April,01-Apr-26,Q2,16,4,Thursday,False
23-Apr-26,2026,4,April,01-Apr-26,Q2,23,4,Thursday,False
30-Apr-26,2026,4,April,01-Apr-26,Q2,30,4,Thursday,False
01-Apr-27,2027,4,April,01-Apr-27,Q2,1,4,Thursday,False
08-Apr-27,2027,4,April,01-Apr-27,Q2,8,4,Thursday,False
15-Apr-27,2027,4,April,01-Apr-27,Q2,15,4,Thursday,False
22-Apr-27,2027,4,April,01-Apr-27,Q2,22,4,Thursday,False
29-Apr-27,2027,4,April,01-Apr-27,Q2,29,4,Thursday,False
06-Apr-28,2028,4,April,01-Apr-28,Q2,6,4,Thursday,False
13-Apr-28,2028,4,April,01-Apr-28,Q2,13,4,Thursday,False
20-Apr-28,2028,4,April,01-Apr-28,Q2,20,4,Thursday,False
27-Apr-28,2028,4,April,01-Apr-28,Q2,27,4,Thursday,False
03-Jun-10,2010,6,June,01-Jun-10,Q2,3,4,Thursday,False
10-Jun-10,2010,6,June,01-Jun-10,Q2,10,4,Thursday,False
17-Jun-10,2010,6,June,01-Jun-10,Q2,17,4,Thursday,False
24-Jun-10,2010,6,June,01-Jun-10,Q2,24,4,Thursday,False
02-Jun-11,2011,6,June,01-Jun-11,Q2,2,4,Thursday,False
09-Jun-11,2011,6,June,01-Jun-11,Q2,9,4,Thursday,False
16-Jun-11,2011,6,June,01-Jun-11,Q2,16,4,Thursday,False
23-Jun-11,2011,6,June,01-Jun-11,Q2,23,4,Thursday,False
30-Jun-11,2011,6,June,01-Jun-11,Q2,30,4,Thursday,False
07-Jun-12,2012,6,June,01-Jun-12,Q2,7,4,Thursday,False
14-Jun-12,2012,6,June,01-Jun-12,Q2,14,4,Thursday,False
21-Jun-12,2012,6,June,01-Jun-12,Q2,21,4,Thursday,False
28-Jun-12,2012,6,June,01-Jun-12,Q2,28,4,Thursday,False
06-Jun-13,2013,6,June,01-Jun-13,Q2,6,4,Thursday,False
13-Jun-13,2013,6,June,01-Jun-13,Q2,13,4,Thursday,False
20-Jun-13,2013,6,June,01-Jun-13,Q2,20,4,Thursday,False
27-Jun-13,2013,6,June,01-Jun-13,Q2,27,4,Thursday,False
05-Jun-14,2014,6,June,01-Jun-14,Q2,5,4,Thursday,False
12-Jun-14,2014,6,June,01-Jun-14,Q2,12,4,Thursday,False
19-Jun-14,2014,6,June,01-Jun-14,Q2,19,4,Thursday,False
26-Jun-14,2014,6,June,01-Jun-14,Q2,26,4,Thursday,False
04-Jun-15,2015,6,June,01-Jun-15,Q2,4,4,Thursday,False
11-Jun-15,2015,6,June,01-Jun-15,Q2,11,4,Thursday,False
18-Jun-15,2015,6,June,01-Jun-15,Q2,18,4,Thursday,False
25-Jun-15,2015,6,June,01-Jun-15,Q2,25,4,Thursday,False
02-Jun-16,2016,6,June,01-Jun-16,Q2,2,4,Thursday,False
09-Jun-16,2016,6,June,01-Jun-16,Q2,9,4,Thursday,False
16-Jun-16,2016,6,June,01-Jun-16,Q2,16,4,Thursday,False
23-Jun-16,2016,6,June,01-Jun-16,Q2,23,4,Thursday,False
30-Jun-16,2016,6,June,01-Jun-16,Q2,30,4,Thursday,False
01-Jun-17,2017,6,June,01-Jun-17,Q2,1,4,Thursday,False
08-Jun-17,2017,6,June,01-Jun-17,Q2,8,4,Thursday,False
15-Jun-17,2017,6,June,01-Jun-17,Q2,15,4,Thursday,False
22-Jun-17,2017,6,June,01-Jun-17,Q2,22,4,Thursday,False
29-Jun-17,2017,6,June,01-Jun-17,Q2,29,4,Thursday,False
07-Jun-18,2018,6,June,01-Jun-18,Q2,7,4,Thursday,False
14-Jun-18,2018,6,June,01-Jun-18,Q2,14,4,Thursday,False
21-Jun-18,2018,6,June,01-Jun-18,Q2,21,4,Thursday,False
28-Jun-18,2018,6,June,01-Jun-18,Q2,28,4,Thursday,False
06-Jun-19,2019,6,June,01-Jun-19,Q2,6,4,Thursday,False
13-Jun-19,2019,6,June,01-Jun-19,Q2,13,4,Thursday,False
20-Jun-19,2019,6,June,01-Jun-19,Q2,20,4,Thursday,False
27-Jun-19,2019,6,June,01-Jun-19,Q2,27,4,Thursday,False
04-Jun-20,2020,6,June,01-Jun-20,Q2,4,4,Thursday,False
11-Jun-20,2020,6,June,01-Jun-20,Q2,11,4,Thursday,False
18-Jun-20,2020,6,June,01-Jun-20,Q2,18,4,Thursday,False
25-Jun-20,2020,6,June,01-Jun-20,Q2,25,4,Thursday,False
03-Jun-21,2021,6,June,01-Jun-21,Q2,3,4,Thursday,False
10-Jun-21,2021,6,June,01-Jun-21,Q2,10,4,Thursday,False
17-Jun-21,2021,6,June,01-Jun-21,Q2,17,4,Thursday,False
24-Jun-21,2021,6,June,01-Jun-21,Q2,24,4,Thursday,False
02-Jun-22,2022,6,June,01-Jun-22,Q2,2,4,Thursday,False
09-Jun-22,2022,6,June,01-Jun-22,Q2,9,4,Thursday,False
16-Jun-22,2022,6,June,01-Jun-22,Q2,16,4,Thursday,False
23-Jun-22,2022,6,June,01-Jun-22,Q2,23,4,Thursday,False
30-Jun-22,2022,6,June,01-Jun-22,Q2,30,4,Thursday,False
01-Jun-23,2023,6,June,01-Jun-23,Q2,1,4,Thursday,False
08-Jun-23,2023,6,June,01-Jun-23,Q2,8,4,Thursday,False
15-Jun-23,2023,6,June,01-Jun-23,Q2,15,4,Thursday,False
22-Jun-23,2023,6,June,01-Jun-23,Q2,22,4,Thursday,False
29-Jun-23,2023,6,June,01-Jun-23,Q2,29,4,Thursday,False
06-Jun-24,2024,6,June,01-Jun-24,Q2,6,4,Thursday,False
13-Jun-24,2024,6,June,01-Jun-24,Q2,13,4,Thursday,False
20-Jun-24,2024,6,June,01-Jun-24,Q2,20,4,Thursday,False
27-Jun-24,2024,6,June,01-Jun-24,Q2,27,4,Thursday,False
05-Jun-25,2025,6,June,01-Jun-25,Q2,5,4,Thursday,False
12-Jun-25,2025,6,June,01-Jun-25,Q2,12,4,Thursday,False
19-Jun-25,2025,6,June,01-Jun-25,Q2,19,4,Thursday,False
26-Jun-25,2025,6,June,01-Jun-25,Q2,26,4,Thursday,False
04-Jun-26,2026,6,June,01-Jun-26,Q2,4,4,Thursday,False
11-Jun-26,2026,6,June,01-Jun-26,Q2,11,4,Thursday,False
18-Jun-26,2026,6,June,01-Jun-26,Q2,18,4,Thursday,False
25-Jun-26,2026,6,June,01-Jun-26,Q2,25,4,Thursday,False
03-Jun-27,2027,6,June,01-Jun-27,Q2,3,4,Thursday,False
10-Jun-27,2027,6,June,01-Jun-27,Q2,10,4,Thursday,False
17-Jun-27,2027,6,June,01-Jun-27,Q2,17,4,Thursday,False
24-Jun-27,2027,6,June,01-Jun-27,Q2,24,4,Thursday,False
01-Jun-28,2028,6,June,01-Jun-28,Q2,1,4,Thursday,False
08-Jun-28,2028,6,June,01-Jun-28,Q2,8,4,Thursday,False
15-Jun-28,2028,6,June,01-Jun-28,Q2,15,4,Thursday,False
22-Jun-28,2028,6,June,01-Jun-28,Q2,22,4,Thursday,False
29-Jun-28,2028,6,June,01-Jun-28,Q2,29,4,Thursday,False
04-Feb-10,2010,2,February,01-Feb-10,Q1,4,4,Thursday,False
11-Feb-10,2010,2,February,01-Feb-10,Q1,11,4,Thursday,False
18-Feb-10,2010,2,February,01-Feb-10,Q1,18,4,Thursday,False
25-Feb-10,2010,2,February,01-Feb-10,Q1,25,4,Thursday,False
03-Feb-11,2011,2,February,01-Feb-11,Q1,3,4,Thursday,False
10-Feb-11,2011,2,February,01-Feb-11,Q1,10,4,Thursday,False
17-Feb-11,2011,2,February,01-Feb-11,Q1,17,4,Thursday,False
24-Feb-11,2011,2,February,01-Feb-11,Q1,24,4,Thursday,False
02-Feb-12,2012,2,February,01-Feb-12,Q1,2,4,Thursday,False
09-Feb-12,2012,2,February,01-Feb-12,Q1,9,4,Thursday,False
16-Feb-12,2012,2,February,01-Feb-12,Q1,16,4,Thursday,False
23-Feb-12,2012,2,February,01-Feb-12,Q1,23,4,Thursday,False
07-Feb-13,2013,2,February,01-Feb-13,Q1,7,4,Thursday,False
14-Feb-13,2013,2,February,01-Feb-13,Q1,14,4,Thursday,False
21-Feb-13,2013,2,February,01-Feb-13,Q1,21,4,Thursday,False
28-Feb-13,2013,2,February,01-Feb-13,Q1,28,4,Thursday,False
06-Feb-14,2014,2,February,01-Feb-14,Q1,6,4,Thursday,False
13-Feb-14,2014,2,February,01-Feb-14,Q1,13,4,Thursday,False
20-Feb-14,2014,2,February,01-Feb-14,Q1,20,4,Thursday,False
27-Feb-14,2014,2,February,01-Feb-14,Q1,27,4,Thursday,False
05-Feb-15,2015,2,February,01-Feb-15,Q1,5,4,Thursday,False
12-Feb-15,2015,2,February,01-Feb-15,Q1,12,4,Thursday,False
19-Feb-15,2015,2,February,01-Feb-15,Q1,19,4,Thursday,False
26-Feb-15,2015,2,February,01-Feb-15,Q1,26,4,Thursday,False
04-Feb-16,2016,2,February,01-Feb-16,Q1,4,4,Thursday,False
11-Feb-16,2016,2,February,01-Feb-16,Q1,11,4,Thursday,False
18-Feb-16,2016,2,February,01-Feb-16,Q1,18,4,Thursday,False
25-Feb-16,2016,2,February,01-Feb-16,Q1,25,4,Thursday,False
02-Feb-17,2017,2,February,01-Feb-17,Q1,2,4,Thursday,False
09-Feb-17,2017,2,February,01-Feb-17,Q1,9,4,Thursday,False
16-Feb-17,2017,2,February,01-Feb-17,Q1,16,4,Thursday,False
23-Feb-17,2017,2,February,01-Feb-17,Q1,23,4,Thursday,False
01-Feb-18,2018,2,February,01-Feb-18,Q1,1,4,Thursday,False
08-Feb-18,2018,2,February,01-Feb-18,Q1,8,4,Thursday,False
15-Feb-18,2018,2,February,01-Feb-18,Q1,15,4,Thursday,False
22-Feb-18,2018,2,February,01-Feb-18,Q1,22,4,Thursday,False
07-Feb-19,2019,2,February,01-Feb-19,Q1,7,4,Thursday,False
14-Feb-19,2019,2,February,01-Feb-19,Q1,14,4,Thursday,False
21-Feb-19,2019,2,February,01-Feb-19,Q1,21,4,Thursday,False
28-Feb-19,2019,2,February,01-Feb-19,Q1,28,4,Thursday,False
06-Feb-20,2020,2,February,01-Feb-20,Q1,6,4,Thursday,False
13-Feb-20,2020,2,February,01-Feb-20,Q1,13,4,Thursday,False
20-Feb-20,2020,2,February,01-Feb-20,Q1,20,4,Thursday,False
27-Feb-20,2020,2,February,01-Feb-20,Q1,27,4,Thursday,False
04-Feb-21,2021,2,February,01-Feb-21,Q1,4,4,Thursday,False
11-Feb-21,2021,2,February,01-Feb-21,Q1,11,4,Thursday,False
18-Feb-21,2021,2,February,01-Feb-21,Q1,18,4,Thursday,False
25-Feb-21,2021,2,February,01-Feb-21,Q1,25,4,Thursday,False
03-Feb-22,2022,2,February,01-Feb-22,Q1,3,4,Thursday,False
10-Feb-22,2022,2,February,01-Feb-22,Q1,10,4,Thursday,False
17-Feb-22,2022,2,February,01-Feb-22,Q1,17,4,Thursday,False
24-Feb-22,2022,2,February,01-Feb-22,Q1,24,4,Thursday,False
02-Feb-23,2023,2,February,01-Feb-23,Q1,2,4,Thursday,False
09-Feb-23,2023,2,February,01-Feb-23,Q1,9,4,Thursday,False
16-Feb-23,2023,2,February,01-Feb-23,Q1,16,4,Thursday,False
23-Feb-23,2023,2,February,01-Feb-23,Q1,23,4,Thursday,False
01-Feb-24,2024,2,February,01-Feb-24,Q1,1,4,Thursday,False
08-Feb-24,2024,2,February,01-Feb-24,Q1,8,4,Thursday,False
15-Feb-24,2024,2,February,01-Feb-24,Q1,15,4,Thursday,False
22-Feb-24,2024,2,February,01-Feb-24,Q1,22,4,Thursday,False
29-Feb-24,2024,2,February,01-Feb-24,Q1,29,4,Thursday,False
06-Feb-25,2025,2,February,01-Feb-25,Q1,6,4,Thursday,False
13-Feb-25,2025,2,February,01-Feb-25,Q1,13,4,Thursday,False
20-Feb-25,2025,2,February,01-Feb-25,Q1,20,4,Thursday,False
27-Feb-25,2025,2,February,01-Feb-25,Q1,27,4,Thursday,False
05-Feb-26,2026,2,February,01-Feb-26,Q1,5,4,Thursday,False
12-Feb-26,2026,2,February,01-Feb-26,Q1,12,4,Thursday,False
19-Feb-26,2026,2,February,01-Feb-26,Q1,19,4,Thursday,False
26-Feb-26,2026,2,February,01-Feb-26,Q1,26,4,Thursday,False
04-Feb-27,2027,2,February,01-Feb-27,Q1,4,4,Thursday,False
11-Feb-27,2027,2,February,01-Feb-27,Q1,11,4,Thursday,False
18-Feb-27,2027,2,February,01-Feb-27,Q1,18,4,Thursday,False
25-Feb-27,2027,2,February,01-Feb-27,Q1,25,4,Thursday,False
03-Feb-28,2028,2,February,01-Feb-28,Q1,3,4,Thursday,False
10-Feb-28,2028,2,February,01-Feb-28,Q1,10,4,Thursday,False
17-Feb-28,2028,2,February,01-Feb-28,Q1,17,4,Thursday,False
24-Feb-28,2028,2,February,01-Feb-28,Q1,24,4,Thursday,False
04-Mar-10,2010,3,March,01-Mar-10,Q1,4,4,Thursday,False
11-Mar-10,2010,3,March,01-Mar-10,Q1,11,4,Thursday,False
18-Mar-10,2010,3,March,01-Mar-10,Q1,18,4,Thursday,False
25-Mar-10,2010,3,March,01-Mar-10,Q1,25,4,Thursday,False
03-Mar-11,2011,3,March,01-Mar-11,Q1,3,4,Thursday,False
10-Mar-11,2011,3,March,01-Mar-11,Q1,10,4,Thursday,False
17-Mar-11,2011,3,March,01-Mar-11,Q1,17,4,Thursday,False
24-Mar-11,2011,3,March,01-Mar-11,Q1,24,4,Thursday,False
31-Mar-11,2011,3,March,01-Mar-11,Q1,31,4,Thursday,False
01-Mar-12,2012,3,March,01-Mar-12,Q1,1,4,Thursday,False
08-Mar-12,2012,3,March,01-Mar-12,Q1,8,4,Thursday,False
15-Mar-12,2012,3,March,01-Mar-12,Q1,15,4,Thursday,False
22-Mar-12,2012,3,March,01-Mar-12,Q1,22,4,Thursday,False
29-Mar-12,2012,3,March,01-Mar-12,Q1,29,4,Thursday,False
07-Mar-13,2013,3,March,01-Mar-13,Q1,7,4,Thursday,False
14-Mar-13,2013,3,March,01-Mar-13,Q1,14,4,Thursday,False
21-Mar-13,2013,3,March,01-Mar-13,Q1,21,4,Thursday,False
28-Mar-13,2013,3,March,01-Mar-13,Q1,28,4,Thursday,False
06-Mar-14,2014,3,March,01-Mar-14,Q1,6,4,Thursday,False
13-Mar-14,2014,3,March,01-Mar-14,Q1,13,4,Thursday,False
20-Mar-14,2014,3,March,01-Mar-14,Q1,20,4,Thursday,False
27-Mar-14,2014,3,March,01-Mar-14,Q1,27,4,Thursday,False
05-Mar-15,2015,3,March,01-Mar-15,Q1,5,4,Thursday,False
12-Mar-15,2015,3,March,01-Mar-15,Q1,12,4,Thursday,False
19-Mar-15,2015,3,March,01-Mar-15,Q1,19,4,Thursday,False
26-Mar-15,2015,3,March,01-Mar-15,Q1,26,4,Thursday,False
03-Mar-16,2016,3,March,01-Mar-16,Q1,3,4,Thursday,False
10-Mar-16,2016,3,March,01-Mar-16,Q1,10,4,Thursday,False
17-Mar-16,2016,3,March,01-Mar-16,Q1,17,4,Thursday,False
24-Mar-16,2016,3,March,01-Mar-16,Q1,24,4,Thursday,False
31-Mar-16,2016,3,March,01-Mar-16,Q1,31,4,Thursday,False
02-Mar-17,2017,3,March,01-Mar-17,Q1,2,4,Thursday,False
09-Mar-17,2017,3,March,01-Mar-17,Q1,9,4,Thursday,False
16-Mar-17,2017,3,March,01-Mar-17,Q1,16,4,Thursday,False
23-Mar-17,2017,3,March,01-Mar-17,Q1,23,4,Thursday,False
30-Mar-17,2017,3,March,01-Mar-17,Q1,30,4,Thursday,False
01-Mar-18,2018,3,March,01-Mar-18,Q1,1,4,Thursday,False
08-Mar-18,2018,3,March,01-Mar-18,Q1,8,4,Thursday,False
15-Mar-18,2018,3,March,01-Mar-18,Q1,15,4,Thursday,False
22-Mar-18,2018,3,March,01-Mar-18,Q1,22,4,Thursday,False
29-Mar-18,2018,3,March,01-Mar-18,Q1,29,4,Thursday,False
07-Mar-19,2019,3,March,01-Mar-19,Q1,7,4,Thursday,False
14-Mar-19,2019,3,March,01-Mar-19,Q1,14,4,Thursday,False
21-Mar-19,2019,3,March,01-Mar-19,Q1,21,4,Thursday,False
28-Mar-19,2019,3,March,01-Mar-19,Q1,28,4,Thursday,False
05-Mar-20,2020,3,March,01-Mar-20,Q1,5,4,Thursday,False
12-Mar-20,2020,3,March,01-Mar-20,Q1,12,4,Thursday,False
19-Mar-20,2020,3,March,01-Mar-20,Q1,19,4,Thursday,False
26-Mar-20,2020,3,March,01-Mar-20,Q1,26,4,Thursday,False
04-Mar-21,2021,3,March,01-Mar-21,Q1,4,4,Thursday,False
11-Mar-21,2021,3,March,01-Mar-21,Q1,11,4,Thursday,False
18-Mar-21,2021,3,March,01-Mar-21,Q1,18,4,Thursday,False
25-Mar-21,2021,3,March,01-Mar-21,Q1,25,4,Thursday,False
03-Mar-22,2022,3,March,01-Mar-22,Q1,3,4,Thursday,False
10-Mar-22,2022,3,March,01-Mar-22,Q1,10,4,Thursday,False
17-Mar-22,2022,3,March,01-Mar-22,Q1,17,4,Thursday,False
24-Mar-22,2022,3,March,01-Mar-22,Q1,24,4,Thursday,False
31-Mar-22,2022,3,March,01-Mar-22,Q1,31,4,Thursday,False
02-Mar-23,2023,3,March,01-Mar-23,Q1,2,4,Thursday,False
09-Mar-23,2023,3,March,01-Mar-23,Q1,9,4,Thursday,False
16-Mar-23,2023,3,March,01-Mar-23,Q1,16,4,Thursday,False
23-Mar-23,2023,3,March,01-Mar-23,Q1,23,4,Thursday,False
30-Mar-23,2023,3,March,01-Mar-23,Q1,30,4,Thursday,False
07-Mar-24,2024,3,March,01-Mar-24,Q1,7,4,Thursday,False
14-Mar-24,2024,3,March,01-Mar-24,Q1,14,4,Thursday,False
21-Mar-24,2024,3,March,01-Mar-24,Q1,21,4,Thursday,False
28-Mar-24,2024,3,March,01-Mar-24,Q1,28,4,Thursday,False
06-Mar-25,2025,3,March,01-Mar-25,Q1,6,4,Thursday,False
13-Mar-25,2025,3,March,01-Mar-25,Q1,13,4,Thursday,False
20-Mar-25,2025,3,March,01-Mar-25,Q1,20,4,Thursday,False
27-Mar-25,2025,3,March,01-Mar-25,Q1,27,4,Thursday,False
05-Mar-26,2026,3,March,01-Mar-26,Q1,5,4,Thursday,False
12-Mar-26,2026,3,March,01-Mar-26,Q1,12,4,Thursday,False
19-Mar-26,2026,3,March,01-Mar-26,Q1,19,4,Thursday,False
26-Mar-26,2026,3,March,01-Mar-26,Q1,26,4,Thursday,False
04-Mar-27,2027,3,March,01-Mar-27,Q1,4,4,Thursday,False
11-Mar-27,2027,3,March,01-Mar-27,Q1,11,4,Thursday,False
18-Mar-27,2027,3,March,01-Mar-27,Q1,18,4,Thursday,False
25-Mar-27,2027,3,March,01-Mar-27,Q1,25,4,Thursday,False
02-Mar-28,2028,3,March,01-Mar-28,Q1,2,4,Thursday,False
09-Mar-28,2028,3,March,01-Mar-28,Q1,9,4,Thursday,False
16-Mar-28,2028,3,March,01-Mar-28,Q1,16,4,Thursday,False
23-Mar-28,2028,3,March,01-Mar-28,Q1,23,4,Thursday,False
30-Mar-28,2028,3,March,01-Mar-28,Q1,30,4,Thursday,False
07-Jan-10,2010,1,January,01-Jan-10,Q1,7,4,Thursday,False
14-Jan-10,2010,1,January,01-Jan-10,Q1,14,4,Thursday,False
21-Jan-10,2010,1,January,01-Jan-10,Q1,21,4,Thursday,False
28-Jan-10,2010,1,January,01-Jan-10,Q1,28,4,Thursday,False
06-Jan-11,2011,1,January,01-Jan-11,Q1,6,4,Thursday,False
13-Jan-11,2011,1,January,01-Jan-11,Q1,13,4,Thursday,False
20-Jan-11,2011,1,January,01-Jan-11,Q1,20,4,Thursday,False
27-Jan-11,2011,1,January,01-Jan-11,Q1,27,4,Thursday,False
05-Jan-12,2012,1,January,01-Jan-12,Q1,5,4,Thursday,False
12-Jan-12,2012,1,January,01-Jan-12,Q1,12,4,Thursday,False
19-Jan-12,2012,1,January,01-Jan-12,Q1,19,4,Thursday,False
26-Jan-12,2012,1,January,01-Jan-12,Q1,26,4,Thursday,False
03-Jan-13,2013,1,January,01-Jan-13,Q1,3,4,Thursday,False
10-Jan-13,2013,1,January,01-Jan-13,Q1,10,4,Thursday,False
17-Jan-13,2013,1,January,01-Jan-13,Q1,17,4,Thursday,False
24-Jan-13,2013,1,January,01-Jan-13,Q1,24,4,Thursday,False
31-Jan-13,2013,1,January,01-Jan-13,Q1,31,4,Thursday,False
02-Jan-14,2014,1,January,01-Jan-14,Q1,2,4,Thursday,False
09-Jan-14,2014,1,January,01-Jan-14,Q1,9,4,Thursday,False
16-Jan-14,2014,1,January,01-Jan-14,Q1,16,4,Thursday,False
23-Jan-14,2014,1,January,01-Jan-14,Q1,23,4,Thursday,False
30-Jan-14,2014,1,January,01-Jan-14,Q1,30,4,Thursday,False
01-Jan-15,2015,1,January,01-Jan-15,Q1,1,4,Thursday,False
08-Jan-15,2015,1,January,01-Jan-15,Q1,8,4,Thursday,False
15-Jan-15,2015,1,January,01-Jan-15,Q1,15,4,Thursday,False
22-Jan-15,2015,1,January,01-Jan-15,Q1,22,4,Thursday,False
29-Jan-15,2015,1,January,01-Jan-15,Q1,29,4,Thursday,False
07-Jan-16,2016,1,January,01-Jan-16,Q1,7,4,Thursday,False
14-Jan-16,2016,1,January,01-Jan-16,Q1,14,4,Thursday,False
21-Jan-16,2016,1,January,01-Jan-16,Q1,21,4,Thursday,False
28-Jan-16,2016,1,January,01-Jan-16,Q1,28,4,Thursday,False
05-Jan-17,2017,1,January,01-Jan-17,Q1,5,4,Thursday,False
12-Jan-17,2017,1,January,01-Jan-17,Q1,12,4,Thursday,False
19-Jan-17,2017,1,January,01-Jan-17,Q1,19,4,Thursday,False
26-Jan-17,2017,1,January,01-Jan-17,Q1,26,4,Thursday,False
04-Jan-18,2018,1,January,01-Jan-18,Q1,4,4,Thursday,False
11-Jan-18,2018,1,January,01-Jan-18,Q1,11,4,Thursday,False
18-Jan-18,2018,1,January,01-Jan-18,Q1,18,4,Thursday,False
25-Jan-18,2018,1,January,01-Jan-18,Q1,25,4,Thursday,False
03-Jan-19,2019,1,January,01-Jan-19,Q1,3,4,Thursday,False
10-Jan-19,2019,1,January,01-Jan-19,Q1,10,4,Thursday,False
17-Jan-19,2019,1,January,01-Jan-19,Q1,17,4,Thursday,False
24-Jan-19,2019,1,January,01-Jan-19,Q1,24,4,Thursday,False
31-Jan-19,2019,1,January,01-Jan-19,Q1,31,4,Thursday,False
02-Jan-20,2020,1,January,01-Jan-20,Q1,2,4,Thursday,False
09-Jan-20,2020,1,January,01-Jan-20,Q1,9,4,Thursday,False
16-Jan-20,2020,1,January,01-Jan-20,Q1,16,4,Thursday,False
23-Jan-20,2020,1,January,01-Jan-20,Q1,23,4,Thursday,False
30-Jan-20,2020,1,January,01-Jan-20,Q1,30,4,Thursday,False
07-Jan-21,2021,1,January,01-Jan-21,Q1,7,4,Thursday,False
14-Jan-21,2021,1,January,01-Jan-21,Q1,14,4,Thursday,False
21-Jan-21,2021,1,January,01-Jan-21,Q1,21,4,Thursday,False
28-Jan-21,2021,1,January,01-Jan-21,Q1,28,4,Thursday,False
06-Jan-22,2022,1,January,01-Jan-22,Q1,6,4,Thursday,False
13-Jan-22,2022,1,January,01-Jan-22,Q1,13,4,Thursday,False
20-Jan-22,2022,1,January,01-Jan-22,Q1,20,4,Thursday,False
27-Jan-22,2022,1,January,01-Jan-22,Q1,27,4,Thursday,False
05-Jan-23,2023,1,January,01-Jan-23,Q1,5,4,Thursday,False
12-Jan-23,2023,1,January,01-Jan-23,Q1,12,4,Thursday,False
19-Jan-23,2023,1,January,01-Jan-23,Q1,19,4,Thursday,False
26-Jan-23,2023,1,January,01-Jan-23,Q1,26,4,Thursday,False
04-Jan-24,2024,1,January,01-Jan-24,Q1,4,4,Thursday,False
11-Jan-24,2024,1,January,01-Jan-24,Q1,11,4,Thursday,False
18-Jan-24,2024,1,January,01-Jan-24,Q1,18,4,Thursday,False
25-Jan-24,2024,1,January,01-Jan-24,Q1,25,4,Thursday,False
02-Jan-25,2025,1,January,01-Jan-25,Q1,2,4,Thursday,False
09-Jan-25,2025,1,January,01-Jan-25,Q1,9,4,Thursday,False
16-Jan-25,2025,1,January,01-Jan-25,Q1,16,4,Thursday,False
23-Jan-25,2025,1,January,01-Jan-25,Q1,23,4,Thursday,False
30-Jan-25,2025,1,January,01-Jan-25,Q1,30,4,Thursday,False
01-Jan-26,2026,1,January,01-Jan-26,Q1,1,4,Thursday,False
08-Jan-26,2026,1,January,01-Jan-26,Q1,8,4,Thursday,False
15-Jan-26,2026,1,January,01-Jan-26,Q1,15,4,Thursday,False
22-Jan-26,2026,1,January,01-Jan-26,Q1,22,4,Thursday,False
29-Jan-26,2026,1,January,01-Jan-26,Q1,29,4,Thursday,False
07-Jan-27,2027,1,January,01-Jan-27,Q1,7,4,Thursday,False
14-Jan-27,2027,1,January,01-Jan-27,Q1,14,4,Thursday,False
21-Jan-27,2027,1,January,01-Jan-27,Q1,21,4,Thursday,False
28-Jan-27,2027,1,January,01-Jan-27,Q1,28,4,Thursday,False
06-Jan-28,2028,1,January,01-Jan-28,Q1,6,4,Thursday,False
13-Jan-28,2028,1,January,01-Jan-28,Q1,13,4,Thursday,False
20-Jan-28,2028,1,January,01-Jan-28,Q1,20,4,Thursday,False
27-Jan-28,2028,1,January,01-Jan-28,Q1,27,4,Thursday,False
04-Apr-10,2010,4,April,01-Apr-10,Q2,4,7,Sunday,True
11-Apr-10,2010,4,April,01-Apr-10,Q2,11,7,Sunday,True
18-Apr-10,2010,4,April,01-Apr-10,Q2,18,7,Sunday,True
25-Apr-10,2010,4,April,01-Apr-10,Q2,25,7,Sunday,True
03-Apr-11,2011,4,April,01-Apr-11,Q2,3,7,Sunday,True
10-Apr-11,2011,4,April,01-Apr-11,Q2,10,7,Sunday,True
17-Apr-11,2011,4,April,01-Apr-11,Q2,17,7,Sunday,True
24-Apr-11,2011,4,April,01-Apr-11,Q2,24,7,Sunday,True
01-Apr-12,2012,4,April,01-Apr-12,Q2,1,7,Sunday,True
08-Apr-12,2012,4,April,01-Apr-12,Q2,8,7,Sunday,True
15-Apr-12,2012,4,April,01-Apr-12,Q2,15,7,Sunday,True
22-Apr-12,2012,4,April,01-Apr-12,Q2,22,7,Sunday,True
29-Apr-12,2012,4,April,01-Apr-12,Q2,29,7,Sunday,True
07-Apr-13,2013,4,April,01-Apr-13,Q2,7,7,Sunday,True
14-Apr-13,2013,4,April,01-Apr-13,Q2,14,7,Sunday,True
21-Apr-13,2013,4,April,01-Apr-13,Q2,21,7,Sunday,True
28-Apr-13,2013,4,April,01-Apr-13,Q2,28,7,Sunday,True
06-Apr-14,2014,4,April,01-Apr-14,Q2,6,7,Sunday,True
13-Apr-14,2014,4,April,01-Apr-14,Q2,13,7,Sunday,True
20-Apr-14,2014,4,April,01-Apr-14,Q2,20,7,Sunday,True
27-Apr-14,2014,4,April,01-Apr-14,Q2,27,7,Sunday,True
05-Apr-15,2015,4,April,01-Apr-15,Q2,5,7,Sunday,True
12-Apr-15,2015,4,April,01-Apr-15,Q2,12,7,Sunday,True
19-Apr-15,2015,4,April,01-Apr-15,Q2,19,7,Sunday,True
26-Apr-15,2015,4,April,01-Apr-15,Q2,26,7,Sunday,True
03-Apr-16,2016,4,April,01-Apr-16,Q2,3,7,Sunday,True
10-Apr-16,2016,4,April,01-Apr-16,Q2,10,7,Sunday,True
17-Apr-16,2016,4,April,01-Apr-16,Q2,17,7,Sunday,True
24-Apr-16,2016,4,April,01-Apr-16,Q2,24,7,Sunday,True
02-Apr-17,2017,4,April,01-Apr-17,Q2,2,7,Sunday,True
09-Apr-17,2017,4,April,01-Apr-17,Q2,9,7,Sunday,True
16-Apr-17,2017,4,April,01-Apr-17,Q2,16,7,Sunday,True
23-Apr-17,2017,4,April,01-Apr-17,Q2,23,7,Sunday,True
30-Apr-17,2017,4,April,01-Apr-17,Q2,30,7,Sunday,True
01-Apr-18,2018,4,April,01-Apr-18,Q2,1,7,Sunday,True
08-Apr-18,2018,4,April,01-Apr-18,Q2,8,7,Sunday,True
15-Apr-18,2018,4,April,01-Apr-18,Q2,15,7,Sunday,True
22-Apr-18,2018,4,April,01-Apr-18,Q2,22,7,Sunday,True
29-Apr-18,2018,4,April,01-Apr-18,Q2,29,7,Sunday,True
07-Apr-19,2019,4,April,01-Apr-19,Q2,7,7,Sunday,True
14-Apr-19,2019,4,April,01-Apr-19,Q2,14,7,Sunday,True
21-Apr-19,2019,4,April,01-Apr-19,Q2,21,7,Sunday,True
28-Apr-19,2019,4,April,01-Apr-19,Q2,28,7,Sunday,True
05-Apr-20,2020,4,April,01-Apr-20,Q2,5,7,Sunday,True
12-Apr-20,2020,4,April,01-Apr-20,Q2,12,7,Sunday,True
19-Apr-20,2020,4,April,01-Apr-20,Q2,19,7,Sunday,True
26-Apr-20,2020,4,April,01-Apr-20,Q2,26,7,Sunday,True
04-Apr-21,2021,4,April,01-Apr-21,Q2,4,7,Sunday,True
11-Apr-21,2021,4,April,01-Apr-21,Q2,11,7,Sunday,True
18-Apr-21,2021,4,April,01-Apr-21,Q2,18,7,Sunday,True
25-Apr-21,2021,4,April,01-Apr-21,Q2,25,7,Sunday,True
03-Apr-22,2022,4,April,01-Apr-22,Q2,3,7,Sunday,True
10-Apr-22,2022,4,April,01-Apr-22,Q2,10,7,Sunday,True
17-Apr-22,2022,4,April,01-Apr-22,Q2,17,7,Sunday,True
24-Apr-22,2022,4,April,01-Apr-22,Q2,24,7,Sunday,True
02-Apr-23,2023,4,April,01-Apr-23,Q2,2,7,Sunday,True
09-Apr-23,2023,4,April,01-Apr-23,Q2,9,7,Sunday,True
16-Apr-23,2023,4,April,01-Apr-23,Q2,16,7,Sunday,True
23-Apr-23,2023,4,April,01-Apr-23,Q2,23,7,Sunday,True
30-Apr-23,2023,4,April,01-Apr-23,Q2,30,7,Sunday,True
07-Apr-24,2024,4,April,01-Apr-24,Q2,7,7,Sunday,True
14-Apr-24,2024,4,April,01-Apr-24,Q2,14,7,Sunday,True
21-Apr-24,2024,4,April,01-Apr-24,Q2,21,7,Sunday,True
28-Apr-24,2024,4,April,01-Apr-24,Q2,28,7,Sunday,True
06-Apr-25,2025,4,April,01-Apr-25,Q2,6,7,Sunday,True
13-Apr-25,2025,4,April,01-Apr-25,Q2,13,7,Sunday,True
20-Apr-25,2025,4,April,01-Apr-25,Q2,20,7,Sunday,True
27-Apr-25,2025,4,April,01-Apr-25,Q2,27,7,Sunday,True
05-Apr-26,2026,4,April,01-Apr-26,Q2,5,7,Sunday,True
12-Apr-26,2026,4,April,01-Apr-26,Q2,12,7,Sunday,True
19-Apr-26,2026,4,April,01-Apr-26,Q2,19,7,Sunday,True
26-Apr-26,2026,4,April,01-Apr-26,Q2,26,7,Sunday,True
04-Apr-27,2027,4,April,01-Apr-27,Q2,4,7,Sunday,True
11-Apr-27,2027,4,April,01-Apr-27,Q2,11,7,Sunday,True
18-Apr-27,2027,4,April,01-Apr-27,Q2,18,7,Sunday,True
25-Apr-27,2027,4,April,01-Apr-27,Q2,25,7,Sunday,True
02-Apr-28,2028,4,April,01-Apr-28,Q2,2,7,Sunday,True
09-Apr-28,2028,4,April,01-Apr-28,Q2,9,7,Sunday,True
16-Apr-28,2028,4,April,01-Apr-28,Q2,16,7,Sunday,True
23-Apr-28,2028,4,April,01-Apr-28,Q2,23,7,Sunday,True
30-Apr-28,2028,4,April,01-Apr-28,Q2,30,7,Sunday,True
06-Jun-10,2010,6,June,01-Jun-10,Q2,6,7,Sunday,True
13-Jun-10,2010,6,June,01-Jun-10,Q2,13,7,Sunday,True
20-Jun-10,2010,6,June,01-Jun-10,Q2,20,7,Sunday,True
27-Jun-10,2010,6,June,01-Jun-10,Q2,27,7,Sunday,True
05-Jun-11,2011,6,June,01-Jun-11,Q2,5,7,Sunday,True
12-Jun-11,2011,6,June,01-Jun-11,Q2,12,7,Sunday,True
19-Jun-11,2011,6,June,01-Jun-11,Q2,19,7,Sunday,True
26-Jun-11,2011,6,June,01-Jun-11,Q2,26,7,Sunday,True
03-Jun-12,2012,6,June,01-Jun-12,Q2,3,7,Sunday,True
10-Jun-12,2012,6,June,01-Jun-12,Q2,10,7,Sunday,True
17-Jun-12,2012,6,June,01-Jun-12,Q2,17,7,Sunday,True
24-Jun-12,2012,6,June,01-Jun-12,Q2,24,7,Sunday,True
02-Jun-13,2013,6,June,01-Jun-13,Q2,2,7,Sunday,True
09-Jun-13,2013,6,June,01-Jun-13,Q2,9,7,Sunday,True
16-Jun-13,2013,6,June,01-Jun-13,Q2,16,7,Sunday,True
23-Jun-13,2013,6,June,01-Jun-13,Q2,23,7,Sunday,True
30-Jun-13,2013,6,June,01-Jun-13,Q2,30,7,Sunday,True
01-Jun-14,2014,6,June,01-Jun-14,Q2,1,7,Sunday,True
08-Jun-14,2014,6,June,01-Jun-14,Q2,8,7,Sunday,True
15-Jun-14,2014,6,June,01-Jun-14,Q2,15,7,Sunday,True
22-Jun-14,2014,6,June,01-Jun-14,Q2,22,7,Sunday,True
29-Jun-14,2014,6,June,01-Jun-14,Q2,29,7,Sunday,True
07-Jun-15,2015,6,June,01-Jun-15,Q2,7,7,Sunday,True
14-Jun-15,2015,6,June,01-Jun-15,Q2,14,7,Sunday,True
21-Jun-15,2015,6,June,01-Jun-15,Q2,21,7,Sunday,True
28-Jun-15,2015,6,June,01-Jun-15,Q2,28,7,Sunday,True
05-Jun-16,2016,6,June,01-Jun-16,Q2,5,7,Sunday,True
12-Jun-16,2016,6,June,01-Jun-16,Q2,12,7,Sunday,True
19-Jun-16,2016,6,June,01-Jun-16,Q2,19,7,Sunday,True
26-Jun-16,2016,6,June,01-Jun-16,Q2,26,7,Sunday,True
04-Jun-17,2017,6,June,01-Jun-17,Q2,4,7,Sunday,True
11-Jun-17,2017,6,June,01-Jun-17,Q2,11,7,Sunday,True
18-Jun-17,2017,6,June,01-Jun-17,Q2,18,7,Sunday,True
25-Jun-17,2017,6,June,01-Jun-17,Q2,25,7,Sunday,True
03-Jun-18,2018,6,June,01-Jun-18,Q2,3,7,Sunday,True
10-Jun-18,2018,6,June,01-Jun-18,Q2,10,7,Sunday,True
17-Jun-18,2018,6,June,01-Jun-18,Q2,17,7,Sunday,True
24-Jun-18,2018,6,June,01-Jun-18,Q2,24,7,Sunday,True
02-Jun-19,2019,6,June,01-Jun-19,Q2,2,7,Sunday,True
09-Jun-19,2019,6,June,01-Jun-19,Q2,9,7,Sunday,True
16-Jun-19,2019,6,June,01-Jun-19,Q2,16,7,Sunday,True
23-Jun-19,2019,6,June,01-Jun-19,Q2,23,7,Sunday,True
30-Jun-19,2019,6,June,01-Jun-19,Q2,30,7,Sunday,True
07-Jun-20,2020,6,June,01-Jun-20,Q2,7,7,Sunday,True
14-Jun-20,2020,6,June,01-Jun-20,Q2,14,7,Sunday,True
21-Jun-20,2020,6,June,01-Jun-20,Q2,21,7,Sunday,True
28-Jun-20,2020,6,June,01-Jun-20,Q2,28,7,Sunday,True
06-Jun-21,2021,6,June,01-Jun-21,Q2,6,7,Sunday,True
13-Jun-21,2021,6,June,01-Jun-21,Q2,13,7,Sunday,True
20-Jun-21,2021,6,June,01-Jun-21,Q2,20,7,Sunday,True
27-Jun-21,2021,6,June,01-Jun-21,Q2,27,7,Sunday,True
05-Jun-22,2022,6,June,01-Jun-22,Q2,5,7,Sunday,True
12-Jun-22,2022,6,June,01-Jun-22,Q2,12,7,Sunday,True
19-Jun-22,2022,6,June,01-Jun-22,Q2,19,7,Sunday,True
26-Jun-22,2022,6,June,01-Jun-22,Q2,26,7,Sunday,True
04-Jun-23,2023,6,June,01-Jun-23,Q2,4,7,Sunday,True
11-Jun-23,2023,6,June,01-Jun-23,Q2,11,7,Sunday,True
18-Jun-23,2023,6,June,01-Jun-23,Q2,18,7,Sunday,True
25-Jun-23,2023,6,June,01-Jun-23,Q2,25,7,Sunday,True
02-Jun-24,2024,6,June,01-Jun-24,Q2,2,7,Sunday,True
09-Jun-24,2024,6,June,01-Jun-24,Q2,9,7,Sunday,True
16-Jun-24,2024,6,June,01-Jun-24,Q2,16,7,Sunday,True
23-Jun-24,2024,6,June,01-Jun-24,Q2,23,7,Sunday,True
30-Jun-24,2024,6,June,01-Jun-24,Q2,30,7,Sunday,True
01-Jun-25,2025,6,June,01-Jun-25,Q2,1,7,Sunday,True
08-Jun-25,2025,6,June,01-Jun-25,Q2,8,7,Sunday,True
15-Jun-25,2025,6,June,01-Jun-25,Q2,15,7,Sunday,True
22-Jun-25,2025,6,June,01-Jun-25,Q2,22,7,Sunday,True
29-Jun-25,2025,6,June,01-Jun-25,Q2,29,7,Sunday,True
07-Jun-26,2026,6,June,01-Jun-26,Q2,7,7,Sunday,True
14-Jun-26,2026,6,June,01-Jun-26,Q2,14,7,Sunday,True
21-Jun-26,2026,6,June,01-Jun-26,Q2,21,7,Sunday,True
28-Jun-26,2026,6,June,01-Jun-26,Q2,28,7,Sunday,True
06-Jun-27,2027,6,June,01-Jun-27,Q2,6,7,Sunday,True
13-Jun-27,2027,6,June,01-Jun-27,Q2,13,7,Sunday,True
20-Jun-27,2027,6,June,01-Jun-27,Q2,20,7,Sunday,True
27-Jun-27,2027,6,June,01-Jun-27,Q2,27,7,Sunday,True
04-Jun-28,2028,6,June,01-Jun-28,Q2,4,7,Sunday,True
11-Jun-28,2028,6,June,01-Jun-28,Q2,11,7,Sunday,True
18-Jun-28,2028,6,June,01-Jun-28,Q2,18,7,Sunday,True
25-Jun-28,2028,6,June,01-Jun-28,Q2,25,7,Sunday,True
02-May-10,2010,5,May,01-May-10,Q2,2,7,Sunday,True
09-May-10,2010,5,May,01-May-10,Q2,9,7,Sunday,True
16-May-10,2010,5,May,01-May-10,Q2,16,7,Sunday,True
23-May-10,2010,5,May,01-May-10,Q2,23,7,Sunday,True
30-May-10,2010,5,May,01-May-10,Q2,30,7,Sunday,True
01-May-11,2011,5,May,01-May-11,Q2,1,7,Sunday,True
08-May-11,2011,5,May,01-May-11,Q2,8,7,Sunday,True
15-May-11,2011,5,May,01-May-11,Q2,15,7,Sunday,True
22-May-11,2011,5,May,01-May-11,Q2,22,7,Sunday,True
29-May-11,2011,5,May,01-May-11,Q2,29,7,Sunday,True
06-May-12,2012,5,May,01-May-12,Q2,6,7,Sunday,True
13-May-12,2012,5,May,01-May-12,Q2,13,7,Sunday,True
20-May-12,2012,5,May,01-May-12,Q2,20,7,Sunday,True
27-May-12,2012,5,May,01-May-12,Q2,27,7,Sunday,True
05-May-13,2013,5,May,01-May-13,Q2,5,7,Sunday,True
12-May-13,2013,5,May,01-May-13,Q2,12,7,Sunday,True
19-May-13,2013,5,May,01-May-13,Q2,19,7,Sunday,True
26-May-13,2013,5,May,01-May-13,Q2,26,7,Sunday,True
04-May-14,2014,5,May,01-May-14,Q2,4,7,Sunday,True
11-May-14,2014,5,May,01-May-14,Q2,11,7,Sunday,True
18-May-14,2014,5,May,01-May-14,Q2,18,7,Sunday,True
25-May-14,2014,5,May,01-May-14,Q2,25,7,Sunday,True
03-May-15,2015,5,May,01-May-15,Q2,3,7,Sunday,True
10-May-15,2015,5,May,01-May-15,Q2,10,7,Sunday,True
17-May-15,2015,5,May,01-May-15,Q2,17,7,Sunday,True
24-May-15,2015,5,May,01-May-15,Q2,24,7,Sunday,True
31-May-15,2015,5,May,01-May-15,Q2,31,7,Sunday,True
01-May-16,2016,5,May,01-May-16,Q2,1,7,Sunday,True
08-May-16,2016,5,May,01-May-16,Q2,8,7,Sunday,True
15-May-16,2016,5,May,01-May-16,Q2,15,7,Sunday,True
22-May-16,2016,5,May,01-May-16,Q2,22,7,Sunday,True
29-May-16,2016,5,May,01-May-16,Q2,29,7,Sunday,True
07-May-17,2017,5,May,01-May-17,Q2,7,7,Sunday,True
14-May-17,2017,5,May,01-May-17,Q2,14,7,Sunday,True
21-May-17,2017,5,May,01-May-17,Q2,21,7,Sunday,True
28-May-17,2017,5,May,01-May-17,Q2,28,7,Sunday,True
06-May-18,2018,5,May,01-May-18,Q2,6,7,Sunday,True
13-May-18,2018,5,May,01-May-18,Q2,13,7,Sunday,True
20-May-18,2018,5,May,01-May-18,Q2,20,7,Sunday,True
27-May-18,2018,5,May,01-May-18,Q2,27,7,Sunday,True
05-May-19,2019,5,May,01-May-19,Q2,5,7,Sunday,True
12-May-19,2019,5,May,01-May-19,Q2,12,7,Sunday,True
19-May-19,2019,5,May,01-May-19,Q2,19,7,Sunday,True
26-May-19,2019,5,May,01-May-19,Q2,26,7,Sunday,True
03-May-20,2020,5,May,01-May-20,Q2,3,7,Sunday,True
10-May-20,2020,5,May,01-May-20,Q2,10,7,Sunday,True
17-May-20,2020,5,May,01-May-20,Q2,17,7,Sunday,True
24-May-20,2020,5,May,01-May-20,Q2,24,7,Sunday,True
31-May-20,2020,5,May,01-May-20,Q2,31,7,Sunday,True
02-May-21,2021,5,May,01-May-21,Q2,2,7,Sunday,True
09-May-21,2021,5,May,01-May-21,Q2,9,7,Sunday,True
16-May-21,2021,5,May,01-May-21,Q2,16,7,Sunday,True
23-May-21,2021,5,May,01-May-21,Q2,23,7,Sunday,True
30-May-21,2021,5,May,01-May-21,Q2,30,7,Sunday,True
01-May-22,2022,5,May,01-May-22,Q2,1,7,Sunday,True
08-May-22,2022,5,May,01-May-22,Q2,8,7,Sunday,True
15-May-22,2022,5,May,01-May-22,Q2,15,7,Sunday,True
22-May-22,2022,5,May,01-May-22,Q2,22,7,Sunday,True
29-May-22,2022,5,May,01-May-22,Q2,29,7,Sunday,True
07-May-23,2023,5,May,01-May-23,Q2,7,7,Sunday,True
14-May-23,2023,5,May,01-May-23,Q2,14,7,Sunday,True
21-May-23,2023,5,May,01-May-23,Q2,21,7,Sunday,True
28-May-23,2023,5,May,01-May-23,Q2,28,7,Sunday,True
05-May-24,2024,5,May,01-May-24,Q2,5,7,Sunday,True
12-May-24,2024,5,May,01-May-24,Q2,12,7,Sunday,True
19-May-24,2024,5,May,01-May-24,Q2,19,7,Sunday,True
26-May-24,2024,5,May,01-May-24,Q2,26,7,Sunday,True
04-May-25,2025,5,May,01-May-25,Q2,4,7,Sunday,True
11-May-25,2025,5,May,01-May-25,Q2,11,7,Sunday,True
18-May-25,2025,5,May,01-May-25,Q2,18,7,Sunday,True
25-May-25,2025,5,May,01-May-25,Q2,25,7,Sunday,True
03-May-26,2026,5,May,01-May-26,Q2,3,7,Sunday,True
10-May-26,2026,5,May,01-May-26,Q2,10,7,Sunday,True
17-May-26,2026,5,May,01-May-26,Q2,17,7,Sunday,True
24-May-26,2026,5,May,01-May-26,Q2,24,7,Sunday,True
31-May-26,2026,5,May,01-May-26,Q2,31,7,Sunday,True
02-May-27,2027,5,May,01-May-27,Q2,2,7,Sunday,True
09-May-27,2027,5,May,01-May-27,Q2,9,7,Sunday,True
16-May-27,2027,5,May,01-May-27,Q2,16,7,Sunday,True
23-May-27,2027,5,May,01-May-27,Q2,23,7,Sunday,True
30-May-27,2027,5,May,01-May-27,Q2,30,7,Sunday,True
07-May-28,2028,5,May,01-May-28,Q2,7,7,Sunday,True
14-May-28,2028,5,May,01-May-28,Q2,14,7,Sunday,True
21-May-28,2028,5,May,01-May-28,Q2,21,7,Sunday,True
28-May-28,2028,5,May,01-May-28,Q2,28,7,Sunday,True
03-Jan-10,2010,1,January,01-Jan-10,Q1,3,7,Sunday,True
10-Jan-10,2010,1,January,01-Jan-10,Q1,10,7,Sunday,True
17-Jan-10,2010,1,January,01-Jan-10,Q1,17,7,Sunday,True
24-Jan-10,2010,1,January,01-Jan-10,Q1,24,7,Sunday,True
31-Jan-10,2010,1,January,01-Jan-10,Q1,31,7,Sunday,True
02-Jan-11,2011,1,January,01-Jan-11,Q1,2,7,Sunday,True
09-Jan-11,2011,1,January,01-Jan-11,Q1,9,7,Sunday,True
16-Jan-11,2011,1,January,01-Jan-11,Q1,16,7,Sunday,True
23-Jan-11,2011,1,January,01-Jan-11,Q1,23,7,Sunday,True
30-Jan-11,2011,1,January,01-Jan-11,Q1,30,7,Sunday,True
01-Jan-12,2012,1,January,01-Jan-12,Q1,1,7,Sunday,True
08-Jan-12,2012,1,January,01-Jan-12,Q1,8,7,Sunday,True
15-Jan-12,2012,1,January,01-Jan-12,Q1,15,7,Sunday,True
22-Jan-12,2012,1,January,01-Jan-12,Q1,22,7,Sunday,True
29-Jan-12,2012,1,January,01-Jan-12,Q1,29,7,Sunday,True
06-Jan-13,2013,1,January,01-Jan-13,Q1,6,7,Sunday,True
13-Jan-13,2013,1,January,01-Jan-13,Q1,13,7,Sunday,True
20-Jan-13,2013,1,January,01-Jan-13,Q1,20,7,Sunday,True
27-Jan-13,2013,1,January,01-Jan-13,Q1,27,7,Sunday,True
05-Jan-14,2014,1,January,01-Jan-14,Q1,5,7,Sunday,True
12-Jan-14,2014,1,January,01-Jan-14,Q1,12,7,Sunday,True
19-Jan-14,2014,1,January,01-Jan-14,Q1,19,7,Sunday,True
26-Jan-14,2014,1,January,01-Jan-14,Q1,26,7,Sunday,True
04-Jan-15,2015,1,January,01-Jan-15,Q1,4,7,Sunday,True
11-Jan-15,2015,1,January,01-Jan-15,Q1,11,7,Sunday,True
18-Jan-15,2015,1,January,01-Jan-15,Q1,18,7,Sunday,True
25-Jan-15,2015,1,January,01-Jan-15,Q1,25,7,Sunday,True
03-Jan-16,2016,1,January,01-Jan-16,Q1,3,7,Sunday,True
10-Jan-16,2016,1,January,01-Jan-16,Q1,10,7,Sunday,True
17-Jan-16,2016,1,January,01-Jan-16,Q1,17,7,Sunday,True
24-Jan-16,2016,1,January,01-Jan-16,Q1,24,7,Sunday,True
31-Jan-16,2016,1,January,01-Jan-16,Q1,31,7,Sunday,True
01-Jan-17,2017,1,January,01-Jan-17,Q1,1,7,Sunday,True
08-Jan-17,2017,1,January,01-Jan-17,Q1,8,7,Sunday,True
15-Jan-17,2017,1,January,01-Jan-17,Q1,15,7,Sunday,True
22-Jan-17,2017,1,January,01-Jan-17,Q1,22,7,Sunday,True
29-Jan-17,2017,1,January,01-Jan-17,Q1,29,7,Sunday,True
07-Jan-18,2018,1,January,01-Jan-18,Q1,7,7,Sunday,True
14-Jan-18,2018,1,January,01-Jan-18,Q1,14,7,Sunday,True
21-Jan-18,2018,1,January,01-Jan-18,Q1,21,7,Sunday,True
28-Jan-18,2018,1,January,01-Jan-18,Q1,28,7,Sunday,True
06-Jan-19,2019,1,January,01-Jan-19,Q1,6,7,Sunday,True
13-Jan-19,2019,1,January,01-Jan-19,Q1,13,7,Sunday,True
20-Jan-19,2019,1,January,01-Jan-19,Q1,20,7,Sunday,True
27-Jan-19,2019,1,January,01-Jan-19,Q1,27,7,Sunday,True
05-Jan-20,2020,1,January,01-Jan-20,Q1,5,7,Sunday,True
12-Jan-20,2020,1,January,01-Jan-20,Q1,12,7,Sunday,True
19-Jan-20,2020,1,January,01-Jan-20,Q1,19,7,Sunday,True
26-Jan-20,2020,1,January,01-Jan-20,Q1,26,7,Sunday,True
03-Jan-21,2021,1,January,01-Jan-21,Q1,3,7,Sunday,True
10-Jan-21,2021,1,January,01-Jan-21,Q1,10,7,Sunday,True
17-Jan-21,2021,1,January,01-Jan-21,Q1,17,7,Sunday,True
24-Jan-21,2021,1,January,01-Jan-21,Q1,24,7,Sunday,True
31-Jan-21,2021,1,January,01-Jan-21,Q1,31,7,Sunday,True
02-Jan-22,2022,1,January,01-Jan-22,Q1,2,7,Sunday,True
09-Jan-22,2022,1,January,01-Jan-22,Q1,9,7,Sunday,True
16-Jan-22,2022,1,January,01-Jan-22,Q1,16,7,Sunday,True
23-Jan-22,2022,1,January,01-Jan-22,Q1,23,7,Sunday,True
30-Jan-22,2022,1,January,01-Jan-22,Q1,30,7,Sunday,True
01-Jan-23,2023,1,January,01-Jan-23,Q1,1,7,Sunday,True
08-Jan-23,2023,1,January,01-Jan-23,Q1,8,7,Sunday,True
15-Jan-23,2023,1,January,01-Jan-23,Q1,15,7,Sunday,True
22-Jan-23,2023,1,January,01-Jan-23,Q1,22,7,Sunday,True
29-Jan-23,2023,1,January,01-Jan-23,Q1,29,7,Sunday,True
07-Jan-24,2024,1,January,01-Jan-24,Q1,7,7,Sunday,True
14-Jan-24,2024,1,January,01-Jan-24,Q1,14,7,Sunday,True
21-Jan-24,2024,1,January,01-Jan-24,Q1,21,7,Sunday,True
28-Jan-24,2024,1,January,01-Jan-24,Q1,28,7,Sunday,True
05-Jan-25,2025,1,January,01-Jan-25,Q1,5,7,Sunday,True
12-Jan-25,2025,1,January,01-Jan-25,Q1,12,7,Sunday,True
19-Jan-25,2025,1,January,01-Jan-25,Q1,19,7,Sunday,True
26-Jan-25,2025,1,January,01-Jan-25,Q1,26,7,Sunday,True
04-Jan-26,2026,1,January,01-Jan-26,Q1,4,7,Sunday,True
11-Jan-26,2026,1,January,01-Jan-26,Q1,11,7,Sunday,True
18-Jan-26,2026,1,January,01-Jan-26,Q1,18,7,Sunday,True
25-Jan-26,2026,1,January,01-Jan-26,Q1,25,7,Sunday,True
03-Jan-27,2027,1,January,01-Jan-27,Q1,3,7,Sunday,True
10-Jan-27,2027,1,January,01-Jan-27,Q1,10,7,Sunday,True
17-Jan-27,2027,1,January,01-Jan-27,Q1,17,7,Sunday,True
24-Jan-27,2027,1,January,01-Jan-27,Q1,24,7,Sunday,True
31-Jan-27,2027,1,January,01-Jan-27,Q1,31,7,Sunday,True
02-Jan-28,2028,1,January,01-Jan-28,Q1,2,7,Sunday,True
09-Jan-28,2028,1,January,01-Jan-28,Q1,9,7,Sunday,True
16-Jan-28,2028,1,January,01-Jan-28,Q1,16,7,Sunday,True
23-Jan-28,2028,1,January,01-Jan-28,Q1,23,7,Sunday,True
30-Jan-28,2028,1,January,01-Jan-28,Q1,30,7,Sunday,True
07-Mar-10,2010,3,March,01-Mar-10,Q1,7,7,Sunday,True
14-Mar-10,2010,3,March,01-Mar-10,Q1,14,7,Sunday,True
21-Mar-10,2010,3,March,01-Mar-10,Q1,21,7,Sunday,True
28-Mar-10,2010,3,March,01-Mar-10,Q1,28,7,Sunday,True
06-Mar-11,2011,3,March,01-Mar-11,Q1,6,7,Sunday,True
13-Mar-11,2011,3,March,01-Mar-11,Q1,13,7,Sunday,True
20-Mar-11,2011,3,March,01-Mar-11,Q1,20,7,Sunday,True
27-Mar-11,2011,3,March,01-Mar-11,Q1,27,7,Sunday,True
04-Mar-12,2012,3,March,01-Mar-12,Q1,4,7,Sunday,True
11-Mar-12,2012,3,March,01-Mar-12,Q1,11,7,Sunday,True
18-Mar-12,2012,3,March,01-Mar-12,Q1,18,7,Sunday,True
25-Mar-12,2012,3,March,01-Mar-12,Q1,25,7,Sunday,True
03-Mar-13,2013,3,March,01-Mar-13,Q1,3,7,Sunday,True
10-Mar-13,2013,3,March,01-Mar-13,Q1,10,7,Sunday,True
17-Mar-13,2013,3,March,01-Mar-13,Q1,17,7,Sunday,True
24-Mar-13,2013,3,March,01-Mar-13,Q1,24,7,Sunday,True
31-Mar-13,2013,3,March,01-Mar-13,Q1,31,7,Sunday,True
02-Mar-14,2014,3,March,01-Mar-14,Q1,2,7,Sunday,True
09-Mar-14,2014,3,March,01-Mar-14,Q1,9,7,Sunday,True
16-Mar-14,2014,3,March,01-Mar-14,Q1,16,7,Sunday,True
23-Mar-14,2014,3,March,01-Mar-14,Q1,23,7,Sunday,True
30-Mar-14,2014,3,March,01-Mar-14,Q1,30,7,Sunday,True
01-Mar-15,2015,3,March,01-Mar-15,Q1,1,7,Sunday,True
08-Mar-15,2015,3,March,01-Mar-15,Q1,8,7,Sunday,True
15-Mar-15,2015,3,March,01-Mar-15,Q1,15,7,Sunday,True
22-Mar-15,2015,3,March,01-Mar-15,Q1,22,7,Sunday,True
29-Mar-15,2015,3,March,01-Mar-15,Q1,29,7,Sunday,True
06-Mar-16,2016,3,March,01-Mar-16,Q1,6,7,Sunday,True
13-Mar-16,2016,3,March,01-Mar-16,Q1,13,7,Sunday,True
20-Mar-16,2016,3,March,01-Mar-16,Q1,20,7,Sunday,True
27-Mar-16,2016,3,March,01-Mar-16,Q1,27,7,Sunday,True
05-Mar-17,2017,3,March,01-Mar-17,Q1,5,7,Sunday,True
12-Mar-17,2017,3,March,01-Mar-17,Q1,12,7,Sunday,True
19-Mar-17,2017,3,March,01-Mar-17,Q1,19,7,Sunday,True
26-Mar-17,2017,3,March,01-Mar-17,Q1,26,7,Sunday,True
04-Mar-18,2018,3,March,01-Mar-18,Q1,4,7,Sunday,True
11-Mar-18,2018,3,March,01-Mar-18,Q1,11,7,Sunday,True
18-Mar-18,2018,3,March,01-Mar-18,Q1,18,7,Sunday,True
25-Mar-18,2018,3,March,01-Mar-18,Q1,25,7,Sunday,True
03-Mar-19,2019,3,March,01-Mar-19,Q1,3,7,Sunday,True
10-Mar-19,2019,3,March,01-Mar-19,Q1,10,7,Sunday,True
17-Mar-19,2019,3,March,01-Mar-19,Q1,17,7,Sunday,True
24-Mar-19,2019,3,March,01-Mar-19,Q1,24,7,Sunday,True
31-Mar-19,2019,3,March,01-Mar-19,Q1,31,7,Sunday,True
01-Mar-20,2020,3,March,01-Mar-20,Q1,1,7,Sunday,True
08-Mar-20,2020,3,March,01-Mar-20,Q1,8,7,Sunday,True
15-Mar-20,2020,3,March,01-Mar-20,Q1,15,7,Sunday,True
22-Mar-20,2020,3,March,01-Mar-20,Q1,22,7,Sunday,True
29-Mar-20,2020,3,March,01-Mar-20,Q1,29,7,Sunday,True
07-Mar-21,2021,3,March,01-Mar-21,Q1,7,7,Sunday,True
14-Mar-21,2021,3,March,01-Mar-21,Q1,14,7,Sunday,True
21-Mar-21,2021,3,March,01-Mar-21,Q1,21,7,Sunday,True
28-Mar-21,2021,3,March,01-Mar-21,Q1,28,7,Sunday,True
06-Mar-22,2022,3,March,01-Mar-22,Q1,6,7,Sunday,True
13-Mar-22,2022,3,March,01-Mar-22,Q1,13,7,Sunday,True
20-Mar-22,2022,3,March,01-Mar-22,Q1,20,7,Sunday,True
27-Mar-22,2022,3,March,01-Mar-22,Q1,27,7,Sunday,True
05-Mar-23,2023,3,March,01-Mar-23,Q1,5,7,Sunday,True
12-Mar-23,2023,3,March,01-Mar-23,Q1,12,7,Sunday,True
19-Mar-23,2023,3,March,01-Mar-23,Q1,19,7,Sunday,True
26-Mar-23,2023,3,March,01-Mar-23,Q1,26,7,Sunday,True
03-Mar-24,2024,3,March,01-Mar-24,Q1,3,7,Sunday,True
10-Mar-24,2024,3,March,01-Mar-24,Q1,10,7,Sunday,True
17-Mar-24,2024,3,March,01-Mar-24,Q1,17,7,Sunday,True
24-Mar-24,2024,3,March,01-Mar-24,Q1,24,7,Sunday,True
31-Mar-24,2024,3,March,01-Mar-24,Q1,31,7,Sunday,True
02-Mar-25,2025,3,March,01-Mar-25,Q1,2,7,Sunday,True
09-Mar-25,2025,3,March,01-Mar-25,Q1,9,7,Sunday,True
16-Mar-25,2025,3,March,01-Mar-25,Q1,16,7,Sunday,True
23-Mar-25,2025,3,March,01-Mar-25,Q1,23,7,Sunday,True
30-Mar-25,2025,3,March,01-Mar-25,Q1,30,7,Sunday,True
01-Mar-26,2026,3,March,01-Mar-26,Q1,1,7,Sunday,True
08-Mar-26,2026,3,March,01-Mar-26,Q1,8,7,Sunday,True
15-Mar-26,2026,3,March,01-Mar-26,Q1,15,7,Sunday,True
22-Mar-26,2026,3,March,01-Mar-26,Q1,22,7,Sunday,True
29-Mar-26,2026,3,March,01-Mar-26,Q1,29,7,Sunday,True
07-Mar-27,2027,3,March,01-Mar-27,Q1,7,7,Sunday,True
14-Mar-27,2027,3,March,01-Mar-27,Q1,14,7,Sunday,True
21-Mar-27,2027,3,March,01-Mar-27,Q1,21,7,Sunday,True
28-Mar-27,2027,3,March,01-Mar-27,Q1,28,7,Sunday,True
05-Mar-28,2028,3,March,01-Mar-28,Q1,5,7,Sunday,True
12-Mar-28,2028,3,March,01-Mar-28,Q1,12,7,Sunday,True
19-Mar-28,2028,3,March,01-Mar-28,Q1,19,7,Sunday,True
26-Mar-28,2028,3,March,01-Mar-28,Q1,26,7,Sunday,True
07-Feb-10,2010,2,February,01-Feb-10,Q1,7,7,Sunday,True
14-Feb-10,2010,2,February,01-Feb-10,Q1,14,7,Sunday,True
21-Feb-10,2010,2,February,01-Feb-10,Q1,21,7,Sunday,True
28-Feb-10,2010,2,February,01-Feb-10,Q1,28,7,Sunday,True
06-Feb-11,2011,2,February,01-Feb-11,Q1,6,7,Sunday,True
13-Feb-11,2011,2,February,01-Feb-11,Q1,13,7,Sunday,True
20-Feb-11,2011,2,February,01-Feb-11,Q1,20,7,Sunday,True
27-Feb-11,2011,2,February,01-Feb-11,Q1,27,7,Sunday,True
05-Feb-12,2012,2,February,01-Feb-12,Q1,5,7,Sunday,True
12-Feb-12,2012,2,February,01-Feb-12,Q1,12,7,Sunday,True
19-Feb-12,2012,2,February,01-Feb-12,Q1,19,7,Sunday,True
26-Feb-12,2012,2,February,01-Feb-12,Q1,26,7,Sunday,True
03-Feb-13,2013,2,February,01-Feb-13,Q1,3,7,Sunday,True
10-Feb-13,2013,2,February,01-Feb-13,Q1,10,7,Sunday,True
17-Feb-13,2013,2,February,01-Feb-13,Q1,17,7,Sunday,True
24-Feb-13,2013,2,February,01-Feb-13,Q1,24,7,Sunday,True
02-Feb-14,2014,2,February,01-Feb-14,Q1,2,7,Sunday,True
09-Feb-14,2014,2,February,01-Feb-14,Q1,9,7,Sunday,True
16-Feb-14,2014,2,February,01-Feb-14,Q1,16,7,Sunday,True
23-Feb-14,2014,2,February,01-Feb-14,Q1,23,7,Sunday,True
01-Feb-15,2015,2,February,01-Feb-15,Q1,1,7,Sunday,True
08-Feb-15,2015,2,February,01-Feb-15,Q1,8,7,Sunday,True
15-Feb-15,2015,2,February,01-Feb-15,Q1,15,7,Sunday,True
22-Feb-15,2015,2,February,01-Feb-15,Q1,22,7,Sunday,True
07-Feb-16,2016,2,February,01-Feb-16,Q1,7,7,Sunday,True
14-Feb-16,2016,2,February,01-Feb-16,Q1,14,7,Sunday,True
21-Feb-16,2016,2,February,01-Feb-16,Q1,21,7,Sunday,True
28-Feb-16,2016,2,February,01-Feb-16,Q1,28,7,Sunday,True
05-Feb-17,2017,2,February,01-Feb-17,Q1,5,7,Sunday,True
12-Feb-17,2017,2,February,01-Feb-17,Q1,12,7,Sunday,True
19-Feb-17,2017,2,February,01-Feb-17,Q1,19,7,Sunday,True
26-Feb-17,2017,2,February,01-Feb-17,Q1,26,7,Sunday,True
04-Feb-18,2018,2,February,01-Feb-18,Q1,4,7,Sunday,True
11-Feb-18,2018,2,February,01-Feb-18,Q1,11,7,Sunday,True
18-Feb-18,2018,2,February,01-Feb-18,Q1,18,7,Sunday,True
25-Feb-18,2018,2,February,01-Feb-18,Q1,25,7,Sunday,True
03-Feb-19,2019,2,February,01-Feb-19,Q1,3,7,Sunday,True
10-Feb-19,2019,2,February,01-Feb-19,Q1,10,7,Sunday,True
17-Feb-19,2019,2,February,01-Feb-19,Q1,17,7,Sunday,True
24-Feb-19,2019,2,February,01-Feb-19,Q1,24,7,Sunday,True
02-Feb-20,2020,2,February,01-Feb-20,Q1,2,7,Sunday,True
09-Feb-20,2020,2,February,01-Feb-20,Q1,9,7,Sunday,True
16-Feb-20,2020,2,February,01-Feb-20,Q1,16,7,Sunday,True
23-Feb-20,2020,2,February,01-Feb-20,Q1,23,7,Sunday,True
07-Feb-21,2021,2,February,01-Feb-21,Q1,7,7,Sunday,True
14-Feb-21,2021,2,February,01-Feb-21,Q1,14,7,Sunday,True
21-Feb-21,2021,2,February,01-Feb-21,Q1,21,7,Sunday,True
28-Feb-21,2021,2,February,01-Feb-21,Q1,28,7,Sunday,True
06-Feb-22,2022,2,February,01-Feb-22,Q1,6,7,Sunday,True
13-Feb-22,2022,2,February,01-Feb-22,Q1,13,7,Sunday,True
20-Feb-22,2022,2,February,01-Feb-22,Q1,20,7,Sunday,True
27-Feb-22,2022,2,February,01-Feb-22,Q1,27,7,Sunday,True
05-Feb-23,2023,2,February,01-Feb-23,Q1,5,7,Sunday,True
12-Feb-23,2023,2,February,01-Feb-23,Q1,12,7,Sunday,True
19-Feb-23,2023,2,February,01-Feb-23,Q1,19,7,Sunday,True
26-Feb-23,2023,2,February,01-Feb-23,Q1,26,7,Sunday,True
04-Feb-24,2024,2,February,01-Feb-24,Q1,4,7,Sunday,True
11-Feb-24,2024,2,February,01-Feb-24,Q1,11,7,Sunday,True
18-Feb-24,2024,2,February,01-Feb-24,Q1,18,7,Sunday,True
25-Feb-24,2024,2,February,01-Feb-24,Q1,25,7,Sunday,True
02-Feb-25,2025,2,February,01-Feb-25,Q1,2,7,Sunday,True
09-Feb-25,2025,2,February,01-Feb-25,Q1,9,7,Sunday,True
16-Feb-25,2025,2,February,01-Feb-25,Q1,16,7,Sunday,True
23-Feb-25,2025,2,February,01-Feb-25,Q1,23,7,Sunday,True
01-Feb-26,2026,2,February,01-Feb-26,Q1,1,7,Sunday,True
08-Feb-26,2026,2,February,01-Feb-26,Q1,8,7,Sunday,True
15-Feb-26,2026,2,February,01-Feb-26,Q1,15,7,Sunday,True
22-Feb-26,2026,2,February,01-Feb-26,Q1,22,7,Sunday,True
07-Feb-27,2027,2,February,01-Feb-27,Q1,7,7,Sunday,True
14-Feb-27,2027,2,February,01-Feb-27,Q1,14,7,Sunday,True
21-Feb-27,2027,2,February,01-Feb-27,Q1,21,7,Sunday,True
28-Feb-27,2027,2,February,01-Feb-27,Q1,28,7,Sunday,True
06-Feb-28,2028,2,February,01-Feb-28,Q1,6,7,Sunday,True
13-Feb-28,2028,2,February,01-Feb-28,Q1,13,7,Sunday,True
20-Feb-28,2028,2,February,01-Feb-28,Q1,20,7,Sunday,True
27-Feb-28,2028,2,February,01-Feb-28,Q1,27,7,Sunday,True
07-Nov-10,2010,11,November,01-Nov-10,Q4,7,7,Sunday,True
14-Nov-10,2010,11,November,01-Nov-10,Q4,14,7,Sunday,True
21-Nov-10,2010,11,November,01-Nov-10,Q4,21,7,Sunday,True
28-Nov-10,2010,11,November,01-Nov-10,Q4,28,7,Sunday,True
06-Nov-11,2011,11,November,01-Nov-11,Q4,6,7,Sunday,True
13-Nov-11,2011,11,November,01-Nov-11,Q4,13,7,Sunday,True
20-Nov-11,2011,11,November,01-Nov-11,Q4,20,7,Sunday,True
27-Nov-11,2011,11,November,01-Nov-11,Q4,27,7,Sunday,True
04-Nov-12,2012,11,November,01-Nov-12,Q4,4,7,Sunday,True
11-Nov-12,2012,11,November,01-Nov-12,Q4,11,7,Sunday,True
18-Nov-12,2012,11,November,01-Nov-12,Q4,18,7,Sunday,True
25-Nov-12,2012,11,November,01-Nov-12,Q4,25,7,Sunday,True
03-Nov-13,2013,11,November,01-Nov-13,Q4,3,7,Sunday,True
10-Nov-13,2013,11,November,01-Nov-13,Q4,10,7,Sunday,True
17-Nov-13,2013,11,November,01-Nov-13,Q4,17,7,Sunday,True
24-Nov-13,2013,11,November,01-Nov-13,Q4,24,7,Sunday,True
02-Nov-14,2014,11,November,01-Nov-14,Q4,2,7,Sunday,True
09-Nov-14,2014,11,November,01-Nov-14,Q4,9,7,Sunday,True
16-Nov-14,2014,11,November,01-Nov-14,Q4,16,7,Sunday,True
23-Nov-14,2014,11,November,01-Nov-14,Q4,23,7,Sunday,True
30-Nov-14,2014,11,November,01-Nov-14,Q4,30,7,Sunday,True
01-Nov-15,2015,11,November,01-Nov-15,Q4,1,7,Sunday,True
08-Nov-15,2015,11,November,01-Nov-15,Q4,8,7,Sunday,True
15-Nov-15,2015,11,November,01-Nov-15,Q4,15,7,Sunday,True
22-Nov-15,2015,11,November,01-Nov-15,Q4,22,7,Sunday,True
29-Nov-15,2015,11,November,01-Nov-15,Q4,29,7,Sunday,True
06-Nov-16,2016,11,November,01-Nov-16,Q4,6,7,Sunday,True
13-Nov-16,2016,11,November,01-Nov-16,Q4,13,7,Sunday,True
20-Nov-16,2016,11,November,01-Nov-16,Q4,20,7,Sunday,True
27-Nov-16,2016,11,November,01-Nov-16,Q4,27,7,Sunday,True
05-Nov-17,2017,11,November,01-Nov-17,Q4,5,7,Sunday,True
12-Nov-17,2017,11,November,01-Nov-17,Q4,12,7,Sunday,True
19-Nov-17,2017,11,November,01-Nov-17,Q4,19,7,Sunday,True
26-Nov-17,2017,11,November,01-Nov-17,Q4,26,7,Sunday,True
04-Nov-18,2018,11,November,01-Nov-18,Q4,4,7,Sunday,True
11-Nov-18,2018,11,November,01-Nov-18,Q4,11,7,Sunday,True
18-Nov-18,2018,11,November,01-Nov-18,Q4,18,7,Sunday,True
25-Nov-18,2018,11,November,01-Nov-18,Q4,25,7,Sunday,True
03-Nov-19,2019,11,November,01-Nov-19,Q4,3,7,Sunday,True
10-Nov-19,2019,11,November,01-Nov-19,Q4,10,7,Sunday,True
17-Nov-19,2019,11,November,01-Nov-19,Q4,17,7,Sunday,True
24-Nov-19,2019,11,November,01-Nov-19,Q4,24,7,Sunday,True
01-Nov-20,2020,11,November,01-Nov-20,Q4,1,7,Sunday,True
08-Nov-20,2020,11,November,01-Nov-20,Q4,8,7,Sunday,True
15-Nov-20,2020,11,November,01-Nov-20,Q4,15,7,Sunday,True
22-Nov-20,2020,11,November,01-Nov-20,Q4,22,7,Sunday,True
29-Nov-20,2020,11,November,01-Nov-20,Q4,29,7,Sunday,True
07-Nov-21,2021,11,November,01-Nov-21,Q4,7,7,Sunday,True
14-Nov-21,2021,11,November,01-Nov-21,Q4,14,7,Sunday,True
21-Nov-21,2021,11,November,01-Nov-21,Q4,21,7,Sunday,True
28-Nov-21,2021,11,November,01-Nov-21,Q4,28,7,Sunday,True
06-Nov-22,2022,11,November,01-Nov-22,Q4,6,7,Sunday,True
13-Nov-22,2022,11,November,01-Nov-22,Q4,13,7,Sunday,True
20-Nov-22,2022,11,November,01-Nov-22,Q4,20,7,Sunday,True
27-Nov-22,2022,11,November,01-Nov-22,Q4,27,7,Sunday,True
05-Nov-23,2023,11,November,01-Nov-23,Q4,5,7,Sunday,True
12-Nov-23,2023,11,November,01-Nov-23,Q4,12,7,Sunday,True
19-Nov-23,2023,11,November,01-Nov-23,Q4,19,7,Sunday,True
26-Nov-23,2023,11,November,01-Nov-23,Q4,26,7,Sunday,True
03-Nov-24,2024,11,November,01-Nov-24,Q4,3,7,Sunday,True
10-Nov-24,2024,11,November,01-Nov-24,Q4,10,7,Sunday,True
17-Nov-24,2024,11,November,01-Nov-24,Q4,17,7,Sunday,True
24-Nov-24,2024,11,November,01-Nov-24,Q4,24,7,Sunday,True
02-Nov-25,2025,11,November,01-Nov-25,Q4,2,7,Sunday,True
09-Nov-25,2025,11,November,01-Nov-25,Q4,9,7,Sunday,True
16-Nov-25,2025,11,November,01-Nov-25,Q4,16,7,Sunday,True
23-Nov-25,2025,11,November,01-Nov-25,Q4,23,7,Sunday,True
30-Nov-25,2025,11,November,01-Nov-25,Q4,30,7,Sunday,True
01-Nov-26,2026,11,November,01-Nov-26,Q4,1,7,Sunday,True
08-Nov-26,2026,11,November,01-Nov-26,Q4,8,7,Sunday,True
15-Nov-26,2026,11,November,01-Nov-26,Q4,15,7,Sunday,True
22-Nov-26,2026,11,November,01-Nov-26,Q4,22,7,Sunday,True
29-Nov-26,2026,11,November,01-Nov-26,Q4,29,7,Sunday,True
07-Nov-27,2027,11,November,01-Nov-27,Q4,7,7,Sunday,True
14-Nov-27,2027,11,November,01-Nov-27,Q4,14,7,Sunday,True
21-Nov-27,2027,11,November,01-Nov-27,Q4,21,7,Sunday,True
28-Nov-27,2027,11,November,01-Nov-27,Q4,28,7,Sunday,True
05-Nov-28,2028,11,November,01-Nov-28,Q4,5,7,Sunday,True
12-Nov-28,2028,11,November,01-Nov-28,Q4,12,7,Sunday,True
19-Nov-28,2028,11,November,01-Nov-28,Q4,19,7,Sunday,True
26-Nov-28,2028,11,November,01-Nov-28,Q4,26,7,Sunday,True
05-Dec-10,2010,12,December,01-Dec-10,Q4,5,7,Sunday,True
12-Dec-10,2010,12,December,01-Dec-10,Q4,12,7,Sunday,True
19-Dec-10,2010,12,December,01-Dec-10,Q4,19,7,Sunday,True
26-Dec-10,2010,12,December,01-Dec-10,Q4,26,7,Sunday,True
04-Dec-11,2011,12,December,01-Dec-11,Q4,4,7,Sunday,True
11-Dec-11,2011,12,December,01-Dec-11,Q4,11,7,Sunday,True
18-Dec-11,2011,12,December,01-Dec-11,Q4,18,7,Sunday,True
25-Dec-11,2011,12,December,01-Dec-11,Q4,25,7,Sunday,True
02-Dec-12,2012,12,December,01-Dec-12,Q4,2,7,Sunday,True
09-Dec-12,2012,12,December,01-Dec-12,Q4,9,7,Sunday,True
16-Dec-12,2012,12,December,01-Dec-12,Q4,16,7,Sunday,True
23-Dec-12,2012,12,December,01-Dec-12,Q4,23,7,Sunday,True
30-Dec-12,2012,12,December,01-Dec-12,Q4,30,7,Sunday,True
01-Dec-13,2013,12,December,01-Dec-13,Q4,1,7,Sunday,True
08-Dec-13,2013,12,December,01-Dec-13,Q4,8,7,Sunday,True
15-Dec-13,2013,12,December,01-Dec-13,Q4,15,7,Sunday,True
22-Dec-13,2013,12,December,01-Dec-13,Q4,22,7,Sunday,True
29-Dec-13,2013,12,December,01-Dec-13,Q4,29,7,Sunday,True
07-Dec-14,2014,12,December,01-Dec-14,Q4,7,7,Sunday,True
14-Dec-14,2014,12,December,01-Dec-14,Q4,14,7,Sunday,True
21-Dec-14,2014,12,December,01-Dec-14,Q4,21,7,Sunday,True
28-Dec-14,2014,12,December,01-Dec-14,Q4,28,7,Sunday,True
06-Dec-15,2015,12,December,01-Dec-15,Q4,6,7,Sunday,True
13-Dec-15,2015,12,December,01-Dec-15,Q4,13,7,Sunday,True
20-Dec-15,2015,12,December,01-Dec-15,Q4,20,7,Sunday,True
27-Dec-15,2015,12,December,01-Dec-15,Q4,27,7,Sunday,True
04-Dec-16,2016,12,December,01-Dec-16,Q4,4,7,Sunday,True
11-Dec-16,2016,12,December,01-Dec-16,Q4,11,7,Sunday,True
18-Dec-16,2016,12,December,01-Dec-16,Q4,18,7,Sunday,True
25-Dec-16,2016,12,December,01-Dec-16,Q4,25,7,Sunday,True
03-Dec-17,2017,12,December,01-Dec-17,Q4,3,7,Sunday,True
10-Dec-17,2017,12,December,01-Dec-17,Q4,10,7,Sunday,True
17-Dec-17,2017,12,December,01-Dec-17,Q4,17,7,Sunday,True
24-Dec-17,2017,12,December,01-Dec-17,Q4,24,7,Sunday,True
31-Dec-17,2017,12,December,01-Dec-17,Q4,31,7,Sunday,True
02-Dec-18,2018,12,December,01-Dec-18,Q4,2,7,Sunday,True
09-Dec-18,2018,12,December,01-Dec-18,Q4,9,7,Sunday,True
16-Dec-18,2018,12,December,01-Dec-18,Q4,16,7,Sunday,True
23-Dec-18,2018,12,December,01-Dec-18,Q4,23,7,Sunday,True
30-Dec-18,2018,12,December,01-Dec-18,Q4,30,7,Sunday,True
01-Dec-19,2019,12,December,01-Dec-19,Q4,1,7,Sunday,True
08-Dec-19,2019,12,December,01-Dec-19,Q4,8,7,Sunday,True
15-Dec-19,2019,12,December,01-Dec-19,Q4,15,7,Sunday,True
22-Dec-19,2019,12,December,01-Dec-19,Q4,22,7,Sunday,True
29-Dec-19,2019,12,December,01-Dec-19,Q4,29,7,Sunday,True
06-Dec-20,2020,12,December,01-Dec-20,Q4,6,7,Sunday,True
13-Dec-20,2020,12,December,01-Dec-20,Q4,13,7,Sunday,True
20-Dec-20,2020,12,December,01-Dec-20,Q4,20,7,Sunday,True
27-Dec-20,2020,12,December,01-Dec-20,Q4,27,7,Sunday,True
05-Dec-21,2021,12,December,01-Dec-21,Q4,5,7,Sunday,True
12-Dec-21,2021,12,December,01-Dec-21,Q4,12,7,Sunday,True
19-Dec-21,2021,12,December,01-Dec-21,Q4,19,7,Sunday,True
26-Dec-21,2021,12,December,01-Dec-21,Q4,26,7,Sunday,True
04-Dec-22,2022,12,December,01-Dec-22,Q4,4,7,Sunday,True
11-Dec-22,2022,12,December,01-Dec-22,Q4,11,7,Sunday,True
18-Dec-22,2022,12,December,01-Dec-22,Q4,18,7,Sunday,True
25-Dec-22,2022,12,December,01-Dec-22,Q4,25,7,Sunday,True
03-Dec-23,2023,12,December,01-Dec-23,Q4,3,7,Sunday,True
10-Dec-23,2023,12,December,01-Dec-23,Q4,10,7,Sunday,True
17-Dec-23,2023,12,December,01-Dec-23,Q4,17,7,Sunday,True
24-Dec-23,2023,12,December,01-Dec-23,Q4,24,7,Sunday,True
31-Dec-23,2023,12,December,01-Dec-23,Q4,31,7,Sunday,True
01-Dec-24,2024,12,December,01-Dec-24,Q4,1,7,Sunday,True
08-Dec-24,2024,12,December,01-Dec-24,Q4,8,7,Sunday,True
15-Dec-24,2024,12,December,01-Dec-24,Q4,15,7,Sunday,True
22-Dec-24,2024,12,December,01-Dec-24,Q4,22,7,Sunday,True
29-Dec-24,2024,12,December,01-Dec-24,Q4,29,7,Sunday,True
07-Dec-25,2025,12,December,01-Dec-25,Q4,7,7,Sunday,True
14-Dec-25,2025,12,December,01-Dec-25,Q4,14,7,Sunday,True
21-Dec-25,2025,12,December,01-Dec-25,Q4,21,7,Sunday,True
28-Dec-25,2025,12,December,01-Dec-25,Q4,28,7,Sunday,True
06-Dec-26,2026,12,December,01-Dec-26,Q4,6,7,Sunday,True
13-Dec-26,2026,12,December,01-Dec-26,Q4,13,7,Sunday,True
20-Dec-26,2026,12,December,01-Dec-26,Q4,20,7,Sunday,True
27-Dec-26,2026,12,December,01-Dec-26,Q4,27,7,Sunday,True
05-Dec-27,2027,12,December,01-Dec-27,Q4,5,7,Sunday,True
12-Dec-27,2027,12,December,01-Dec-27,Q4,12,7,Sunday,True
19-Dec-27,2027,12,December,01-Dec-27,Q4,19,7,Sunday,True
26-Dec-27,2027,12,December,01-Dec-27,Q4,26,7,Sunday,True
03-Dec-28,2028,12,December,01-Dec-28,Q4,3,7,Sunday,True
10-Dec-28,2028,12,December,01-Dec-28,Q4,10,7,Sunday,True
17-Dec-28,2028,12,December,01-Dec-28,Q4,17,7,Sunday,True
24-Dec-28,2028,12,December,01-Dec-28,Q4,24,7,Sunday,True
31-Dec-28,2028,12,December,01-Dec-28,Q4,31,7,Sunday,True
03-Oct-10,2010,10,October,01-Oct-10,Q4,3,7,Sunday,True
10-Oct-10,2010,10,October,01-Oct-10,Q4,10,7,Sunday,True
17-Oct-10,2010,10,October,01-Oct-10,Q4,17,7,Sunday,True
24-Oct-10,2010,10,October,01-Oct-10,Q4,24,7,Sunday,True
31-Oct-10,2010,10,October,01-Oct-10,Q4,31,7,Sunday,True
02-Oct-11,2011,10,October,01-Oct-11,Q4,2,7,Sunday,True
09-Oct-11,2011,10,October,01-Oct-11,Q4,9,7,Sunday,True
16-Oct-11,2011,10,October,01-Oct-11,Q4,16,7,Sunday,True
23-Oct-11,2011,10,October,01-Oct-11,Q4,23,7,Sunday,True
30-Oct-11,2011,10,October,01-Oct-11,Q4,30,7,Sunday,True
07-Oct-12,2012,10,October,01-Oct-12,Q4,7,7,Sunday,True
14-Oct-12,2012,10,October,01-Oct-12,Q4,14,7,Sunday,True
21-Oct-12,2012,10,October,01-Oct-12,Q4,21,7,Sunday,True
28-Oct-12,2012,10,October,01-Oct-12,Q4,28,7,Sunday,True
06-Oct-13,2013,10,October,01-Oct-13,Q4,6,7,Sunday,True
13-Oct-13,2013,10,October,01-Oct-13,Q4,13,7,Sunday,True
20-Oct-13,2013,10,October,01-Oct-13,Q4,20,7,Sunday,True
27-Oct-13,2013,10,October,01-Oct-13,Q4,27,7,Sunday,True
05-Oct-14,2014,10,October,01-Oct-14,Q4,5,7,Sunday,True
12-Oct-14,2014,10,October,01-Oct-14,Q4,12,7,Sunday,True
19-Oct-14,2014,10,October,01-Oct-14,Q4,19,7,Sunday,True
26-Oct-14,2014,10,October,01-Oct-14,Q4,26,7,Sunday,True
04-Oct-15,2015,10,October,01-Oct-15,Q4,4,7,Sunday,True
11-Oct-15,2015,10,October,01-Oct-15,Q4,11,7,Sunday,True
18-Oct-15,2015,10,October,01-Oct-15,Q4,18,7,Sunday,True
25-Oct-15,2015,10,October,01-Oct-15,Q4,25,7,Sunday,True
02-Oct-16,2016,10,October,01-Oct-16,Q4,2,7,Sunday,True
09-Oct-16,2016,10,October,01-Oct-16,Q4,9,7,Sunday,True
16-Oct-16,2016,10,October,01-Oct-16,Q4,16,7,Sunday,True
23-Oct-16,2016,10,October,01-Oct-16,Q4,23,7,Sunday,True
30-Oct-16,2016,10,October,01-Oct-16,Q4,30,7,Sunday,True
01-Oct-17,2017,10,October,01-Oct-17,Q4,1,7,Sunday,True
08-Oct-17,2017,10,October,01-Oct-17,Q4,8,7,Sunday,True
15-Oct-17,2017,10,October,01-Oct-17,Q4,15,7,Sunday,True
22-Oct-17,2017,10,October,01-Oct-17,Q4,22,7,Sunday,True
29-Oct-17,2017,10,October,01-Oct-17,Q4,29,7,Sunday,True
07-Oct-18,2018,10,October,01-Oct-18,Q4,7,7,Sunday,True
14-Oct-18,2018,10,October,01-Oct-18,Q4,14,7,Sunday,True
21-Oct-18,2018,10,October,01-Oct-18,Q4,21,7,Sunday,True
28-Oct-18,2018,10,October,01-Oct-18,Q4,28,7,Sunday,True
06-Oct-19,2019,10,October,01-Oct-19,Q4,6,7,Sunday,True
13-Oct-19,2019,10,October,01-Oct-19,Q4,13,7,Sunday,True
20-Oct-19,2019,10,October,01-Oct-19,Q4,20,7,Sunday,True
27-Oct-19,2019,10,October,01-Oct-19,Q4,27,7,Sunday,True
04-Oct-20,2020,10,October,01-Oct-20,Q4,4,7,Sunday,True
11-Oct-20,2020,10,October,01-Oct-20,Q4,11,7,Sunday,True
18-Oct-20,2020,10,October,01-Oct-20,Q4,18,7,Sunday,True
25-Oct-20,2020,10,October,01-Oct-20,Q4,25,7,Sunday,True
03-Oct-21,2021,10,October,01-Oct-21,Q4,3,7,Sunday,True
10-Oct-21,2021,10,October,01-Oct-21,Q4,10,7,Sunday,True
17-Oct-21,2021,10,October,01-Oct-21,Q4,17,7,Sunday,True
24-Oct-21,2021,10,October,01-Oct-21,Q4,24,7,Sunday,True
31-Oct-21,2021,10,October,01-Oct-21,Q4,31,7,Sunday,True
02-Oct-22,2022,10,October,01-Oct-22,Q4,2,7,Sunday,True
09-Oct-22,2022,10,October,01-Oct-22,Q4,9,7,Sunday,True
16-Oct-22,2022,10,October,01-Oct-22,Q4,16,7,Sunday,True
23-Oct-22,2022,10,October,01-Oct-22,Q4,23,7,Sunday,True
30-Oct-22,2022,10,October,01-Oct-22,Q4,30,7,Sunday,True
01-Oct-23,2023,10,October,01-Oct-23,Q4,1,7,Sunday,True
08-Oct-23,2023,10,October,01-Oct-23,Q4,8,7,Sunday,True
15-Oct-23,2023,10,October,01-Oct-23,Q4,15,7,Sunday,True
22-Oct-23,2023,10,October,01-Oct-23,Q4,22,7,Sunday,True
29-Oct-23,2023,10,October,01-Oct-23,Q4,29,7,Sunday,True
06-Oct-24,2024,10,October,01-Oct-24,Q4,6,7,Sunday,True
13-Oct-24,2024,10,October,01-Oct-24,Q4,13,7,Sunday,True
20-Oct-24,2024,10,October,01-Oct-24,Q4,20,7,Sunday,True
27-Oct-24,2024,10,October,01-Oct-24,Q4,27,7,Sunday,True
05-Oct-25,2025,10,October,01-Oct-25,Q4,5,7,Sunday,True
12-Oct-25,2025,10,October,01-Oct-25,Q4,12,7,Sunday,True
19-Oct-25,2025,10,October,01-Oct-25,Q4,19,7,Sunday,True
26-Oct-25,2025,10,October,01-Oct-25,Q4,26,7,Sunday,True
04-Oct-26,2026,10,October,01-Oct-26,Q4,4,7,Sunday,True
11-Oct-26,2026,10,October,01-Oct-26,Q4,11,7,Sunday,True
18-Oct-26,2026,10,October,01-Oct-26,Q4,18,7,Sunday,True
25-Oct-26,2026,10,October,01-Oct-26,Q4,25,7,Sunday,True
03-Oct-27,2027,10,October,01-Oct-27,Q4,3,7,Sunday,True
10-Oct-27,2027,10,October,01-Oct-27,Q4,10,7,Sunday,True
17-Oct-27,2027,10,October,01-Oct-27,Q4,17,7,Sunday,True
24-Oct-27,2027,10,October,01-Oct-27,Q4,24,7,Sunday,True
31-Oct-27,2027,10,October,01-Oct-27,Q4,31,7,Sunday,True
01-Oct-28,2028,10,October,01-Oct-28,Q4,1,7,Sunday,True
08-Oct-28,2028,10,October,01-Oct-28,Q4,8,7,Sunday,True
15-Oct-28,2028,10,October,01-Oct-28,Q4,15,7,Sunday,True
22-Oct-28,2028,10,October,01-Oct-28,Q4,22,7,Sunday,True
29-Oct-28,2028,10,October,01-Oct-28,Q4,29,7,Sunday,True
04-Jul-10,2010,7,July,01-Jul-10,Q3,4,7,Sunday,True
11-Jul-10,2010,7,July,01-Jul-10,Q3,11,7,Sunday,True
18-Jul-10,2010,7,July,01-Jul-10,Q3,18,7,Sunday,True
25-Jul-10,2010,7,July,01-Jul-10,Q3,25,7,Sunday,True
03-Jul-11,2011,7,July,01-Jul-11,Q3,3,7,Sunday,True
10-Jul-11,2011,7,July,01-Jul-11,Q3,10,7,Sunday,True
17-Jul-11,2011,7,July,01-Jul-11,Q3,17,7,Sunday,True
24-Jul-11,2011,7,July,01-Jul-11,Q3,24,7,Sunday,True
31-Jul-11,2011,7,July,01-Jul-11,Q3,31,7,Sunday,True
01-Jul-12,2012,7,July,01-Jul-12,Q3,1,7,Sunday,True
08-Jul-12,2012,7,July,01-Jul-12,Q3,8,7,Sunday,True
15-Jul-12,2012,7,July,01-Jul-12,Q3,15,7,Sunday,True
22-Jul-12,2012,7,July,01-Jul-12,Q3,22,7,Sunday,True
29-Jul-12,2012,7,July,01-Jul-12,Q3,29,7,Sunday,True
07-Jul-13,2013,7,July,01-Jul-13,Q3,7,7,Sunday,True
14-Jul-13,2013,7,July,01-Jul-13,Q3,14,7,Sunday,True
21-Jul-13,2013,7,July,01-Jul-13,Q3,21,7,Sunday,True
28-Jul-13,2013,7,July,01-Jul-13,Q3,28,7,Sunday,True
06-Jul-14,2014,7,July,01-Jul-14,Q3,6,7,Sunday,True
13-Jul-14,2014,7,July,01-Jul-14,Q3,13,7,Sunday,True
20-Jul-14,2014,7,July,01-Jul-14,Q3,20,7,Sunday,True
27-Jul-14,2014,7,July,01-Jul-14,Q3,27,7,Sunday,True
05-Jul-15,2015,7,July,01-Jul-15,Q3,5,7,Sunday,True
12-Jul-15,2015,7,July,01-Jul-15,Q3,12,7,Sunday,True
19-Jul-15,2015,7,July,01-Jul-15,Q3,19,7,Sunday,True
26-Jul-15,2015,7,July,01-Jul-15,Q3,26,7,Sunday,True
03-Jul-16,2016,7,July,01-Jul-16,Q3,3,7,Sunday,True
10-Jul-16,2016,7,July,01-Jul-16,Q3,10,7,Sunday,True
17-Jul-16,2016,7,July,01-Jul-16,Q3,17,7,Sunday,True
24-Jul-16,2016,7,July,01-Jul-16,Q3,24,7,Sunday,True
31-Jul-16,2016,7,July,01-Jul-16,Q3,31,7,Sunday,True
02-Jul-17,2017,7,July,01-Jul-17,Q3,2,7,Sunday,True
09-Jul-17,2017,7,July,01-Jul-17,Q3,9,7,Sunday,True
16-Jul-17,2017,7,July,01-Jul-17,Q3,16,7,Sunday,True
23-Jul-17,2017,7,July,01-Jul-17,Q3,23,7,Sunday,True
30-Jul-17,2017,7,July,01-Jul-17,Q3,30,7,Sunday,True
01-Jul-18,2018,7,July,01-Jul-18,Q3,1,7,Sunday,True
08-Jul-18,2018,7,July,01-Jul-18,Q3,8,7,Sunday,True
15-Jul-18,2018,7,July,01-Jul-18,Q3,15,7,Sunday,True
22-Jul-18,2018,7,July,01-Jul-18,Q3,22,7,Sunday,True
29-Jul-18,2018,7,July,01-Jul-18,Q3,29,7,Sunday,True
07-Jul-19,2019,7,July,01-Jul-19,Q3,7,7,Sunday,True
14-Jul-19,2019,7,July,01-Jul-19,Q3,14,7,Sunday,True
21-Jul-19,2019,7,July,01-Jul-19,Q3,21,7,Sunday,True
28-Jul-19,2019,7,July,01-Jul-19,Q3,28,7,Sunday,True
05-Jul-20,2020,7,July,01-Jul-20,Q3,5,7,Sunday,True
12-Jul-20,2020,7,July,01-Jul-20,Q3,12,7,Sunday,True
19-Jul-20,2020,7,July,01-Jul-20,Q3,19,7,Sunday,True
26-Jul-20,2020,7,July,01-Jul-20,Q3,26,7,Sunday,True
04-Jul-21,2021,7,July,01-Jul-21,Q3,4,7,Sunday,True
11-Jul-21,2021,7,July,01-Jul-21,Q3,11,7,Sunday,True
18-Jul-21,2021,7,July,01-Jul-21,Q3,18,7,Sunday,True
25-Jul-21,2021,7,July,01-Jul-21,Q3,25,7,Sunday,True
03-Jul-22,2022,7,July,01-Jul-22,Q3,3,7,Sunday,True
10-Jul-22,2022,7,July,01-Jul-22,Q3,10,7,Sunday,True
17-Jul-22,2022,7,July,01-Jul-22,Q3,17,7,Sunday,True
24-Jul-22,2022,7,July,01-Jul-22,Q3,24,7,Sunday,True
31-Jul-22,2022,7,July,01-Jul-22,Q3,31,7,Sunday,True
02-Jul-23,2023,7,July,01-Jul-23,Q3,2,7,Sunday,True
09-Jul-23,2023,7,July,01-Jul-23,Q3,9,7,Sunday,True
16-Jul-23,2023,7,July,01-Jul-23,Q3,16,7,Sunday,True
23-Jul-23,2023,7,July,01-Jul-23,Q3,23,7,Sunday,True
30-Jul-23,2023,7,July,01-Jul-23,Q3,30,7,Sunday,True
07-Jul-24,2024,7,July,01-Jul-24,Q3,7,7,Sunday,True
14-Jul-24,2024,7,July,01-Jul-24,Q3,14,7,Sunday,True
21-Jul-24,2024,7,July,01-Jul-24,Q3,21,7,Sunday,True
28-Jul-24,2024,7,July,01-Jul-24,Q3,28,7,Sunday,True
06-Jul-25,2025,7,July,01-Jul-25,Q3,6,7,Sunday,True
13-Jul-25,2025,7,July,01-Jul-25,Q3,13,7,Sunday,True
20-Jul-25,2025,7,July,01-Jul-25,Q3,20,7,Sunday,True
27-Jul-25,2025,7,July,01-Jul-25,Q3,27,7,Sunday,True
05-Jul-26,2026,7,July,01-Jul-26,Q3,5,7,Sunday,True
12-Jul-26,2026,7,July,01-Jul-26,Q3,12,7,Sunday,True
19-Jul-26,2026,7,July,01-Jul-26,Q3,19,7,Sunday,True
26-Jul-26,2026,7,July,01-Jul-26,Q3,26,7,Sunday,True
04-Jul-27,2027,7,July,01-Jul-27,Q3,4,7,Sunday,True
11-Jul-27,2027,7,July,01-Jul-27,Q3,11,7,Sunday,True
18-Jul-27,2027,7,July,01-Jul-27,Q3,18,7,Sunday,True
25-Jul-27,2027,7,July,01-Jul-27,Q3,25,7,Sunday,True
02-Jul-28,2028,7,July,01-Jul-28,Q3,2,7,Sunday,True
09-Jul-28,2028,7,July,01-Jul-28,Q3,9,7,Sunday,True
16-Jul-28,2028,7,July,01-Jul-28,Q3,16,7,Sunday,True
23-Jul-28,2028,7,July,01-Jul-28,Q3,23,7,Sunday,True
30-Jul-28,2028,7,July,01-Jul-28,Q3,30,7,Sunday,True
01-Aug-10,2010,8,August,01-Aug-10,Q3,1,7,Sunday,True
08-Aug-10,2010,8,August,01-Aug-10,Q3,8,7,Sunday,True
15-Aug-10,2010,8,August,01-Aug-10,Q3,15,7,Sunday,True
22-Aug-10,2010,8,August,01-Aug-10,Q3,22,7,Sunday,True
29-Aug-10,2010,8,August,01-Aug-10,Q3,29,7,Sunday,True
07-Aug-11,2011,8,August,01-Aug-11,Q3,7,7,Sunday,True
14-Aug-11,2011,8,August,01-Aug-11,Q3,14,7,Sunday,True
21-Aug-11,2011,8,August,01-Aug-11,Q3,21,7,Sunday,True
28-Aug-11,2011,8,August,01-Aug-11,Q3,28,7,Sunday,True
05-Aug-12,2012,8,August,01-Aug-12,Q3,5,7,Sunday,True
12-Aug-12,2012,8,August,01-Aug-12,Q3,12,7,Sunday,True
19-Aug-12,2012,8,August,01-Aug-12,Q3,19,7,Sunday,True
26-Aug-12,2012,8,August,01-Aug-12,Q3,26,7,Sunday,True
04-Aug-13,2013,8,August,01-Aug-13,Q3,4,7,Sunday,True
11-Aug-13,2013,8,August,01-Aug-13,Q3,11,7,Sunday,True
18-Aug-13,2013,8,August,01-Aug-13,Q3,18,7,Sunday,True
25-Aug-13,2013,8,August,01-Aug-13,Q3,25,7,Sunday,True
03-Aug-14,2014,8,August,01-Aug-14,Q3,3,7,Sunday,True
10-Aug-14,2014,8,August,01-Aug-14,Q3,10,7,Sunday,True
17-Aug-14,2014,8,August,01-Aug-14,Q3,17,7,Sunday,True
24-Aug-14,2014,8,August,01-Aug-14,Q3,24,7,Sunday,True
31-Aug-14,2014,8,August,01-Aug-14,Q3,31,7,Sunday,True
02-Aug-15,2015,8,August,01-Aug-15,Q3,2,7,Sunday,True
09-Aug-15,2015,8,August,01-Aug-15,Q3,9,7,Sunday,True
16-Aug-15,2015,8,August,01-Aug-15,Q3,16,7,Sunday,True
23-Aug-15,2015,8,August,01-Aug-15,Q3,23,7,Sunday,True
30-Aug-15,2015,8,August,01-Aug-15,Q3,30,7,Sunday,True
07-Aug-16,2016,8,August,01-Aug-16,Q3,7,7,Sunday,True
14-Aug-16,2016,8,August,01-Aug-16,Q3,14,7,Sunday,True
21-Aug-16,2016,8,August,01-Aug-16,Q3,21,7,Sunday,True
28-Aug-16,2016,8,August,01-Aug-16,Q3,28,7,Sunday,True
06-Aug-17,2017,8,August,01-Aug-17,Q3,6,7,Sunday,True
13-Aug-17,2017,8,August,01-Aug-17,Q3,13,7,Sunday,True
20-Aug-17,2017,8,August,01-Aug-17,Q3,20,7,Sunday,True
27-Aug-17,2017,8,August,01-Aug-17,Q3,27,7,Sunday,True
05-Aug-18,2018,8,August,01-Aug-18,Q3,5,7,Sunday,True
12-Aug-18,2018,8,August,01-Aug-18,Q3,12,7,Sunday,True
19-Aug-18,2018,8,August,01-Aug-18,Q3,19,7,Sunday,True
26-Aug-18,2018,8,August,01-Aug-18,Q3,26,7,Sunday,True
04-Aug-19,2019,8,August,01-Aug-19,Q3,4,7,Sunday,True
11-Aug-19,2019,8,August,01-Aug-19,Q3,11,7,Sunday,True
18-Aug-19,2019,8,August,01-Aug-19,Q3,18,7,Sunday,True
25-Aug-19,2019,8,August,01-Aug-19,Q3,25,7,Sunday,True
02-Aug-20,2020,8,August,01-Aug-20,Q3,2,7,Sunday,True
09-Aug-20,2020,8,August,01-Aug-20,Q3,9,7,Sunday,True
16-Aug-20,2020,8,August,01-Aug-20,Q3,16,7,Sunday,True
23-Aug-20,2020,8,August,01-Aug-20,Q3,23,7,Sunday,True
30-Aug-20,2020,8,August,01-Aug-20,Q3,30,7,Sunday,True
01-Aug-21,2021,8,August,01-Aug-21,Q3,1,7,Sunday,True
08-Aug-21,2021,8,August,01-Aug-21,Q3,8,7,Sunday,True
15-Aug-21,2021,8,August,01-Aug-21,Q3,15,7,Sunday,True
22-Aug-21,2021,8,August,01-Aug-21,Q3,22,7,Sunday,True
29-Aug-21,2021,8,August,01-Aug-21,Q3,29,7,Sunday,True
07-Aug-22,2022,8,August,01-Aug-22,Q3,7,7,Sunday,True
14-Aug-22,2022,8,August,01-Aug-22,Q3,14,7,Sunday,True
21-Aug-22,2022,8,August,01-Aug-22,Q3,21,7,Sunday,True
28-Aug-22,2022,8,August,01-Aug-22,Q3,28,7,Sunday,True
06-Aug-23,2023,8,August,01-Aug-23,Q3,6,7,Sunday,True
13-Aug-23,2023,8,August,01-Aug-23,Q3,13,7,Sunday,True
20-Aug-23,2023,8,August,01-Aug-23,Q3,20,7,Sunday,True
27-Aug-23,2023,8,August,01-Aug-23,Q3,27,7,Sunday,True
04-Aug-24,2024,8,August,01-Aug-24,Q3,4,7,Sunday,True
11-Aug-24,2024,8,August,01-Aug-24,Q3,11,7,Sunday,True
18-Aug-24,2024,8,August,01-Aug-24,Q3,18,7,Sunday,True
25-Aug-24,2024,8,August,01-Aug-24,Q3,25,7,Sunday,True
03-Aug-25,2025,8,August,01-Aug-25,Q3,3,7,Sunday,True
10-Aug-25,2025,8,August,01-Aug-25,Q3,10,7,Sunday,True
17-Aug-25,2025,8,August,01-Aug-25,Q3,17,7,Sunday,True
24-Aug-25,2025,8,August,01-Aug-25,Q3,24,7,Sunday,True
31-Aug-25,2025,8,August,01-Aug-25,Q3,31,7,Sunday,True
02-Aug-26,2026,8,August,01-Aug-26,Q3,2,7,Sunday,True
09-Aug-26,2026,8,August,01-Aug-26,Q3,9,7,Sunday,True
16-Aug-26,2026,8,August,01-Aug-26,Q3,16,7,Sunday,True
23-Aug-26,2026,8,August,01-Aug-26,Q3,23,7,Sunday,True
30-Aug-26,2026,8,August,01-Aug-26,Q3,30,7,Sunday,True
01-Aug-27,2027,8,August,01-Aug-27,Q3,1,7,Sunday,True
08-Aug-27,2027,8,August,01-Aug-27,Q3,8,7,Sunday,True
15-Aug-27,2027,8,August,01-Aug-27,Q3,15,7,Sunday,True
22-Aug-27,2027,8,August,01-Aug-27,Q3,22,7,Sunday,True
29-Aug-27,2027,8,August,01-Aug-27,Q3,29,7,Sunday,True
06-Aug-28,2028,8,August,01-Aug-28,Q3,6,7,Sunday,True
13-Aug-28,2028,8,August,01-Aug-28,Q3,13,7,Sunday,True
20-Aug-28,2028,8,August,01-Aug-28,Q3,20,7,Sunday,True
27-Aug-28,2028,8,August,01-Aug-28,Q3,27,7,Sunday,True
05-Sep-10,2010,9,September,01-Sep-10,Q3,5,7,Sunday,True
12-Sep-10,2010,9,September,01-Sep-10,Q3,12,7,Sunday,True
19-Sep-10,2010,9,September,01-Sep-10,Q3,19,7,Sunday,True
26-Sep-10,2010,9,September,01-Sep-10,Q3,26,7,Sunday,True
04-Sep-11,2011,9,September,01-Sep-11,Q3,4,7,Sunday,True
11-Sep-11,2011,9,September,01-Sep-11,Q3,11,7,Sunday,True
18-Sep-11,2011,9,September,01-Sep-11,Q3,18,7,Sunday,True
25-Sep-11,2011,9,September,01-Sep-11,Q3,25,7,Sunday,True
02-Sep-12,2012,9,September,01-Sep-12,Q3,2,7,Sunday,True
09-Sep-12,2012,9,September,01-Sep-12,Q3,9,7,Sunday,True
16-Sep-12,2012,9,September,01-Sep-12,Q3,16,7,Sunday,True
23-Sep-12,2012,9,September,01-Sep-12,Q3,23,7,Sunday,True
30-Sep-12,2012,9,September,01-Sep-12,Q3,30,7,Sunday,True
01-Sep-13,2013,9,September,01-Sep-13,Q3,1,7,Sunday,True
08-Sep-13,2013,9,September,01-Sep-13,Q3,8,7,Sunday,True
15-Sep-13,2013,9,September,01-Sep-13,Q3,15,7,Sunday,True
22-Sep-13,2013,9,September,01-Sep-13,Q3,22,7,Sunday,True
29-Sep-13,2013,9,September,01-Sep-13,Q3,29,7,Sunday,True
07-Sep-14,2014,9,September,01-Sep-14,Q3,7,7,Sunday,True
14-Sep-14,2014,9,September,01-Sep-14,Q3,14,7,Sunday,True
21-Sep-14,2014,9,September,01-Sep-14,Q3,21,7,Sunday,True
28-Sep-14,2014,9,September,01-Sep-14,Q3,28,7,Sunday,True
06-Sep-15,2015,9,September,01-Sep-15,Q3,6,7,Sunday,True
13-Sep-15,2015,9,September,01-Sep-15,Q3,13,7,Sunday,True
20-Sep-15,2015,9,September,01-Sep-15,Q3,20,7,Sunday,True
27-Sep-15,2015,9,September,01-Sep-15,Q3,27,7,Sunday,True
04-Sep-16,2016,9,September,01-Sep-16,Q3,4,7,Sunday,True
11-Sep-16,2016,9,September,01-Sep-16,Q3,11,7,Sunday,True
18-Sep-16,2016,9,September,01-Sep-16,Q3,18,7,Sunday,True
25-Sep-16,2016,9,September,01-Sep-16,Q3,25,7,Sunday,True
03-Sep-17,2017,9,September,01-Sep-17,Q3,3,7,Sunday,True
10-Sep-17,2017,9,September,01-Sep-17,Q3,10,7,Sunday,True
17-Sep-17,2017,9,September,01-Sep-17,Q3,17,7,Sunday,True
24-Sep-17,2017,9,September,01-Sep-17,Q3,24,7,Sunday,True
02-Sep-18,2018,9,September,01-Sep-18,Q3,2,7,Sunday,True
09-Sep-18,2018,9,September,01-Sep-18,Q3,9,7,Sunday,True
16-Sep-18,2018,9,September,01-Sep-18,Q3,16,7,Sunday,True
23-Sep-18,2018,9,September,01-Sep-18,Q3,23,7,Sunday,True
30-Sep-18,2018,9,September,01-Sep-18,Q3,30,7,Sunday,True
01-Sep-19,2019,9,September,01-Sep-19,Q3,1,7,Sunday,True
08-Sep-19,2019,9,September,01-Sep-19,Q3,8,7,Sunday,True
15-Sep-19,2019,9,September,01-Sep-19,Q3,15,7,Sunday,True
22-Sep-19,2019,9,September,01-Sep-19,Q3,22,7,Sunday,True
29-Sep-19,2019,9,September,01-Sep-19,Q3,29,7,Sunday,True
06-Sep-20,2020,9,September,01-Sep-20,Q3,6,7,Sunday,True
13-Sep-20,2020,9,September,01-Sep-20,Q3,13,7,Sunday,True
20-Sep-20,2020,9,September,01-Sep-20,Q3,20,7,Sunday,True
27-Sep-20,2020,9,September,01-Sep-20,Q3,27,7,Sunday,True
05-Sep-21,2021,9,September,01-Sep-21,Q3,5,7,Sunday,True
12-Sep-21,2021,9,September,01-Sep-21,Q3,12,7,Sunday,True
19-Sep-21,2021,9,September,01-Sep-21,Q3,19,7,Sunday,True
26-Sep-21,2021,9,September,01-Sep-21,Q3,26,7,Sunday,True
04-Sep-22,2022,9,September,01-Sep-22,Q3,4,7,Sunday,True
11-Sep-22,2022,9,September,01-Sep-22,Q3,11,7,Sunday,True
18-Sep-22,2022,9,September,01-Sep-22,Q3,18,7,Sunday,True
25-Sep-22,2022,9,September,01-Sep-22,Q3,25,7,Sunday,True
03-Sep-23,2023,9,September,01-Sep-23,Q3,3,7,Sunday,True
10-Sep-23,2023,9,September,01-Sep-23,Q3,10,7,Sunday,True
17-Sep-23,2023,9,September,01-Sep-23,Q3,17,7,Sunday,True
24-Sep-23,2023,9,September,01-Sep-23,Q3,24,7,Sunday,True
01-Sep-24,2024,9,September,01-Sep-24,Q3,1,7,Sunday,True
08-Sep-24,2024,9,September,01-Sep-24,Q3,8,7,Sunday,True
15-Sep-24,2024,9,September,01-Sep-24,Q3,15,7,Sunday,True
22-Sep-24,2024,9,September,01-Sep-24,Q3,22,7,Sunday,True
29-Sep-24,2024,9,September,01-Sep-24,Q3,29,7,Sunday,True
07-Sep-25,2025,9,September,01-Sep-25,Q3,7,7,Sunday,True
14-Sep-25,2025,9,September,01-Sep-25,Q3,14,7,Sunday,True
21-Sep-25,2025,9,September,01-Sep-25,Q3,21,7,Sunday,True
28-Sep-25,2025,9,September,01-Sep-25,Q3,28,7,Sunday,True
06-Sep-26,2026,9,September,01-Sep-26,Q3,6,7,Sunday,True
13-Sep-26,2026,9,September,01-Sep-26,Q3,13,7,Sunday,True
20-Sep-26,2026,9,September,01-Sep-26,Q3,20,7,Sunday,True
27-Sep-26,2026,9,September,01-Sep-26,Q3,27,7,Sunday,True
05-Sep-27,2027,9,September,01-Sep-27,Q3,5,7,Sunday,True
12-Sep-27,2027,9,September,01-Sep-27,Q3,12,7,Sunday,True
19-Sep-27,2027,9,September,01-Sep-27,Q3,19,7,Sunday,True
26-Sep-27,2027,9,September,01-Sep-27,Q3,26,7,Sunday,True
03-Sep-28,2028,9,September,01-Sep-28,Q3,3,7,Sunday,True
10-Sep-28,2028,9,September,01-Sep-28,Q3,10,7,Sunday,True
17-Sep-28,2028,9,September,01-Sep-28,Q3,17,7,Sunday,True
24-Sep-28,2028,9,September,01-Sep-28,Q3,24,7,Sunday,True
04-Sep-10,2010,9,September,01-Sep-10,Q3,4,6,Saturday,True
11-Sep-10,2010,9,September,01-Sep-10,Q3,11,6,Saturday,True
18-Sep-10,2010,9,September,01-Sep-10,Q3,18,6,Saturday,True
25-Sep-10,2010,9,September,01-Sep-10,Q3,25,6,Saturday,True
03-Sep-11,2011,9,September,01-Sep-11,Q3,3,6,Saturday,True
10-Sep-11,2011,9,September,01-Sep-11,Q3,10,6,Saturday,True
17-Sep-11,2011,9,September,01-Sep-11,Q3,17,6,Saturday,True
24-Sep-11,2011,9,September,01-Sep-11,Q3,24,6,Saturday,True
01-Sep-12,2012,9,September,01-Sep-12,Q3,1,6,Saturday,True
08-Sep-12,2012,9,September,01-Sep-12,Q3,8,6,Saturday,True
15-Sep-12,2012,9,September,01-Sep-12,Q3,15,6,Saturday,True
22-Sep-12,2012,9,September,01-Sep-12,Q3,22,6,Saturday,True
29-Sep-12,2012,9,September,01-Sep-12,Q3,29,6,Saturday,True
07-Sep-13,2013,9,September,01-Sep-13,Q3,7,6,Saturday,True
14-Sep-13,2013,9,September,01-Sep-13,Q3,14,6,Saturday,True
21-Sep-13,2013,9,September,01-Sep-13,Q3,21,6,Saturday,True
28-Sep-13,2013,9,September,01-Sep-13,Q3,28,6,Saturday,True
06-Sep-14,2014,9,September,01-Sep-14,Q3,6,6,Saturday,True
13-Sep-14,2014,9,September,01-Sep-14,Q3,13,6,Saturday,True
20-Sep-14,2014,9,September,01-Sep-14,Q3,20,6,Saturday,True
27-Sep-14,2014,9,September,01-Sep-14,Q3,27,6,Saturday,True
05-Sep-15,2015,9,September,01-Sep-15,Q3,5,6,Saturday,True
12-Sep-15,2015,9,September,01-Sep-15,Q3,12,6,Saturday,True
19-Sep-15,2015,9,September,01-Sep-15,Q3,19,6,Saturday,True
26-Sep-15,2015,9,September,01-Sep-15,Q3,26,6,Saturday,True
03-Sep-16,2016,9,September,01-Sep-16,Q3,3,6,Saturday,True
10-Sep-16,2016,9,September,01-Sep-16,Q3,10,6,Saturday,True
17-Sep-16,2016,9,September,01-Sep-16,Q3,17,6,Saturday,True
24-Sep-16,2016,9,September,01-Sep-16,Q3,24,6,Saturday,True
02-Sep-17,2017,9,September,01-Sep-17,Q3,2,6,Saturday,True
09-Sep-17,2017,9,September,01-Sep-17,Q3,9,6,Saturday,True
16-Sep-17,2017,9,September,01-Sep-17,Q3,16,6,Saturday,True
23-Sep-17,2017,9,September,01-Sep-17,Q3,23,6,Saturday,True
30-Sep-17,2017,9,September,01-Sep-17,Q3,30,6,Saturday,True
01-Sep-18,2018,9,September,01-Sep-18,Q3,1,6,Saturday,True
08-Sep-18,2018,9,September,01-Sep-18,Q3,8,6,Saturday,True
15-Sep-18,2018,9,September,01-Sep-18,Q3,15,6,Saturday,True
22-Sep-18,2018,9,September,01-Sep-18,Q3,22,6,Saturday,True
29-Sep-18,2018,9,September,01-Sep-18,Q3,29,6,Saturday,True
07-Sep-19,2019,9,September,01-Sep-19,Q3,7,6,Saturday,True
14-Sep-19,2019,9,September,01-Sep-19,Q3,14,6,Saturday,True
21-Sep-19,2019,9,September,01-Sep-19,Q3,21,6,Saturday,True
28-Sep-19,2019,9,September,01-Sep-19,Q3,28,6,Saturday,True
05-Sep-20,2020,9,September,01-Sep-20,Q3,5,6,Saturday,True
12-Sep-20,2020,9,September,01-Sep-20,Q3,12,6,Saturday,True
19-Sep-20,2020,9,September,01-Sep-20,Q3,19,6,Saturday,True
26-Sep-20,2020,9,September,01-Sep-20,Q3,26,6,Saturday,True
04-Sep-21,2021,9,September,01-Sep-21,Q3,4,6,Saturday,True
11-Sep-21,2021,9,September,01-Sep-21,Q3,11,6,Saturday,True
18-Sep-21,2021,9,September,01-Sep-21,Q3,18,6,Saturday,True
25-Sep-21,2021,9,September,01-Sep-21,Q3,25,6,Saturday,True
03-Sep-22,2022,9,September,01-Sep-22,Q3,3,6,Saturday,True
10-Sep-22,2022,9,September,01-Sep-22,Q3,10,6,Saturday,True
17-Sep-22,2022,9,September,01-Sep-22,Q3,17,6,Saturday,True
24-Sep-22,2022,9,September,01-Sep-22,Q3,24,6,Saturday,True
02-Sep-23,2023,9,September,01-Sep-23,Q3,2,6,Saturday,True
09-Sep-23,2023,9,September,01-Sep-23,Q3,9,6,Saturday,True
16-Sep-23,2023,9,September,01-Sep-23,Q3,16,6,Saturday,True
23-Sep-23,2023,9,September,01-Sep-23,Q3,23,6,Saturday,True
30-Sep-23,2023,9,September,01-Sep-23,Q3,30,6,Saturday,True
07-Sep-24,2024,9,September,01-Sep-24,Q3,7,6,Saturday,True
14-Sep-24,2024,9,September,01-Sep-24,Q3,14,6,Saturday,True
21-Sep-24,2024,9,September,01-Sep-24,Q3,21,6,Saturday,True
28-Sep-24,2024,9,September,01-Sep-24,Q3,28,6,Saturday,True
06-Sep-25,2025,9,September,01-Sep-25,Q3,6,6,Saturday,True
13-Sep-25,2025,9,September,01-Sep-25,Q3,13,6,Saturday,True
20-Sep-25,2025,9,September,01-Sep-25,Q3,20,6,Saturday,True
27-Sep-25,2025,9,September,01-Sep-25,Q3,27,6,Saturday,True
05-Sep-26,2026,9,September,01-Sep-26,Q3,5,6,Saturday,True
12-Sep-26,2026,9,September,01-Sep-26,Q3,12,6,Saturday,True
19-Sep-26,2026,9,September,01-Sep-26,Q3,19,6,Saturday,True
26-Sep-26,2026,9,September,01-Sep-26,Q3,26,6,Saturday,True
04-Sep-27,2027,9,September,01-Sep-27,Q3,4,6,Saturday,True
11-Sep-27,2027,9,September,01-Sep-27,Q3,11,6,Saturday,True
18-Sep-27,2027,9,September,01-Sep-27,Q3,18,6,Saturday,True
25-Sep-27,2027,9,September,01-Sep-27,Q3,25,6,Saturday,True
02-Sep-28,2028,9,September,01-Sep-28,Q3,2,6,Saturday,True
09-Sep-28,2028,9,September,01-Sep-28,Q3,9,6,Saturday,True
16-Sep-28,2028,9,September,01-Sep-28,Q3,16,6,Saturday,True
23-Sep-28,2028,9,September,01-Sep-28,Q3,23,6,Saturday,True
30-Sep-28,2028,9,September,01-Sep-28,Q3,30,6,Saturday,True
07-Aug-10,2010,8,August,01-Aug-10,Q3,7,6,Saturday,True
14-Aug-10,2010,8,August,01-Aug-10,Q3,14,6,Saturday,True
21-Aug-10,2010,8,August,01-Aug-10,Q3,21,6,Saturday,True
28-Aug-10,2010,8,August,01-Aug-10,Q3,28,6,Saturday,True
06-Aug-11,2011,8,August,01-Aug-11,Q3,6,6,Saturday,True
13-Aug-11,2011,8,August,01-Aug-11,Q3,13,6,Saturday,True
20-Aug-11,2011,8,August,01-Aug-11,Q3,20,6,Saturday,True
27-Aug-11,2011,8,August,01-Aug-11,Q3,27,6,Saturday,True
04-Aug-12,2012,8,August,01-Aug-12,Q3,4,6,Saturday,True
11-Aug-12,2012,8,August,01-Aug-12,Q3,11,6,Saturday,True
18-Aug-12,2012,8,August,01-Aug-12,Q3,18,6,Saturday,True
25-Aug-12,2012,8,August,01-Aug-12,Q3,25,6,Saturday,True
03-Aug-13,2013,8,August,01-Aug-13,Q3,3,6,Saturday,True
10-Aug-13,2013,8,August,01-Aug-13,Q3,10,6,Saturday,True
17-Aug-13,2013,8,August,01-Aug-13,Q3,17,6,Saturday,True
24-Aug-13,2013,8,August,01-Aug-13,Q3,24,6,Saturday,True
31-Aug-13,2013,8,August,01-Aug-13,Q3,31,6,Saturday,True
02-Aug-14,2014,8,August,01-Aug-14,Q3,2,6,Saturday,True
09-Aug-14,2014,8,August,01-Aug-14,Q3,9,6,Saturday,True
16-Aug-14,2014,8,August,01-Aug-14,Q3,16,6,Saturday,True
23-Aug-14,2014,8,August,01-Aug-14,Q3,23,6,Saturday,True
30-Aug-14,2014,8,August,01-Aug-14,Q3,30,6,Saturday,True
01-Aug-15,2015,8,August,01-Aug-15,Q3,1,6,Saturday,True
08-Aug-15,2015,8,August,01-Aug-15,Q3,8,6,Saturday,True
15-Aug-15,2015,8,August,01-Aug-15,Q3,15,6,Saturday,True
22-Aug-15,2015,8,August,01-Aug-15,Q3,22,6,Saturday,True
29-Aug-15,2015,8,August,01-Aug-15,Q3,29,6,Saturday,True
06-Aug-16,2016,8,August,01-Aug-16,Q3,6,6,Saturday,True
13-Aug-16,2016,8,August,01-Aug-16,Q3,13,6,Saturday,True
20-Aug-16,2016,8,August,01-Aug-16,Q3,20,6,Saturday,True
27-Aug-16,2016,8,August,01-Aug-16,Q3,27,6,Saturday,True
05-Aug-17,2017,8,August,01-Aug-17,Q3,5,6,Saturday,True
12-Aug-17,2017,8,August,01-Aug-17,Q3,12,6,Saturday,True
19-Aug-17,2017,8,August,01-Aug-17,Q3,19,6,Saturday,True
26-Aug-17,2017,8,August,01-Aug-17,Q3,26,6,Saturday,True
04-Aug-18,2018,8,August,01-Aug-18,Q3,4,6,Saturday,True
11-Aug-18,2018,8,August,01-Aug-18,Q3,11,6,Saturday,True
18-Aug-18,2018,8,August,01-Aug-18,Q3,18,6,Saturday,True
25-Aug-18,2018,8,August,01-Aug-18,Q3,25,6,Saturday,True
03-Aug-19,2019,8,August,01-Aug-19,Q3,3,6,Saturday,True
10-Aug-19,2019,8,August,01-Aug-19,Q3,10,6,Saturday,True
17-Aug-19,2019,8,August,01-Aug-19,Q3,17,6,Saturday,True
24-Aug-19,2019,8,August,01-Aug-19,Q3,24,6,Saturday,True
31-Aug-19,2019,8,August,01-Aug-19,Q3,31,6,Saturday,True
01-Aug-20,2020,8,August,01-Aug-20,Q3,1,6,Saturday,True
08-Aug-20,2020,8,August,01-Aug-20,Q3,8,6,Saturday,True
15-Aug-20,2020,8,August,01-Aug-20,Q3,15,6,Saturday,True
22-Aug-20,2020,8,August,01-Aug-20,Q3,22,6,Saturday,True
29-Aug-20,2020,8,August,01-Aug-20,Q3,29,6,Saturday,True
07-Aug-21,2021,8,August,01-Aug-21,Q3,7,6,Saturday,True
14-Aug-21,2021,8,August,01-Aug-21,Q3,14,6,Saturday,True
21-Aug-21,2021,8,August,01-Aug-21,Q3,21,6,Saturday,True
28-Aug-21,2021,8,August,01-Aug-21,Q3,28,6,Saturday,True
06-Aug-22,2022,8,August,01-Aug-22,Q3,6,6,Saturday,True
13-Aug-22,2022,8,August,01-Aug-22,Q3,13,6,Saturday,True
20-Aug-22,2022,8,August,01-Aug-22,Q3,20,6,Saturday,True
27-Aug-22,2022,8,August,01-Aug-22,Q3,27,6,Saturday,True
05-Aug-23,2023,8,August,01-Aug-23,Q3,5,6,Saturday,True
12-Aug-23,2023,8,August,01-Aug-23,Q3,12,6,Saturday,True
19-Aug-23,2023,8,August,01-Aug-23,Q3,19,6,Saturday,True
26-Aug-23,2023,8,August,01-Aug-23,Q3,26,6,Saturday,True
03-Aug-24,2024,8,August,01-Aug-24,Q3,3,6,Saturday,True
10-Aug-24,2024,8,August,01-Aug-24,Q3,10,6,Saturday,True
17-Aug-24,2024,8,August,01-Aug-24,Q3,17,6,Saturday,True
24-Aug-24,2024,8,August,01-Aug-24,Q3,24,6,Saturday,True
31-Aug-24,2024,8,August,01-Aug-24,Q3,31,6,Saturday,True
02-Aug-25,2025,8,August,01-Aug-25,Q3,2,6,Saturday,True
09-Aug-25,2025,8,August,01-Aug-25,Q3,9,6,Saturday,True
16-Aug-25,2025,8,August,01-Aug-25,Q3,16,6,Saturday,True
23-Aug-25,2025,8,August,01-Aug-25,Q3,23,6,Saturday,True
30-Aug-25,2025,8,August,01-Aug-25,Q3,30,6,Saturday,True
01-Aug-26,2026,8,August,01-Aug-26,Q3,1,6,Saturday,True
08-Aug-26,2026,8,August,01-Aug-26,Q3,8,6,Saturday,True
15-Aug-26,2026,8,August,01-Aug-26,Q3,15,6,Saturday,True
22-Aug-26,2026,8,August,01-Aug-26,Q3,22,6,Saturday,True
29-Aug-26,2026,8,August,01-Aug-26,Q3,29,6,Saturday,True
07-Aug-27,2027,8,August,01-Aug-27,Q3,7,6,Saturday,True
14-Aug-27,2027,8,August,01-Aug-27,Q3,14,6,Saturday,True
21-Aug-27,2027,8,August,01-Aug-27,Q3,21,6,Saturday,True
28-Aug-27,2027,8,August,01-Aug-27,Q3,28,6,Saturday,True
05-Aug-28,2028,8,August,01-Aug-28,Q3,5,6,Saturday,True
12-Aug-28,2028,8,August,01-Aug-28,Q3,12,6,Saturday,True
19-Aug-28,2028,8,August,01-Aug-28,Q3,19,6,Saturday,True
26-Aug-28,2028,8,August,01-Aug-28,Q3,26,6,Saturday,True
03-Jul-10,2010,7,July,01-Jul-10,Q3,3,6,Saturday,True
10-Jul-10,2010,7,July,01-Jul-10,Q3,10,6,Saturday,True
17-Jul-10,2010,7,July,01-Jul-10,Q3,17,6,Saturday,True
24-Jul-10,2010,7,July,01-Jul-10,Q3,24,6,Saturday,True
31-Jul-10,2010,7,July,01-Jul-10,Q3,31,6,Saturday,True
02-Jul-11,2011,7,July,01-Jul-11,Q3,2,6,Saturday,True
09-Jul-11,2011,7,July,01-Jul-11,Q3,9,6,Saturday,True
16-Jul-11,2011,7,July,01-Jul-11,Q3,16,6,Saturday,True
23-Jul-11,2011,7,July,01-Jul-11,Q3,23,6,Saturday,True
30-Jul-11,2011,7,July,01-Jul-11,Q3,30,6,Saturday,True
07-Jul-12,2012,7,July,01-Jul-12,Q3,7,6,Saturday,True
14-Jul-12,2012,7,July,01-Jul-12,Q3,14,6,Saturday,True
21-Jul-12,2012,7,July,01-Jul-12,Q3,21,6,Saturday,True
28-Jul-12,2012,7,July,01-Jul-12,Q3,28,6,Saturday,True
06-Jul-13,2013,7,July,01-Jul-13,Q3,6,6,Saturday,True
13-Jul-13,2013,7,July,01-Jul-13,Q3,13,6,Saturday,True
20-Jul-13,2013,7,July,01-Jul-13,Q3,20,6,Saturday,True
27-Jul-13,2013,7,July,01-Jul-13,Q3,27,6,Saturday,True
05-Jul-14,2014,7,July,01-Jul-14,Q3,5,6,Saturday,True
12-Jul-14,2014,7,July,01-Jul-14,Q3,12,6,Saturday,True
19-Jul-14,2014,7,July,01-Jul-14,Q3,19,6,Saturday,True
26-Jul-14,2014,7,July,01-Jul-14,Q3,26,6,Saturday,True
04-Jul-15,2015,7,July,01-Jul-15,Q3,4,6,Saturday,True
11-Jul-15,2015,7,July,01-Jul-15,Q3,11,6,Saturday,True
18-Jul-15,2015,7,July,01-Jul-15,Q3,18,6,Saturday,True
25-Jul-15,2015,7,July,01-Jul-15,Q3,25,6,Saturday,True
02-Jul-16,2016,7,July,01-Jul-16,Q3,2,6,Saturday,True
09-Jul-16,2016,7,July,01-Jul-16,Q3,9,6,Saturday,True
16-Jul-16,2016,7,July,01-Jul-16,Q3,16,6,Saturday,True
23-Jul-16,2016,7,July,01-Jul-16,Q3,23,6,Saturday,True
30-Jul-16,2016,7,July,01-Jul-16,Q3,30,6,Saturday,True
01-Jul-17,2017,7,July,01-Jul-17,Q3,1,6,Saturday,True
08-Jul-17,2017,7,July,01-Jul-17,Q3,8,6,Saturday,True
15-Jul-17,2017,7,July,01-Jul-17,Q3,15,6,Saturday,True
22-Jul-17,2017,7,July,01-Jul-17,Q3,22,6,Saturday,True
29-Jul-17,2017,7,July,01-Jul-17,Q3,29,6,Saturday,True
07-Jul-18,2018,7,July,01-Jul-18,Q3,7,6,Saturday,True
14-Jul-18,2018,7,July,01-Jul-18,Q3,14,6,Saturday,True
21-Jul-18,2018,7,July,01-Jul-18,Q3,21,6,Saturday,True
28-Jul-18,2018,7,July,01-Jul-18,Q3,28,6,Saturday,True
06-Jul-19,2019,7,July,01-Jul-19,Q3,6,6,Saturday,True
13-Jul-19,2019,7,July,01-Jul-19,Q3,13,6,Saturday,True
20-Jul-19,2019,7,July,01-Jul-19,Q3,20,6,Saturday,True
27-Jul-19,2019,7,July,01-Jul-19,Q3,27,6,Saturday,True
04-Jul-20,2020,7,July,01-Jul-20,Q3,4,6,Saturday,True
11-Jul-20,2020,7,July,01-Jul-20,Q3,11,6,Saturday,True
18-Jul-20,2020,7,July,01-Jul-20,Q3,18,6,Saturday,True
25-Jul-20,2020,7,July,01-Jul-20,Q3,25,6,Saturday,True
03-Jul-21,2021,7,July,01-Jul-21,Q3,3,6,Saturday,True
10-Jul-21,2021,7,July,01-Jul-21,Q3,10,6,Saturday,True
17-Jul-21,2021,7,July,01-Jul-21,Q3,17,6,Saturday,True
24-Jul-21,2021,7,July,01-Jul-21,Q3,24,6,Saturday,True
31-Jul-21,2021,7,July,01-Jul-21,Q3,31,6,Saturday,True
02-Jul-22,2022,7,July,01-Jul-22,Q3,2,6,Saturday,True
09-Jul-22,2022,7,July,01-Jul-22,Q3,9,6,Saturday,True
16-Jul-22,2022,7,July,01-Jul-22,Q3,16,6,Saturday,True
23-Jul-22,2022,7,July,01-Jul-22,Q3,23,6,Saturday,True
30-Jul-22,2022,7,July,01-Jul-22,Q3,30,6,Saturday,True
01-Jul-23,2023,7,July,01-Jul-23,Q3,1,6,Saturday,True
08-Jul-23,2023,7,July,01-Jul-23,Q3,8,6,Saturday,True
15-Jul-23,2023,7,July,01-Jul-23,Q3,15,6,Saturday,True
22-Jul-23,2023,7,July,01-Jul-23,Q3,22,6,Saturday,True
29-Jul-23,2023,7,July,01-Jul-23,Q3,29,6,Saturday,True
06-Jul-24,2024,7,July,01-Jul-24,Q3,6,6,Saturday,True
13-Jul-24,2024,7,July,01-Jul-24,Q3,13,6,Saturday,True
20-Jul-24,2024,7,July,01-Jul-24,Q3,20,6,Saturday,True
27-Jul-24,2024,7,July,01-Jul-24,Q3,27,6,Saturday,True
05-Jul-25,2025,7,July,01-Jul-25,Q3,5,6,Saturday,True
12-Jul-25,2025,7,July,01-Jul-25,Q3,12,6,Saturday,True
19-Jul-25,2025,7,July,01-Jul-25,Q3,19,6,Saturday,True
26-Jul-25,2025,7,July,01-Jul-25,Q3,26,6,Saturday,True
04-Jul-26,2026,7,July,01-Jul-26,Q3,4,6,Saturday,True
11-Jul-26,2026,7,July,01-Jul-26,Q3,11,6,Saturday,True
18-Jul-26,2026,7,July,01-Jul-26,Q3,18,6,Saturday,True
25-Jul-26,2026,7,July,01-Jul-26,Q3,25,6,Saturday,True
03-Jul-27,2027,7,July,01-Jul-27,Q3,3,6,Saturday,True
10-Jul-27,2027,7,July,01-Jul-27,Q3,10,6,Saturday,True
17-Jul-27,2027,7,July,01-Jul-27,Q3,17,6,Saturday,True
24-Jul-27,2027,7,July,01-Jul-27,Q3,24,6,Saturday,True
31-Jul-27,2027,7,July,01-Jul-27,Q3,31,6,Saturday,True
01-Jul-28,2028,7,July,01-Jul-28,Q3,1,6,Saturday,True
08-Jul-28,2028,7,July,01-Jul-28,Q3,8,6,Saturday,True
15-Jul-28,2028,7,July,01-Jul-28,Q3,15,6,Saturday,True
22-Jul-28,2028,7,July,01-Jul-28,Q3,22,6,Saturday,True
29-Jul-28,2028,7,July,01-Jul-28,Q3,29,6,Saturday,True
02-Oct-10,2010,10,October,01-Oct-10,Q4,2,6,Saturday,True
09-Oct-10,2010,10,October,01-Oct-10,Q4,9,6,Saturday,True
16-Oct-10,2010,10,October,01-Oct-10,Q4,16,6,Saturday,True
23-Oct-10,2010,10,October,01-Oct-10,Q4,23,6,Saturday,True
30-Oct-10,2010,10,October,01-Oct-10,Q4,30,6,Saturday,True
01-Oct-11,2011,10,October,01-Oct-11,Q4,1,6,Saturday,True
08-Oct-11,2011,10,October,01-Oct-11,Q4,8,6,Saturday,True
15-Oct-11,2011,10,October,01-Oct-11,Q4,15,6,Saturday,True
22-Oct-11,2011,10,October,01-Oct-11,Q4,22,6,Saturday,True
29-Oct-11,2011,10,October,01-Oct-11,Q4,29,6,Saturday,True
06-Oct-12,2012,10,October,01-Oct-12,Q4,6,6,Saturday,True
13-Oct-12,2012,10,October,01-Oct-12,Q4,13,6,Saturday,True
20-Oct-12,2012,10,October,01-Oct-12,Q4,20,6,Saturday,True
27-Oct-12,2012,10,October,01-Oct-12,Q4,27,6,Saturday,True
05-Oct-13,2013,10,October,01-Oct-13,Q4,5,6,Saturday,True
12-Oct-13,2013,10,October,01-Oct-13,Q4,12,6,Saturday,True
19-Oct-13,2013,10,October,01-Oct-13,Q4,19,6,Saturday,True
26-Oct-13,2013,10,October,01-Oct-13,Q4,26,6,Saturday,True
04-Oct-14,2014,10,October,01-Oct-14,Q4,4,6,Saturday,True
11-Oct-14,2014,10,October,01-Oct-14,Q4,11,6,Saturday,True
18-Oct-14,2014,10,October,01-Oct-14,Q4,18,6,Saturday,True
25-Oct-14,2014,10,October,01-Oct-14,Q4,25,6,Saturday,True
03-Oct-15,2015,10,October,01-Oct-15,Q4,3,6,Saturday,True
10-Oct-15,2015,10,October,01-Oct-15,Q4,10,6,Saturday,True
17-Oct-15,2015,10,October,01-Oct-15,Q4,17,6,Saturday,True
24-Oct-15,2015,10,October,01-Oct-15,Q4,24,6,Saturday,True
31-Oct-15,2015,10,October,01-Oct-15,Q4,31,6,Saturday,True
01-Oct-16,2016,10,October,01-Oct-16,Q4,1,6,Saturday,True
08-Oct-16,2016,10,October,01-Oct-16,Q4,8,6,Saturday,True
15-Oct-16,2016,10,October,01-Oct-16,Q4,15,6,Saturday,True
22-Oct-16,2016,10,October,01-Oct-16,Q4,22,6,Saturday,True
29-Oct-16,2016,10,October,01-Oct-16,Q4,29,6,Saturday,True
07-Oct-17,2017,10,October,01-Oct-17,Q4,7,6,Saturday,True
14-Oct-17,2017,10,October,01-Oct-17,Q4,14,6,Saturday,True
21-Oct-17,2017,10,October,01-Oct-17,Q4,21,6,Saturday,True
28-Oct-17,2017,10,October,01-Oct-17,Q4,28,6,Saturday,True
06-Oct-18,2018,10,October,01-Oct-18,Q4,6,6,Saturday,True
13-Oct-18,2018,10,October,01-Oct-18,Q4,13,6,Saturday,True
20-Oct-18,2018,10,October,01-Oct-18,Q4,20,6,Saturday,True
27-Oct-18,2018,10,October,01-Oct-18,Q4,27,6,Saturday,True
05-Oct-19,2019,10,October,01-Oct-19,Q4,5,6,Saturday,True
12-Oct-19,2019,10,October,01-Oct-19,Q4,12,6,Saturday,True
19-Oct-19,2019,10,October,01-Oct-19,Q4,19,6,Saturday,True
26-Oct-19,2019,10,October,01-Oct-19,Q4,26,6,Saturday,True
03-Oct-20,2020,10,October,01-Oct-20,Q4,3,6,Saturday,True
10-Oct-20,2020,10,October,01-Oct-20,Q4,10,6,Saturday,True
17-Oct-20,2020,10,October,01-Oct-20,Q4,17,6,Saturday,True
24-Oct-20,2020,10,October,01-Oct-20,Q4,24,6,Saturday,True
31-Oct-20,2020,10,October,01-Oct-20,Q4,31,6,Saturday,True
02-Oct-21,2021,10,October,01-Oct-21,Q4,2,6,Saturday,True
09-Oct-21,2021,10,October,01-Oct-21,Q4,9,6,Saturday,True
16-Oct-21,2021,10,October,01-Oct-21,Q4,16,6,Saturday,True
23-Oct-21,2021,10,October,01-Oct-21,Q4,23,6,Saturday,True
30-Oct-21,2021,10,October,01-Oct-21,Q4,30,6,Saturday,True
01-Oct-22,2022,10,October,01-Oct-22,Q4,1,6,Saturday,True
08-Oct-22,2022,10,October,01-Oct-22,Q4,8,6,Saturday,True
15-Oct-22,2022,10,October,01-Oct-22,Q4,15,6,Saturday,True
22-Oct-22,2022,10,October,01-Oct-22,Q4,22,6,Saturday,True
29-Oct-22,2022,10,October,01-Oct-22,Q4,29,6,Saturday,True
07-Oct-23,2023,10,October,01-Oct-23,Q4,7,6,Saturday,True
14-Oct-23,2023,10,October,01-Oct-23,Q4,14,6,Saturday,True
21-Oct-23,2023,10,October,01-Oct-23,Q4,21,6,Saturday,True
28-Oct-23,2023,10,October,01-Oct-23,Q4,28,6,Saturday,True
05-Oct-24,2024,10,October,01-Oct-24,Q4,5,6,Saturday,True
12-Oct-24,2024,10,October,01-Oct-24,Q4,12,6,Saturday,True
19-Oct-24,2024,10,October,01-Oct-24,Q4,19,6,Saturday,True
26-Oct-24,2024,10,October,01-Oct-24,Q4,26,6,Saturday,True
04-Oct-25,2025,10,October,01-Oct-25,Q4,4,6,Saturday,True
11-Oct-25,2025,10,October,01-Oct-25,Q4,11,6,Saturday,True
18-Oct-25,2025,10,October,01-Oct-25,Q4,18,6,Saturday,True
25-Oct-25,2025,10,October,01-Oct-25,Q4,25,6,Saturday,True
03-Oct-26,2026,10,October,01-Oct-26,Q4,3,6,Saturday,True
10-Oct-26,2026,10,October,01-Oct-26,Q4,10,6,Saturday,True
17-Oct-26,2026,10,October,01-Oct-26,Q4,17,6,Saturday,True
24-Oct-26,2026,10,October,01-Oct-26,Q4,24,6,Saturday,True
31-Oct-26,2026,10,October,01-Oct-26,Q4,31,6,Saturday,True
02-Oct-27,2027,10,October,01-Oct-27,Q4,2,6,Saturday,True
09-Oct-27,2027,10,October,01-Oct-27,Q4,9,6,Saturday,True
16-Oct-27,2027,10,October,01-Oct-27,Q4,16,6,Saturday,True
23-Oct-27,2027,10,October,01-Oct-27,Q4,23,6,Saturday,True
30-Oct-27,2027,10,October,01-Oct-27,Q4,30,6,Saturday,True
07-Oct-28,2028,10,October,01-Oct-28,Q4,7,6,Saturday,True
14-Oct-28,2028,10,October,01-Oct-28,Q4,14,6,Saturday,True
21-Oct-28,2028,10,October,01-Oct-28,Q4,21,6,Saturday,True
28-Oct-28,2028,10,October,01-Oct-28,Q4,28,6,Saturday,True
04-Dec-10,2010,12,December,01-Dec-10,Q4,4,6,Saturday,True
11-Dec-10,2010,12,December,01-Dec-10,Q4,11,6,Saturday,True
18-Dec-10,2010,12,December,01-Dec-10,Q4,18,6,Saturday,True
25-Dec-10,2010,12,December,01-Dec-10,Q4,25,6,Saturday,True
03-Dec-11,2011,12,December,01-Dec-11,Q4,3,6,Saturday,True
10-Dec-11,2011,12,December,01-Dec-11,Q4,10,6,Saturday,True
17-Dec-11,2011,12,December,01-Dec-11,Q4,17,6,Saturday,True
24-Dec-11,2011,12,December,01-Dec-11,Q4,24,6,Saturday,True
31-Dec-11,2011,12,December,01-Dec-11,Q4,31,6,Saturday,True
01-Dec-12,2012,12,December,01-Dec-12,Q4,1,6,Saturday,True
08-Dec-12,2012,12,December,01-Dec-12,Q4,8,6,Saturday,True
15-Dec-12,2012,12,December,01-Dec-12,Q4,15,6,Saturday,True
22-Dec-12,2012,12,December,01-Dec-12,Q4,22,6,Saturday,True
29-Dec-12,2012,12,December,01-Dec-12,Q4,29,6,Saturday,True
07-Dec-13,2013,12,December,01-Dec-13,Q4,7,6,Saturday,True
14-Dec-13,2013,12,December,01-Dec-13,Q4,14,6,Saturday,True
21-Dec-13,2013,12,December,01-Dec-13,Q4,21,6,Saturday,True
28-Dec-13,2013,12,December,01-Dec-13,Q4,28,6,Saturday,True
06-Dec-14,2014,12,December,01-Dec-14,Q4,6,6,Saturday,True
13-Dec-14,2014,12,December,01-Dec-14,Q4,13,6,Saturday,True
20-Dec-14,2014,12,December,01-Dec-14,Q4,20,6,Saturday,True
27-Dec-14,2014,12,December,01-Dec-14,Q4,27,6,Saturday,True
05-Dec-15,2015,12,December,01-Dec-15,Q4,5,6,Saturday,True
12-Dec-15,2015,12,December,01-Dec-15,Q4,12,6,Saturday,True
19-Dec-15,2015,12,December,01-Dec-15,Q4,19,6,Saturday,True
26-Dec-15,2015,12,December,01-Dec-15,Q4,26,6,Saturday,True
03-Dec-16,2016,12,December,01-Dec-16,Q4,3,6,Saturday,True
10-Dec-16,2016,12,December,01-Dec-16,Q4,10,6,Saturday,True
17-Dec-16,2016,12,December,01-Dec-16,Q4,17,6,Saturday,True
24-Dec-16,2016,12,December,01-Dec-16,Q4,24,6,Saturday,True
31-Dec-16,2016,12,December,01-Dec-16,Q4,31,6,Saturday,True
02-Dec-17,2017,12,December,01-Dec-17,Q4,2,6,Saturday,True
09-Dec-17,2017,12,December,01-Dec-17,Q4,9,6,Saturday,True
16-Dec-17,2017,12,December,01-Dec-17,Q4,16,6,Saturday,True
23-Dec-17,2017,12,December,01-Dec-17,Q4,23,6,Saturday,True
30-Dec-17,2017,12,December,01-Dec-17,Q4,30,6,Saturday,True
01-Dec-18,2018,12,December,01-Dec-18,Q4,1,6,Saturday,True
08-Dec-18,2018,12,December,01-Dec-18,Q4,8,6,Saturday,True
15-Dec-18,2018,12,December,01-Dec-18,Q4,15,6,Saturday,True
22-Dec-18,2018,12,December,01-Dec-18,Q4,22,6,Saturday,True
29-Dec-18,2018,12,December,01-Dec-18,Q4,29,6,Saturday,True
07-Dec-19,2019,12,December,01-Dec-19,Q4,7,6,Saturday,True
14-Dec-19,2019,12,December,01-Dec-19,Q4,14,6,Saturday,True
21-Dec-19,2019,12,December,01-Dec-19,Q4,21,6,Saturday,True
28-Dec-19,2019,12,December,01-Dec-19,Q4,28,6,Saturday,True
05-Dec-20,2020,12,December,01-Dec-20,Q4,5,6,Saturday,True
12-Dec-20,2020,12,December,01-Dec-20,Q4,12,6,Saturday,True
19-Dec-20,2020,12,December,01-Dec-20,Q4,19,6,Saturday,True
26-Dec-20,2020,12,December,01-Dec-20,Q4,26,6,Saturday,True
04-Dec-21,2021,12,December,01-Dec-21,Q4,4,6,Saturday,True
11-Dec-21,2021,12,December,01-Dec-21,Q4,11,6,Saturday,True
18-Dec-21,2021,12,December,01-Dec-21,Q4,18,6,Saturday,True
25-Dec-21,2021,12,December,01-Dec-21,Q4,25,6,Saturday,True
03-Dec-22,2022,12,December,01-Dec-22,Q4,3,6,Saturday,True
10-Dec-22,2022,12,December,01-Dec-22,Q4,10,6,Saturday,True
17-Dec-22,2022,12,December,01-Dec-22,Q4,17,6,Saturday,True
24-Dec-22,2022,12,December,01-Dec-22,Q4,24,6,Saturday,True
31-Dec-22,2022,12,December,01-Dec-22,Q4,31,6,Saturday,True
02-Dec-23,2023,12,December,01-Dec-23,Q4,2,6,Saturday,True
09-Dec-23,2023,12,December,01-Dec-23,Q4,9,6,Saturday,True
16-Dec-23,2023,12,December,01-Dec-23,Q4,16,6,Saturday,True
23-Dec-23,2023,12,December,01-Dec-23,Q4,23,6,Saturday,True
30-Dec-23,2023,12,December,01-Dec-23,Q4,30,6,Saturday,True
07-Dec-24,2024,12,December,01-Dec-24,Q4,7,6,Saturday,True
14-Dec-24,2024,12,December,01-Dec-24,Q4,14,6,Saturday,True
21-Dec-24,2024,12,December,01-Dec-24,Q4,21,6,Saturday,True
28-Dec-24,2024,12,December,01-Dec-24,Q4,28,6,Saturday,True
06-Dec-25,2025,12,December,01-Dec-25,Q4,6,6,Saturday,True
13-Dec-25,2025,12,December,01-Dec-25,Q4,13,6,Saturday,True
20-Dec-25,2025,12,December,01-Dec-25,Q4,20,6,Saturday,True
27-Dec-25,2025,12,December,01-Dec-25,Q4,27,6,Saturday,True
05-Dec-26,2026,12,December,01-Dec-26,Q4,5,6,Saturday,True
12-Dec-26,2026,12,December,01-Dec-26,Q4,12,6,Saturday,True
19-Dec-26,2026,12,December,01-Dec-26,Q4,19,6,Saturday,True
26-Dec-26,2026,12,December,01-Dec-26,Q4,26,6,Saturday,True
04-Dec-27,2027,12,December,01-Dec-27,Q4,4,6,Saturday,True
11-Dec-27,2027,12,December,01-Dec-27,Q4,11,6,Saturday,True
18-Dec-27,2027,12,December,01-Dec-27,Q4,18,6,Saturday,True
25-Dec-27,2027,12,December,01-Dec-27,Q4,25,6,Saturday,True
02-Dec-28,2028,12,December,01-Dec-28,Q4,2,6,Saturday,True
09-Dec-28,2028,12,December,01-Dec-28,Q4,9,6,Saturday,True
16-Dec-28,2028,12,December,01-Dec-28,Q4,16,6,Saturday,True
23-Dec-28,2028,12,December,01-Dec-28,Q4,23,6,Saturday,True
30-Dec-28,2028,12,December,01-Dec-28,Q4,30,6,Saturday,True
06-Nov-10,2010,11,November,01-Nov-10,Q4,6,6,Saturday,True
13-Nov-10,2010,11,November,01-Nov-10,Q4,13,6,Saturday,True
20-Nov-10,2010,11,November,01-Nov-10,Q4,20,6,Saturday,True
27-Nov-10,2010,11,November,01-Nov-10,Q4,27,6,Saturday,True
05-Nov-11,2011,11,November,01-Nov-11,Q4,5,6,Saturday,True
12-Nov-11,2011,11,November,01-Nov-11,Q4,12,6,Saturday,True
19-Nov-11,2011,11,November,01-Nov-11,Q4,19,6,Saturday,True
26-Nov-11,2011,11,November,01-Nov-11,Q4,26,6,Saturday,True
03-Nov-12,2012,11,November,01-Nov-12,Q4,3,6,Saturday,True
10-Nov-12,2012,11,November,01-Nov-12,Q4,10,6,Saturday,True
17-Nov-12,2012,11,November,01-Nov-12,Q4,17,6,Saturday,True
24-Nov-12,2012,11,November,01-Nov-12,Q4,24,6,Saturday,True
02-Nov-13,2013,11,November,01-Nov-13,Q4,2,6,Saturday,True
09-Nov-13,2013,11,November,01-Nov-13,Q4,9,6,Saturday,True
16-Nov-13,2013,11,November,01-Nov-13,Q4,16,6,Saturday,True
23-Nov-13,2013,11,November,01-Nov-13,Q4,23,6,Saturday,True
30-Nov-13,2013,11,November,01-Nov-13,Q4,30,6,Saturday,True
01-Nov-14,2014,11,November,01-Nov-14,Q4,1,6,Saturday,True
08-Nov-14,2014,11,November,01-Nov-14,Q4,8,6,Saturday,True
15-Nov-14,2014,11,November,01-Nov-14,Q4,15,6,Saturday,True
22-Nov-14,2014,11,November,01-Nov-14,Q4,22,6,Saturday,True
29-Nov-14,2014,11,November,01-Nov-14,Q4,29,6,Saturday,True
07-Nov-15,2015,11,November,01-Nov-15,Q4,7,6,Saturday,True
14-Nov-15,2015,11,November,01-Nov-15,Q4,14,6,Saturday,True
21-Nov-15,2015,11,November,01-Nov-15,Q4,21,6,Saturday,True
28-Nov-15,2015,11,November,01-Nov-15,Q4,28,6,Saturday,True
05-Nov-16,2016,11,November,01-Nov-16,Q4,5,6,Saturday,True
12-Nov-16,2016,11,November,01-Nov-16,Q4,12,6,Saturday,True
19-Nov-16,2016,11,November,01-Nov-16,Q4,19,6,Saturday,True
26-Nov-16,2016,11,November,01-Nov-16,Q4,26,6,Saturday,True
04-Nov-17,2017,11,November,01-Nov-17,Q4,4,6,Saturday,True
11-Nov-17,2017,11,November,01-Nov-17,Q4,11,6,Saturday,True
18-Nov-17,2017,11,November,01-Nov-17,Q4,18,6,Saturday,True
25-Nov-17,2017,11,November,01-Nov-17,Q4,25,6,Saturday,True
03-Nov-18,2018,11,November,01-Nov-18,Q4,3,6,Saturday,True
10-Nov-18,2018,11,November,01-Nov-18,Q4,10,6,Saturday,True
17-Nov-18,2018,11,November,01-Nov-18,Q4,17,6,Saturday,True
24-Nov-18,2018,11,November,01-Nov-18,Q4,24,6,Saturday,True
02-Nov-19,2019,11,November,01-Nov-19,Q4,2,6,Saturday,True
09-Nov-19,2019,11,November,01-Nov-19,Q4,9,6,Saturday,True
16-Nov-19,2019,11,November,01-Nov-19,Q4,16,6,Saturday,True
23-Nov-19,2019,11,November,01-Nov-19,Q4,23,6,Saturday,True
30-Nov-19,2019,11,November,01-Nov-19,Q4,30,6,Saturday,True
07-Nov-20,2020,11,November,01-Nov-20,Q4,7,6,Saturday,True
14-Nov-20,2020,11,November,01-Nov-20,Q4,14,6,Saturday,True
21-Nov-20,2020,11,November,01-Nov-20,Q4,21,6,Saturday,True
28-Nov-20,2020,11,November,01-Nov-20,Q4,28,6,Saturday,True
06-Nov-21,2021,11,November,01-Nov-21,Q4,6,6,Saturday,True
13-Nov-21,2021,11,November,01-Nov-21,Q4,13,6,Saturday,True
20-Nov-21,2021,11,November,01-Nov-21,Q4,20,6,Saturday,True
27-Nov-21,2021,11,November,01-Nov-21,Q4,27,6,Saturday,True
05-Nov-22,2022,11,November,01-Nov-22,Q4,5,6,Saturday,True
12-Nov-22,2022,11,November,01-Nov-22,Q4,12,6,Saturday,True
19-Nov-22,2022,11,November,01-Nov-22,Q4,19,6,Saturday,True
26-Nov-22,2022,11,November,01-Nov-22,Q4,26,6,Saturday,True
04-Nov-23,2023,11,November,01-Nov-23,Q4,4,6,Saturday,True
11-Nov-23,2023,11,November,01-Nov-23,Q4,11,6,Saturday,True
18-Nov-23,2023,11,November,01-Nov-23,Q4,18,6,Saturday,True
25-Nov-23,2023,11,November,01-Nov-23,Q4,25,6,Saturday,True
02-Nov-24,2024,11,November,01-Nov-24,Q4,2,6,Saturday,True
09-Nov-24,2024,11,November,01-Nov-24,Q4,9,6,Saturday,True
16-Nov-24,2024,11,November,01-Nov-24,Q4,16,6,Saturday,True
23-Nov-24,2024,11,November,01-Nov-24,Q4,23,6,Saturday,True
30-Nov-24,2024,11,November,01-Nov-24,Q4,30,6,Saturday,True
01-Nov-25,2025,11,November,01-Nov-25,Q4,1,6,Saturday,True
08-Nov-25,2025,11,November,01-Nov-25,Q4,8,6,Saturday,True
15-Nov-25,2025,11,November,01-Nov-25,Q4,15,6,Saturday,True
22-Nov-25,2025,11,November,01-Nov-25,Q4,22,6,Saturday,True
29-Nov-25,2025,11,November,01-Nov-25,Q4,29,6,Saturday,True
07-Nov-26,2026,11,November,01-Nov-26,Q4,7,6,Saturday,True
14-Nov-26,2026,11,November,01-Nov-26,Q4,14,6,Saturday,True
21-Nov-26,2026,11,November,01-Nov-26,Q4,21,6,Saturday,True
28-Nov-26,2026,11,November,01-Nov-26,Q4,28,6,Saturday,True
06-Nov-27,2027,11,November,01-Nov-27,Q4,6,6,Saturday,True
13-Nov-27,2027,11,November,01-Nov-27,Q4,13,6,Saturday,True
20-Nov-27,2027,11,November,01-Nov-27,Q4,20,6,Saturday,True
27-Nov-27,2027,11,November,01-Nov-27,Q4,27,6,Saturday,True
04-Nov-28,2028,11,November,01-Nov-28,Q4,4,6,Saturday,True
11-Nov-28,2028,11,November,01-Nov-28,Q4,11,6,Saturday,True
18-Nov-28,2028,11,November,01-Nov-28,Q4,18,6,Saturday,True
25-Nov-28,2028,11,November,01-Nov-28,Q4,25,6,Saturday,True
05-Jun-10,2010,6,June,01-Jun-10,Q2,5,6,Saturday,True
12-Jun-10,2010,6,June,01-Jun-10,Q2,12,6,Saturday,True
19-Jun-10,2010,6,June,01-Jun-10,Q2,19,6,Saturday,True
26-Jun-10,2010,6,June,01-Jun-10,Q2,26,6,Saturday,True
04-Jun-11,2011,6,June,01-Jun-11,Q2,4,6,Saturday,True
11-Jun-11,2011,6,June,01-Jun-11,Q2,11,6,Saturday,True
18-Jun-11,2011,6,June,01-Jun-11,Q2,18,6,Saturday,True
25-Jun-11,2011,6,June,01-Jun-11,Q2,25,6,Saturday,True
02-Jun-12,2012,6,June,01-Jun-12,Q2,2,6,Saturday,True
09-Jun-12,2012,6,June,01-Jun-12,Q2,9,6,Saturday,True
16-Jun-12,2012,6,June,01-Jun-12,Q2,16,6,Saturday,True
23-Jun-12,2012,6,June,01-Jun-12,Q2,23,6,Saturday,True
30-Jun-12,2012,6,June,01-Jun-12,Q2,30,6,Saturday,True
01-Jun-13,2013,6,June,01-Jun-13,Q2,1,6,Saturday,True
08-Jun-13,2013,6,June,01-Jun-13,Q2,8,6,Saturday,True
15-Jun-13,2013,6,June,01-Jun-13,Q2,15,6,Saturday,True
22-Jun-13,2013,6,June,01-Jun-13,Q2,22,6,Saturday,True
29-Jun-13,2013,6,June,01-Jun-13,Q2,29,6,Saturday,True
07-Jun-14,2014,6,June,01-Jun-14,Q2,7,6,Saturday,True
14-Jun-14,2014,6,June,01-Jun-14,Q2,14,6,Saturday,True
21-Jun-14,2014,6,June,01-Jun-14,Q2,21,6,Saturday,True
28-Jun-14,2014,6,June,01-Jun-14,Q2,28,6,Saturday,True
06-Jun-15,2015,6,June,01-Jun-15,Q2,6,6,Saturday,True
13-Jun-15,2015,6,June,01-Jun-15,Q2,13,6,Saturday,True
20-Jun-15,2015,6,June,01-Jun-15,Q2,20,6,Saturday,True
27-Jun-15,2015,6,June,01-Jun-15,Q2,27,6,Saturday,True
04-Jun-16,2016,6,June,01-Jun-16,Q2,4,6,Saturday,True
11-Jun-16,2016,6,June,01-Jun-16,Q2,11,6,Saturday,True
18-Jun-16,2016,6,June,01-Jun-16,Q2,18,6,Saturday,True
25-Jun-16,2016,6,June,01-Jun-16,Q2,25,6,Saturday,True
03-Jun-17,2017,6,June,01-Jun-17,Q2,3,6,Saturday,True
10-Jun-17,2017,6,June,01-Jun-17,Q2,10,6,Saturday,True
17-Jun-17,2017,6,June,01-Jun-17,Q2,17,6,Saturday,True
24-Jun-17,2017,6,June,01-Jun-17,Q2,24,6,Saturday,True
02-Jun-18,2018,6,June,01-Jun-18,Q2,2,6,Saturday,True
09-Jun-18,2018,6,June,01-Jun-18,Q2,9,6,Saturday,True
16-Jun-18,2018,6,June,01-Jun-18,Q2,16,6,Saturday,True
23-Jun-18,2018,6,June,01-Jun-18,Q2,23,6,Saturday,True
30-Jun-18,2018,6,June,01-Jun-18,Q2,30,6,Saturday,True
01-Jun-19,2019,6,June,01-Jun-19,Q2,1,6,Saturday,True
08-Jun-19,2019,6,June,01-Jun-19,Q2,8,6,Saturday,True
15-Jun-19,2019,6,June,01-Jun-19,Q2,15,6,Saturday,True
22-Jun-19,2019,6,June,01-Jun-19,Q2,22,6,Saturday,True
29-Jun-19,2019,6,June,01-Jun-19,Q2,29,6,Saturday,True
06-Jun-20,2020,6,June,01-Jun-20,Q2,6,6,Saturday,True
13-Jun-20,2020,6,June,01-Jun-20,Q2,13,6,Saturday,True
20-Jun-20,2020,6,June,01-Jun-20,Q2,20,6,Saturday,True
27-Jun-20,2020,6,June,01-Jun-20,Q2,27,6,Saturday,True
05-Jun-21,2021,6,June,01-Jun-21,Q2,5,6,Saturday,True
12-Jun-21,2021,6,June,01-Jun-21,Q2,12,6,Saturday,True
19-Jun-21,2021,6,June,01-Jun-21,Q2,19,6,Saturday,True
26-Jun-21,2021,6,June,01-Jun-21,Q2,26,6,Saturday,True
04-Jun-22,2022,6,June,01-Jun-22,Q2,4,6,Saturday,True
11-Jun-22,2022,6,June,01-Jun-22,Q2,11,6,Saturday,True
18-Jun-22,2022,6,June,01-Jun-22,Q2,18,6,Saturday,True
25-Jun-22,2022,6,June,01-Jun-22,Q2,25,6,Saturday,True
03-Jun-23,2023,6,June,01-Jun-23,Q2,3,6,Saturday,True
10-Jun-23,2023,6,June,01-Jun-23,Q2,10,6,Saturday,True
17-Jun-23,2023,6,June,01-Jun-23,Q2,17,6,Saturday,True
24-Jun-23,2023,6,June,01-Jun-23,Q2,24,6,Saturday,True
01-Jun-24,2024,6,June,01-Jun-24,Q2,1,6,Saturday,True
08-Jun-24,2024,6,June,01-Jun-24,Q2,8,6,Saturday,True
15-Jun-24,2024,6,June,01-Jun-24,Q2,15,6,Saturday,True
22-Jun-24,2024,6,June,01-Jun-24,Q2,22,6,Saturday,True
29-Jun-24,2024,6,June,01-Jun-24,Q2,29,6,Saturday,True
07-Jun-25,2025,6,June,01-Jun-25,Q2,7,6,Saturday,True
14-Jun-25,2025,6,June,01-Jun-25,Q2,14,6,Saturday,True
21-Jun-25,2025,6,June,01-Jun-25,Q2,21,6,Saturday,True
28-Jun-25,2025,6,June,01-Jun-25,Q2,28,6,Saturday,True
06-Jun-26,2026,6,June,01-Jun-26,Q2,6,6,Saturday,True
13-Jun-26,2026,6,June,01-Jun-26,Q2,13,6,Saturday,True
20-Jun-26,2026,6,June,01-Jun-26,Q2,20,6,Saturday,True
27-Jun-26,2026,6,June,01-Jun-26,Q2,27,6,Saturday,True
05-Jun-27,2027,6,June,01-Jun-27,Q2,5,6,Saturday,True
12-Jun-27,2027,6,June,01-Jun-27,Q2,12,6,Saturday,True
19-Jun-27,2027,6,June,01-Jun-27,Q2,19,6,Saturday,True
26-Jun-27,2027,6,June,01-Jun-27,Q2,26,6,Saturday,True
03-Jun-28,2028,6,June,01-Jun-28,Q2,3,6,Saturday,True
10-Jun-28,2028,6,June,01-Jun-28,Q2,10,6,Saturday,True
17-Jun-28,2028,6,June,01-Jun-28,Q2,17,6,Saturday,True
24-Jun-28,2028,6,June,01-Jun-28,Q2,24,6,Saturday,True
03-Apr-10,2010,4,April,01-Apr-10,Q2,3,6,Saturday,True
10-Apr-10,2010,4,April,01-Apr-10,Q2,10,6,Saturday,True
17-Apr-10,2010,4,April,01-Apr-10,Q2,17,6,Saturday,True
24-Apr-10,2010,4,April,01-Apr-10,Q2,24,6,Saturday,True
02-Apr-11,2011,4,April,01-Apr-11,Q2,2,6,Saturday,True
09-Apr-11,2011,4,April,01-Apr-11,Q2,9,6,Saturday,True
16-Apr-11,2011,4,April,01-Apr-11,Q2,16,6,Saturday,True
23-Apr-11,2011,4,April,01-Apr-11,Q2,23,6,Saturday,True
30-Apr-11,2011,4,April,01-Apr-11,Q2,30,6,Saturday,True
07-Apr-12,2012,4,April,01-Apr-12,Q2,7,6,Saturday,True
14-Apr-12,2012,4,April,01-Apr-12,Q2,14,6,Saturday,True
21-Apr-12,2012,4,April,01-Apr-12,Q2,21,6,Saturday,True
28-Apr-12,2012,4,April,01-Apr-12,Q2,28,6,Saturday,True
06-Apr-13,2013,4,April,01-Apr-13,Q2,6,6,Saturday,True
13-Apr-13,2013,4,April,01-Apr-13,Q2,13,6,Saturday,True
20-Apr-13,2013,4,April,01-Apr-13,Q2,20,6,Saturday,True
27-Apr-13,2013,4,April,01-Apr-13,Q2,27,6,Saturday,True
05-Apr-14,2014,4,April,01-Apr-14,Q2,5,6,Saturday,True
12-Apr-14,2014,4,April,01-Apr-14,Q2,12,6,Saturday,True
19-Apr-14,2014,4,April,01-Apr-14,Q2,19,6,Saturday,True
26-Apr-14,2014,4,April,01-Apr-14,Q2,26,6,Saturday,True
04-Apr-15,2015,4,April,01-Apr-15,Q2,4,6,Saturday,True
11-Apr-15,2015,4,April,01-Apr-15,Q2,11,6,Saturday,True
18-Apr-15,2015,4,April,01-Apr-15,Q2,18,6,Saturday,True
25-Apr-15,2015,4,April,01-Apr-15,Q2,25,6,Saturday,True
02-Apr-16,2016,4,April,01-Apr-16,Q2,2,6,Saturday,True
09-Apr-16,2016,4,April,01-Apr-16,Q2,9,6,Saturday,True
16-Apr-16,2016,4,April,01-Apr-16,Q2,16,6,Saturday,True
23-Apr-16,2016,4,April,01-Apr-16,Q2,23,6,Saturday,True
30-Apr-16,2016,4,April,01-Apr-16,Q2,30,6,Saturday,True
01-Apr-17,2017,4,April,01-Apr-17,Q2,1,6,Saturday,True
08-Apr-17,2017,4,April,01-Apr-17,Q2,8,6,Saturday,True
15-Apr-17,2017,4,April,01-Apr-17,Q2,15,6,Saturday,True
22-Apr-17,2017,4,April,01-Apr-17,Q2,22,6,Saturday,True
29-Apr-17,2017,4,April,01-Apr-17,Q2,29,6,Saturday,True
07-Apr-18,2018,4,April,01-Apr-18,Q2,7,6,Saturday,True
14-Apr-18,2018,4,April,01-Apr-18,Q2,14,6,Saturday,True
21-Apr-18,2018,4,April,01-Apr-18,Q2,21,6,Saturday,True
28-Apr-18,2018,4,April,01-Apr-18,Q2,28,6,Saturday,True
06-Apr-19,2019,4,April,01-Apr-19,Q2,6,6,Saturday,True
13-Apr-19,2019,4,April,01-Apr-19,Q2,13,6,Saturday,True
20-Apr-19,2019,4,April,01-Apr-19,Q2,20,6,Saturday,True
27-Apr-19,2019,4,April,01-Apr-19,Q2,27,6,Saturday,True
04-Apr-20,2020,4,April,01-Apr-20,Q2,4,6,Saturday,True
11-Apr-20,2020,4,April,01-Apr-20,Q2,11,6,Saturday,True
18-Apr-20,2020,4,April,01-Apr-20,Q2,18,6,Saturday,True
25-Apr-20,2020,4,April,01-Apr-20,Q2,25,6,Saturday,True
03-Apr-21,2021,4,April,01-Apr-21,Q2,3,6,Saturday,True
10-Apr-21,2021,4,April,01-Apr-21,Q2,10,6,Saturday,True
17-Apr-21,2021,4,April,01-Apr-21,Q2,17,6,Saturday,True
24-Apr-21,2021,4,April,01-Apr-21,Q2,24,6,Saturday,True
02-Apr-22,2022,4,April,01-Apr-22,Q2,2,6,Saturday,True
09-Apr-22,2022,4,April,01-Apr-22,Q2,9,6,Saturday,True
16-Apr-22,2022,4,April,01-Apr-22,Q2,16,6,Saturday,True
23-Apr-22,2022,4,April,01-Apr-22,Q2,23,6,Saturday,True
30-Apr-22,2022,4,April,01-Apr-22,Q2,30,6,Saturday,True
01-Apr-23,2023,4,April,01-Apr-23,Q2,1,6,Saturday,True
08-Apr-23,2023,4,April,01-Apr-23,Q2,8,6,Saturday,True
15-Apr-23,2023,4,April,01-Apr-23,Q2,15,6,Saturday,True
22-Apr-23,2023,4,April,01-Apr-23,Q2,22,6,Saturday,True
29-Apr-23,2023,4,April,01-Apr-23,Q2,29,6,Saturday,True
06-Apr-24,2024,4,April,01-Apr-24,Q2,6,6,Saturday,True
13-Apr-24,2024,4,April,01-Apr-24,Q2,13,6,Saturday,True
20-Apr-24,2024,4,April,01-Apr-24,Q2,20,6,Saturday,True
27-Apr-24,2024,4,April,01-Apr-24,Q2,27,6,Saturday,True
05-Apr-25,2025,4,April,01-Apr-25,Q2,5,6,Saturday,True
12-Apr-25,2025,4,April,01-Apr-25,Q2,12,6,Saturday,True
19-Apr-25,2025,4,April,01-Apr-25,Q2,19,6,Saturday,True
26-Apr-25,2025,4,April,01-Apr-25,Q2,26,6,Saturday,True
04-Apr-26,2026,4,April,01-Apr-26,Q2,4,6,Saturday,True
11-Apr-26,2026,4,April,01-Apr-26,Q2,11,6,Saturday,True
18-Apr-26,2026,4,April,01-Apr-26,Q2,18,6,Saturday,True
25-Apr-26,2026,4,April,01-Apr-26,Q2,25,6,Saturday,True
03-Apr-27,2027,4,April,01-Apr-27,Q2,3,6,Saturday,True
10-Apr-27,2027,4,April,01-Apr-27,Q2,10,6,Saturday,True
17-Apr-27,2027,4,April,01-Apr-27,Q2,17,6,Saturday,True
24-Apr-27,2027,4,April,01-Apr-27,Q2,24,6,Saturday,True
01-Apr-28,2028,4,April,01-Apr-28,Q2,1,6,Saturday,True
08-Apr-28,2028,4,April,01-Apr-28,Q2,8,6,Saturday,True
15-Apr-28,2028,4,April,01-Apr-28,Q2,15,6,Saturday,True
22-Apr-28,2028,4,April,01-Apr-28,Q2,22,6,Saturday,True
29-Apr-28,2028,4,April,01-Apr-28,Q2,29,6,Saturday,True
01-May-10,2010,5,May,01-May-10,Q2,1,6,Saturday,True
08-May-10,2010,5,May,01-May-10,Q2,8,6,Saturday,True
15-May-10,2010,5,May,01-May-10,Q2,15,6,Saturday,True
22-May-10,2010,5,May,01-May-10,Q2,22,6,Saturday,True
29-May-10,2010,5,May,01-May-10,Q2,29,6,Saturday,True
07-May-11,2011,5,May,01-May-11,Q2,7,6,Saturday,True
14-May-11,2011,5,May,01-May-11,Q2,14,6,Saturday,True
21-May-11,2011,5,May,01-May-11,Q2,21,6,Saturday,True
28-May-11,2011,5,May,01-May-11,Q2,28,6,Saturday,True
05-May-12,2012,5,May,01-May-12,Q2,5,6,Saturday,True
12-May-12,2012,5,May,01-May-12,Q2,12,6,Saturday,True
19-May-12,2012,5,May,01-May-12,Q2,19,6,Saturday,True
26-May-12,2012,5,May,01-May-12,Q2,26,6,Saturday,True
04-May-13,2013,5,May,01-May-13,Q2,4,6,Saturday,True
11-May-13,2013,5,May,01-May-13,Q2,11,6,Saturday,True
18-May-13,2013,5,May,01-May-13,Q2,18,6,Saturday,True
25-May-13,2013,5,May,01-May-13,Q2,25,6,Saturday,True
03-May-14,2014,5,May,01-May-14,Q2,3,6,Saturday,True
10-May-14,2014,5,May,01-May-14,Q2,10,6,Saturday,True
17-May-14,2014,5,May,01-May-14,Q2,17,6,Saturday,True
24-May-14,2014,5,May,01-May-14,Q2,24,6,Saturday,True
31-May-14,2014,5,May,01-May-14,Q2,31,6,Saturday,True
02-May-15,2015,5,May,01-May-15,Q2,2,6,Saturday,True
09-May-15,2015,5,May,01-May-15,Q2,9,6,Saturday,True
16-May-15,2015,5,May,01-May-15,Q2,16,6,Saturday,True
23-May-15,2015,5,May,01-May-15,Q2,23,6,Saturday,True
30-May-15,2015,5,May,01-May-15,Q2,30,6,Saturday,True
07-May-16,2016,5,May,01-May-16,Q2,7,6,Saturday,True
14-May-16,2016,5,May,01-May-16,Q2,14,6,Saturday,True
21-May-16,2016,5,May,01-May-16,Q2,21,6,Saturday,True
28-May-16,2016,5,May,01-May-16,Q2,28,6,Saturday,True
06-May-17,2017,5,May,01-May-17,Q2,6,6,Saturday,True
13-May-17,2017,5,May,01-May-17,Q2,13,6,Saturday,True
20-May-17,2017,5,May,01-May-17,Q2,20,6,Saturday,True
27-May-17,2017,5,May,01-May-17,Q2,27,6,Saturday,True
05-May-18,2018,5,May,01-May-18,Q2,5,6,Saturday,True
12-May-18,2018,5,May,01-May-18,Q2,12,6,Saturday,True
19-May-18,2018,5,May,01-May-18,Q2,19,6,Saturday,True
26-May-18,2018,5,May,01-May-18,Q2,26,6,Saturday,True
04-May-19,2019,5,May,01-May-19,Q2,4,6,Saturday,True
11-May-19,2019,5,May,01-May-19,Q2,11,6,Saturday,True
18-May-19,2019,5,May,01-May-19,Q2,18,6,Saturday,True
25-May-19,2019,5,May,01-May-19,Q2,25,6,Saturday,True
02-May-20,2020,5,May,01-May-20,Q2,2,6,Saturday,True
09-May-20,2020,5,May,01-May-20,Q2,9,6,Saturday,True
16-May-20,2020,5,May,01-May-20,Q2,16,6,Saturday,True
23-May-20,2020,5,May,01-May-20,Q2,23,6,Saturday,True
30-May-20,2020,5,May,01-May-20,Q2,30,6,Saturday,True
01-May-21,2021,5,May,01-May-21,Q2,1,6,Saturday,True
08-May-21,2021,5,May,01-May-21,Q2,8,6,Saturday,True
15-May-21,2021,5,May,01-May-21,Q2,15,6,Saturday,True
22-May-21,2021,5,May,01-May-21,Q2,22,6,Saturday,True
29-May-21,2021,5,May,01-May-21,Q2,29,6,Saturday,True
07-May-22,2022,5,May,01-May-22,Q2,7,6,Saturday,True
14-May-22,2022,5,May,01-May-22,Q2,14,6,Saturday,True
21-May-22,2022,5,May,01-May-22,Q2,21,6,Saturday,True
28-May-22,2022,5,May,01-May-22,Q2,28,6,Saturday,True
06-May-23,2023,5,May,01-May-23,Q2,6,6,Saturday,True
13-May-23,2023,5,May,01-May-23,Q2,13,6,Saturday,True
20-May-23,2023,5,May,01-May-23,Q2,20,6,Saturday,True
27-May-23,2023,5,May,01-May-23,Q2,27,6,Saturday,True
04-May-24,2024,5,May,01-May-24,Q2,4,6,Saturday,True
11-May-24,2024,5,May,01-May-24,Q2,11,6,Saturday,True
18-May-24,2024,5,May,01-May-24,Q2,18,6,Saturday,True
25-May-24,2024,5,May,01-May-24,Q2,25,6,Saturday,True
03-May-25,2025,5,May,01-May-25,Q2,3,6,Saturday,True
10-May-25,2025,5,May,01-May-25,Q2,10,6,Saturday,True
17-May-25,2025,5,May,01-May-25,Q2,17,6,Saturday,True
24-May-25,2025,5,May,01-May-25,Q2,24,6,Saturday,True
31-May-25,2025,5,May,01-May-25,Q2,31,6,Saturday,True
02-May-26,2026,5,May,01-May-26,Q2,2,6,Saturday,True
09-May-26,2026,5,May,01-May-26,Q2,9,6,Saturday,True
16-May-26,2026,5,May,01-May-26,Q2,16,6,Saturday,True
23-May-26,2026,5,May,01-May-26,Q2,23,6,Saturday,True
30-May-26,2026,5,May,01-May-26,Q2,30,6,Saturday,True
01-May-27,2027,5,May,01-May-27,Q2,1,6,Saturday,True
08-May-27,2027,5,May,01-May-27,Q2,8,6,Saturday,True
15-May-27,2027,5,May,01-May-27,Q2,15,6,Saturday,True
22-May-27,2027,5,May,01-May-27,Q2,22,6,Saturday,True
29-May-27,2027,5,May,01-May-27,Q2,29,6,Saturday,True
06-May-28,2028,5,May,01-May-28,Q2,6,6,Saturday,True
13-May-28,2028,5,May,01-May-28,Q2,13,6,Saturday,True
20-May-28,2028,5,May,01-May-28,Q2,20,6,Saturday,True
27-May-28,2028,5,May,01-May-28,Q2,27,6,Saturday,True
02-Jan-10,2010,1,January,01-Jan-10,Q1,2,6,Saturday,True
09-Jan-10,2010,1,January,01-Jan-10,Q1,9,6,Saturday,True
16-Jan-10,2010,1,January,01-Jan-10,Q1,16,6,Saturday,True
23-Jan-10,2010,1,January,01-Jan-10,Q1,23,6,Saturday,True
30-Jan-10,2010,1,January,01-Jan-10,Q1,30,6,Saturday,True
01-Jan-11,2011,1,January,01-Jan-11,Q1,1,6,Saturday,True
08-Jan-11,2011,1,January,01-Jan-11,Q1,8,6,Saturday,True
15-Jan-11,2011,1,January,01-Jan-11,Q1,15,6,Saturday,True
22-Jan-11,2011,1,January,01-Jan-11,Q1,22,6,Saturday,True
29-Jan-11,2011,1,January,01-Jan-11,Q1,29,6,Saturday,True
07-Jan-12,2012,1,January,01-Jan-12,Q1,7,6,Saturday,True
14-Jan-12,2012,1,January,01-Jan-12,Q1,14,6,Saturday,True
21-Jan-12,2012,1,January,01-Jan-12,Q1,21,6,Saturday,True
28-Jan-12,2012,1,January,01-Jan-12,Q1,28,6,Saturday,True
05-Jan-13,2013,1,January,01-Jan-13,Q1,5,6,Saturday,True
12-Jan-13,2013,1,January,01-Jan-13,Q1,12,6,Saturday,True
19-Jan-13,2013,1,January,01-Jan-13,Q1,19,6,Saturday,True
26-Jan-13,2013,1,January,01-Jan-13,Q1,26,6,Saturday,True
04-Jan-14,2014,1,January,01-Jan-14,Q1,4,6,Saturday,True
11-Jan-14,2014,1,January,01-Jan-14,Q1,11,6,Saturday,True
18-Jan-14,2014,1,January,01-Jan-14,Q1,18,6,Saturday,True
25-Jan-14,2014,1,January,01-Jan-14,Q1,25,6,Saturday,True
03-Jan-15,2015,1,January,01-Jan-15,Q1,3,6,Saturday,True
10-Jan-15,2015,1,January,01-Jan-15,Q1,10,6,Saturday,True
17-Jan-15,2015,1,January,01-Jan-15,Q1,17,6,Saturday,True
24-Jan-15,2015,1,January,01-Jan-15,Q1,24,6,Saturday,True
31-Jan-15,2015,1,January,01-Jan-15,Q1,31,6,Saturday,True
02-Jan-16,2016,1,January,01-Jan-16,Q1,2,6,Saturday,True
09-Jan-16,2016,1,January,01-Jan-16,Q1,9,6,Saturday,True
16-Jan-16,2016,1,January,01-Jan-16,Q1,16,6,Saturday,True
23-Jan-16,2016,1,January,01-Jan-16,Q1,23,6,Saturday,True
30-Jan-16,2016,1,January,01-Jan-16,Q1,30,6,Saturday,True
07-Jan-17,2017,1,January,01-Jan-17,Q1,7,6,Saturday,True
14-Jan-17,2017,1,January,01-Jan-17,Q1,14,6,Saturday,True
21-Jan-17,2017,1,January,01-Jan-17,Q1,21,6,Saturday,True
28-Jan-17,2017,1,January,01-Jan-17,Q1,28,6,Saturday,True
06-Jan-18,2018,1,January,01-Jan-18,Q1,6,6,Saturday,True
13-Jan-18,2018,1,January,01-Jan-18,Q1,13,6,Saturday,True
20-Jan-18,2018,1,January,01-Jan-18,Q1,20,6,Saturday,True
27-Jan-18,2018,1,January,01-Jan-18,Q1,27,6,Saturday,True
05-Jan-19,2019,1,January,01-Jan-19,Q1,5,6,Saturday,True
12-Jan-19,2019,1,January,01-Jan-19,Q1,12,6,Saturday,True
19-Jan-19,2019,1,January,01-Jan-19,Q1,19,6,Saturday,True
26-Jan-19,2019,1,January,01-Jan-19,Q1,26,6,Saturday,True
04-Jan-20,2020,1,January,01-Jan-20,Q1,4,6,Saturday,True
11-Jan-20,2020,1,January,01-Jan-20,Q1,11,6,Saturday,True
18-Jan-20,2020,1,January,01-Jan-20,Q1,18,6,Saturday,True
25-Jan-20,2020,1,January,01-Jan-20,Q1,25,6,Saturday,True
02-Jan-21,2021,1,January,01-Jan-21,Q1,2,6,Saturday,True
09-Jan-21,2021,1,January,01-Jan-21,Q1,9,6,Saturday,True
16-Jan-21,2021,1,January,01-Jan-21,Q1,16,6,Saturday,True
23-Jan-21,2021,1,January,01-Jan-21,Q1,23,6,Saturday,True
30-Jan-21,2021,1,January,01-Jan-21,Q1,30,6,Saturday,True
01-Jan-22,2022,1,January,01-Jan-22,Q1,1,6,Saturday,True
08-Jan-22,2022,1,January,01-Jan-22,Q1,8,6,Saturday,True
15-Jan-22,2022,1,January,01-Jan-22,Q1,15,6,Saturday,True
22-Jan-22,2022,1,January,01-Jan-22,Q1,22,6,Saturday,True
29-Jan-22,2022,1,January,01-Jan-22,Q1,29,6,Saturday,True
07-Jan-23,2023,1,January,01-Jan-23,Q1,7,6,Saturday,True
14-Jan-23,2023,1,January,01-Jan-23,Q1,14,6,Saturday,True
21-Jan-23,2023,1,January,01-Jan-23,Q1,21,6,Saturday,True
28-Jan-23,2023,1,January,01-Jan-23,Q1,28,6,Saturday,True
06-Jan-24,2024,1,January,01-Jan-24,Q1,6,6,Saturday,True
13-Jan-24,2024,1,January,01-Jan-24,Q1,13,6,Saturday,True
20-Jan-24,2024,1,January,01-Jan-24,Q1,20,6,Saturday,True
27-Jan-24,2024,1,January,01-Jan-24,Q1,27,6,Saturday,True
04-Jan-25,2025,1,January,01-Jan-25,Q1,4,6,Saturday,True
11-Jan-25,2025,1,January,01-Jan-25,Q1,11,6,Saturday,True
18-Jan-25,2025,1,January,01-Jan-25,Q1,18,6,Saturday,True
25-Jan-25,2025,1,January,01-Jan-25,Q1,25,6,Saturday,True
03-Jan-26,2026,1,January,01-Jan-26,Q1,3,6,Saturday,True
10-Jan-26,2026,1,January,01-Jan-26,Q1,10,6,Saturday,True
17-Jan-26,2026,1,January,01-Jan-26,Q1,17,6,Saturday,True
24-Jan-26,2026,1,January,01-Jan-26,Q1,24,6,Saturday,True
31-Jan-26,2026,1,January,01-Jan-26,Q1,31,6,Saturday,True
02-Jan-27,2027,1,January,01-Jan-27,Q1,2,6,Saturday,True
09-Jan-27,2027,1,January,01-Jan-27,Q1,9,6,Saturday,True
16-Jan-27,2027,1,January,01-Jan-27,Q1,16,6,Saturday,True
23-Jan-27,2027,1,January,01-Jan-27,Q1,23,6,Saturday,True
30-Jan-27,2027,1,January,01-Jan-27,Q1,30,6,Saturday,True
01-Jan-28,2028,1,January,01-Jan-28,Q1,1,6,Saturday,True
08-Jan-28,2028,1,January,01-Jan-28,Q1,8,6,Saturday,True
15-Jan-28,2028,1,January,01-Jan-28,Q1,15,6,Saturday,True
22-Jan-28,2028,1,January,01-Jan-28,Q1,22,6,Saturday,True
29-Jan-28,2028,1,January,01-Jan-28,Q1,29,6,Saturday,True
06-Mar-10,2010,3,March,01-Mar-10,Q1,6,6,Saturday,True
13-Mar-10,2010,3,March,01-Mar-10,Q1,13,6,Saturday,True
20-Mar-10,2010,3,March,01-Mar-10,Q1,20,6,Saturday,True
27-Mar-10,2010,3,March,01-Mar-10,Q1,27,6,Saturday,True
05-Mar-11,2011,3,March,01-Mar-11,Q1,5,6,Saturday,True
12-Mar-11,2011,3,March,01-Mar-11,Q1,12,6,Saturday,True
19-Mar-11,2011,3,March,01-Mar-11,Q1,19,6,Saturday,True
26-Mar-11,2011,3,March,01-Mar-11,Q1,26,6,Saturday,True
03-Mar-12,2012,3,March,01-Mar-12,Q1,3,6,Saturday,True
10-Mar-12,2012,3,March,01-Mar-12,Q1,10,6,Saturday,True
17-Mar-12,2012,3,March,01-Mar-12,Q1,17,6,Saturday,True
24-Mar-12,2012,3,March,01-Mar-12,Q1,24,6,Saturday,True
31-Mar-12,2012,3,March,01-Mar-12,Q1,31,6,Saturday,True
02-Mar-13,2013,3,March,01-Mar-13,Q1,2,6,Saturday,True
09-Mar-13,2013,3,March,01-Mar-13,Q1,9,6,Saturday,True
16-Mar-13,2013,3,March,01-Mar-13,Q1,16,6,Saturday,True
23-Mar-13,2013,3,March,01-Mar-13,Q1,23,6,Saturday,True
30-Mar-13,2013,3,March,01-Mar-13,Q1,30,6,Saturday,True
01-Mar-14,2014,3,March,01-Mar-14,Q1,1,6,Saturday,True
08-Mar-14,2014,3,March,01-Mar-14,Q1,8,6,Saturday,True
15-Mar-14,2014,3,March,01-Mar-14,Q1,15,6,Saturday,True
22-Mar-14,2014,3,March,01-Mar-14,Q1,22,6,Saturday,True
29-Mar-14,2014,3,March,01-Mar-14,Q1,29,6,Saturday,True
07-Mar-15,2015,3,March,01-Mar-15,Q1,7,6,Saturday,True
14-Mar-15,2015,3,March,01-Mar-15,Q1,14,6,Saturday,True
21-Mar-15,2015,3,March,01-Mar-15,Q1,21,6,Saturday,True
28-Mar-15,2015,3,March,01-Mar-15,Q1,28,6,Saturday,True
05-Mar-16,2016,3,March,01-Mar-16,Q1,5,6,Saturday,True
12-Mar-16,2016,3,March,01-Mar-16,Q1,12,6,Saturday,True
19-Mar-16,2016,3,March,01-Mar-16,Q1,19,6,Saturday,True
26-Mar-16,2016,3,March,01-Mar-16,Q1,26,6,Saturday,True
04-Mar-17,2017,3,March,01-Mar-17,Q1,4,6,Saturday,True
11-Mar-17,2017,3,March,01-Mar-17,Q1,11,6,Saturday,True
18-Mar-17,2017,3,March,01-Mar-17,Q1,18,6,Saturday,True
25-Mar-17,2017,3,March,01-Mar-17,Q1,25,6,Saturday,True
03-Mar-18,2018,3,March,01-Mar-18,Q1,3,6,Saturday,True
10-Mar-18,2018,3,March,01-Mar-18,Q1,10,6,Saturday,True
17-Mar-18,2018,3,March,01-Mar-18,Q1,17,6,Saturday,True
24-Mar-18,2018,3,March,01-Mar-18,Q1,24,6,Saturday,True
31-Mar-18,2018,3,March,01-Mar-18,Q1,31,6,Saturday,True
02-Mar-19,2019,3,March,01-Mar-19,Q1,2,6,Saturday,True
09-Mar-19,2019,3,March,01-Mar-19,Q1,9,6,Saturday,True
16-Mar-19,2019,3,March,01-Mar-19,Q1,16,6,Saturday,True
23-Mar-19,2019,3,March,01-Mar-19,Q1,23,6,Saturday,True
30-Mar-19,2019,3,March,01-Mar-19,Q1,30,6,Saturday,True
07-Mar-20,2020,3,March,01-Mar-20,Q1,7,6,Saturday,True
14-Mar-20,2020,3,March,01-Mar-20,Q1,14,6,Saturday,True
21-Mar-20,2020,3,March,01-Mar-20,Q1,21,6,Saturday,True
28-Mar-20,2020,3,March,01-Mar-20,Q1,28,6,Saturday,True
06-Mar-21,2021,3,March,01-Mar-21,Q1,6,6,Saturday,True
13-Mar-21,2021,3,March,01-Mar-21,Q1,13,6,Saturday,True
20-Mar-21,2021,3,March,01-Mar-21,Q1,20,6,Saturday,True
27-Mar-21,2021,3,March,01-Mar-21,Q1,27,6,Saturday,True
05-Mar-22,2022,3,March,01-Mar-22,Q1,5,6,Saturday,True
12-Mar-22,2022,3,March,01-Mar-22,Q1,12,6,Saturday,True
19-Mar-22,2022,3,March,01-Mar-22,Q1,19,6,Saturday,True
26-Mar-22,2022,3,March,01-Mar-22,Q1,26,6,Saturday,True
04-Mar-23,2023,3,March,01-Mar-23,Q1,4,6,Saturday,True
11-Mar-23,2023,3,March,01-Mar-23,Q1,11,6,Saturday,True
18-Mar-23,2023,3,March,01-Mar-23,Q1,18,6,Saturday,True
25-Mar-23,2023,3,March,01-Mar-23,Q1,25,6,Saturday,True
02-Mar-24,2024,3,March,01-Mar-24,Q1,2,6,Saturday,True
09-Mar-24,2024,3,March,01-Mar-24,Q1,9,6,Saturday,True
16-Mar-24,2024,3,March,01-Mar-24,Q1,16,6,Saturday,True
23-Mar-24,2024,3,March,01-Mar-24,Q1,23,6,Saturday,True
30-Mar-24,2024,3,March,01-Mar-24,Q1,30,6,Saturday,True
01-Mar-25,2025,3,March,01-Mar-25,Q1,1,6,Saturday,True
08-Mar-25,2025,3,March,01-Mar-25,Q1,8,6,Saturday,True
15-Mar-25,2025,3,March,01-Mar-25,Q1,15,6,Saturday,True
22-Mar-25,2025,3,March,01-Mar-25,Q1,22,6,Saturday,True
29-Mar-25,2025,3,March,01-Mar-25,Q1,29,6,Saturday,True
07-Mar-26,2026,3,March,01-Mar-26,Q1,7,6,Saturday,True
14-Mar-26,2026,3,March,01-Mar-26,Q1,14,6,Saturday,True
21-Mar-26,2026,3,March,01-Mar-26,Q1,21,6,Saturday,True
28-Mar-26,2026,3,March,01-Mar-26,Q1,28,6,Saturday,True
06-Mar-27,2027,3,March,01-Mar-27,Q1,6,6,Saturday,True
13-Mar-27,2027,3,March,01-Mar-27,Q1,13,6,Saturday,True
20-Mar-27,2027,3,March,01-Mar-27,Q1,20,6,Saturday,True
27-Mar-27,2027,3,March,01-Mar-27,Q1,27,6,Saturday,True
04-Mar-28,2028,3,March,01-Mar-28,Q1,4,6,Saturday,True
11-Mar-28,2028,3,March,01-Mar-28,Q1,11,6,Saturday,True
18-Mar-28,2028,3,March,01-Mar-28,Q1,18,6,Saturday,True
25-Mar-28,2028,3,March,01-Mar-28,Q1,25,6,Saturday,True
06-Feb-10,2010,2,February,01-Feb-10,Q1,6,6,Saturday,True
13-Feb-10,2010,2,February,01-Feb-10,Q1,13,6,Saturday,True
20-Feb-10,2010,2,February,01-Feb-10,Q1,20,6,Saturday,True
27-Feb-10,2010,2,February,01-Feb-10,Q1,27,6,Saturday,True
05-Feb-11,2011,2,February,01-Feb-11,Q1,5,6,Saturday,True
12-Feb-11,2011,2,February,01-Feb-11,Q1,12,6,Saturday,True
19-Feb-11,2011,2,February,01-Feb-11,Q1,19,6,Saturday,True
26-Feb-11,2011,2,February,01-Feb-11,Q1,26,6,Saturday,True
04-Feb-12,2012,2,February,01-Feb-12,Q1,4,6,Saturday,True
11-Feb-12,2012,2,February,01-Feb-12,Q1,11,6,Saturday,True
18-Feb-12,2012,2,February,01-Feb-12,Q1,18,6,Saturday,True
25-Feb-12,2012,2,February,01-Feb-12,Q1,25,6,Saturday,True
02-Feb-13,2013,2,February,01-Feb-13,Q1,2,6,Saturday,True
09-Feb-13,2013,2,February,01-Feb-13,Q1,9,6,Saturday,True
16-Feb-13,2013,2,February,01-Feb-13,Q1,16,6,Saturday,True
23-Feb-13,2013,2,February,01-Feb-13,Q1,23,6,Saturday,True
01-Feb-14,2014,2,February,01-Feb-14,Q1,1,6,Saturday,True
08-Feb-14,2014,2,February,01-Feb-14,Q1,8,6,Saturday,True
15-Feb-14,2014,2,February,01-Feb-14,Q1,15,6,Saturday,True
22-Feb-14,2014,2,February,01-Feb-14,Q1,22,6,Saturday,True
07-Feb-15,2015,2,February,01-Feb-15,Q1,7,6,Saturday,True
14-Feb-15,2015,2,February,01-Feb-15,Q1,14,6,Saturday,True
21-Feb-15,2015,2,February,01-Feb-15,Q1,21,6,Saturday,True
28-Feb-15,2015,2,February,01-Feb-15,Q1,28,6,Saturday,True
06-Feb-16,2016,2,February,01-Feb-16,Q1,6,6,Saturday,True
13-Feb-16,2016,2,February,01-Feb-16,Q1,13,6,Saturday,True
20-Feb-16,2016,2,February,01-Feb-16,Q1,20,6,Saturday,True
27-Feb-16,2016,2,February,01-Feb-16,Q1,27,6,Saturday,True
04-Feb-17,2017,2,February,01-Feb-17,Q1,4,6,Saturday,True
11-Feb-17,2017,2,February,01-Feb-17,Q1,11,6,Saturday,True
18-Feb-17,2017,2,February,01-Feb-17,Q1,18,6,Saturday,True
25-Feb-17,2017,2,February,01-Feb-17,Q1,25,6,Saturday,True
03-Feb-18,2018,2,February,01-Feb-18,Q1,3,6,Saturday,True
10-Feb-18,2018,2,February,01-Feb-18,Q1,10,6,Saturday,True
17-Feb-18,2018,2,February,01-Feb-18,Q1,17,6,Saturday,True
24-Feb-18,2018,2,February,01-Feb-18,Q1,24,6,Saturday,True
02-Feb-19,2019,2,February,01-Feb-19,Q1,2,6,Saturday,True
09-Feb-19,2019,2,February,01-Feb-19,Q1,9,6,Saturday,True
16-Feb-19,2019,2,February,01-Feb-19,Q1,16,6,Saturday,True
23-Feb-19,2019,2,February,01-Feb-19,Q1,23,6,Saturday,True
01-Feb-20,2020,2,February,01-Feb-20,Q1,1,6,Saturday,True
08-Feb-20,2020,2,February,01-Feb-20,Q1,8,6,Saturday,True
15-Feb-20,2020,2,February,01-Feb-20,Q1,15,6,Saturday,True
22-Feb-20,2020,2,February,01-Feb-20,Q1,22,6,Saturday,True
29-Feb-20,2020,2,February,01-Feb-20,Q1,29,6,Saturday,True
06-Feb-21,2021,2,February,01-Feb-21,Q1,6,6,Saturday,True
13-Feb-21,2021,2,February,01-Feb-21,Q1,13,6,Saturday,True
20-Feb-21,2021,2,February,01-Feb-21,Q1,20,6,Saturday,True
27-Feb-21,2021,2,February,01-Feb-21,Q1,27,6,Saturday,True
05-Feb-22,2022,2,February,01-Feb-22,Q1,5,6,Saturday,True
12-Feb-22,2022,2,February,01-Feb-22,Q1,12,6,Saturday,True
19-Feb-22,2022,2,February,01-Feb-22,Q1,19,6,Saturday,True
26-Feb-22,2022,2,February,01-Feb-22,Q1,26,6,Saturday,True
04-Feb-23,2023,2,February,01-Feb-23,Q1,4,6,Saturday,True
11-Feb-23,2023,2,February,01-Feb-23,Q1,11,6,Saturday,True
18-Feb-23,2023,2,February,01-Feb-23,Q1,18,6,Saturday,True
25-Feb-23,2023,2,February,01-Feb-23,Q1,25,6,Saturday,True
03-Feb-24,2024,2,February,01-Feb-24,Q1,3,6,Saturday,True
10-Feb-24,2024,2,February,01-Feb-24,Q1,10,6,Saturday,True
17-Feb-24,2024,2,February,01-Feb-24,Q1,17,6,Saturday,True
24-Feb-24,2024,2,February,01-Feb-24,Q1,24,6,Saturday,True
01-Feb-25,2025,2,February,01-Feb-25,Q1,1,6,Saturday,True
08-Feb-25,2025,2,February,01-Feb-25,Q1,8,6,Saturday,True
15-Feb-25,2025,2,February,01-Feb-25,Q1,15,6,Saturday,True
22-Feb-25,2025,2,February,01-Feb-25,Q1,22,6,Saturday,True
07-Feb-26,2026,2,February,01-Feb-26,Q1,7,6,Saturday,True
14-Feb-26,2026,2,February,01-Feb-26,Q1,14,6,Saturday,True
21-Feb-26,2026,2,February,01-Feb-26,Q1,21,6,Saturday,True
28-Feb-26,2026,2,February,01-Feb-26,Q1,28,6,Saturday,True
06-Feb-27,2027,2,February,01-Feb-27,Q1,6,6,Saturday,True
13-Feb-27,2027,2,February,01-Feb-27,Q1,13,6,Saturday,True
20-Feb-27,2027,2,February,01-Feb-27,Q1,20,6,Saturday,True
27-Feb-27,2027,2,February,01-Feb-27,Q1,27,6,Saturday,True
05-Feb-28,2028,2,February,01-Feb-28,Q1,5,6,Saturday,True
12-Feb-28,2028,2,February,01-Feb-28,Q1,12,6,Saturday,True
19-Feb-28,2028,2,February,01-Feb-28,Q1,19,6,Saturday,True
26-Feb-28,2028,2,February,01-Feb-28,Q1,26,6,Saturday,True
